ID,Name,Rank,Rarity_Score,Attributes-Scores,Centered-Scores,Color Palette-Scores,Extra Rotation-Scores,Outlined-Scores,Padding-Scores,Petals-Scores,Segments-Scores,Shape Type-Scores,Shrink-Scores,Use Palette Background-Scores
545,Hash Three Points #545,1,1093.875446118076,1,1,15,1024,1,13,16,3,1,14,1
956,Hash Three Points #956,2,1091.2015504510746,1,16,7,1024,1,1,16,3,1,15,1
2,Hash Three Points #2,3,430.58065520604754,1,16,16,341,1,15,14,3,1,17,1
504,Hash Three Points #504,4,414.5230674113608,1,16,14,341,3,1,14,2,1,17,2
147,Hash Three Points #147,5,402.1133926162963,1,1,15,341,3,1,16,2,1,15,1
990,Hash Three Points #990,6,332.5483382450601,1,1,18,256,3,13,16,3,1,15,1
248,Hash Three Points #248,7,312.4771749901291,1,1,17,256,1,1,14,2,1,14,1
234,Hash Three Points #234,8,311.02757191586534,1,1,14,256,3,1,14,2,1,13,2
100,Hash Three Points #100,9,305.47960067231645,1,1,7,256,1,1,14,3,1,15,1
245,Hash Three Points #245,10,211.46635698706106,1,1,17,146,3,1,16,3,1,16,1
560,Hash Three Points #560,11,210.02247101150692,1,1,16,146,1,1,16,3,1,17,1
670,Hash Three Points #670,12,208.4118503724781,1,1,7,146,1,13,16,2,1,15,1
955,Hash Three Points #955,13,202.3829695855386,1,1,14,146,1,1,14,3,1,15,2
1014,Hash Three Points #1014,14,200.88861133508382,1,1,14,146,1,1,14,3,1,13,2
109,Hash Three Points #109,15,197.8589087790212,1,1,7,146,1,1,16,3,1,15,1
924,Hash Three Points #924,16,195.42510060914347,1,1,7,146,1,1,14,2,1,16,1
959,Hash Three Points #959,17,191.71467765211153,1,1,16,113,1,14,16,3,5,16,2
197,Hash Three Points #197,18,190.67865989995906,1,1,15,113,1,17,16,2,5,15,2
289,Hash Three Points #289,19,184.48503899430233,1,1,14,113,1,15,14,3,1,15,1
111,Hash Three Points #111,20,178.54517261913094,1,1,17,113,3,1,16,3,1,16,2
657,Hash Three Points #657,21,177.6126436380635,1,1,17,113,1,1,14,3,1,18,2
505,Hash Three Points #505,22,175.99194698083863,1,1,17,113,1,1,16,2,1,17,2
81,Hash Three Points #81,23,173.95837223467933,1,1,14,113,1,1,14,3,1,18,1
615,Hash Three Points #615,24,169.2161832362957,1,1,7,113,1,1,14,3,1,20,2
151,Hash Three Points #151,25,164.88646277085041,1,1,15,85,3,14,16,3,5,17,2
644,Hash Three Points #644,26,162.23254447148832,1,16,17,85,1,1,17,3,1,15,2
852,Hash Three Points #852,27,162.06085903410926,1,1,16,85,1,22,14,3,1,13,2
361,Hash Three Points #361,28,161.8764967356141,1,1,16,85,1,17,16,3,1,15,2
33,Hash Three Points #33,29,160.25449814520897,1,1,7,113,1,1,14,2,1,13,2
161,Hash Three Points #161,30,160.19437370553158,1,1,16,78,1,22,14,3,1,17,2
651,Hash Three Points #651,31,155.76859753396513,1,1,15,78,3,22,14,2,1,14,1
342,Hash Three Points #342,32,155.61511761472383,1,1,15,85,1,17,14,2,1,13,2
795,Hash Three Points #795,33,155.49455007674453,1,1,15,78,1,22,14,2,1,15,2
866,Hash Three Points #866,34,155.44756934324568,1,1,17,78,1,15,16,3,1,16,1
785,Hash Three Points #785,35,154.17837098619455,1,1,15,78,1,17,16,2,5,13,2
772,Hash Three Points #772,36,154.09562676277667,1,1,16,78,1,15,14,3,5,14,2
246,Hash Three Points #246,37,152.46252546441747,1,1,15,78,3,15,16,2,1,15,1
967,Hash Three Points #967,38,151.5742638636819,1,1,16,85,1,1,16,3,1,20,1
802,Hash Three Points #802,39,149.68832535685297,1,1,16,85,1,1,16,2,1,20,2
104,Hash Three Points #104,40,149.36151880862556,1,1,18,85,3,1,16,3,1,14,1
811,Hash Three Points #811,41,146.70102741908167,1,1,17,85,1,1,16,3,1,14,2
825,Hash Three Points #825,42,145.90887033261464,1,1,16,85,1,1,16,3,1,15,2
312,Hash Three Points #312,43,145.10259086260723,1,1,15,85,1,1,16,2,1,17,1
952,Hash Three Points #952,44,144.40009676102875,1,1,7,85,1,13,14,2,1,15,1
903,Hash Three Points #903,45,143.41874743455205,1,1,17,53,3,14,20,3,5,20,2
65,Hash Three Points #65,46,141.97949131378238,1,1,17,78,1,1,14,3,1,18,1
36,Hash Three Points #36,47,141.4357621119075,1,1,18,78,1,1,16,2,1,16,1
39,Hash Three Points #39,48,138.68349979664055,1,1,7,78,3,13,14,2,1,13,2
559,Hash Three Points #559,49,138.50135188416522,1,1,16,78,3,1,16,2,1,14,2
357,Hash Three Points #357,50,137.79196025133768,1,1,14,78,3,1,16,3,1,13,2
548,Hash Three Points #548,51,137.43040910060913,1,1,15,53,1,17,20,3,5,16,1
797,Hash Three Points #797,52,136.49066652359932,1,1,15,53,1,22,16,3,1,17,2
25,Hash Three Points #25,53,136.21974767838384,1,1,16,78,1,1,14,3,1,14,2
6,Hash Three Points #6,54,134.55236445913033,1,1,18,53,1,22,14,2,1,16,1
66,Hash Three Points #66,55,134.4683881117253,1,1,17,53,1,22,16,2,1,15,2
365,Hash Three Points #365,56,133.8469846599334,1,1,17,53,1,22,17,2,1,14,1
515,Hash Three Points #515,57,132.9594583195455,1,1,16,53,1,14,20,2,5,16,2
686,Hash Three Points #686,58,132.65118510893856,1,1,17,53,3,15,17,2,5,13,1
963,Hash Three Points #963,59,131.45604511638373,1,1,17,53,3,15,14,3,5,13,2
202,Hash Three Points #202,60,131.33255405058753,1,1,15,53,1,22,17,2,1,13,1
920,Hash Three Points #920,61,131.16957385636795,1,1,17,48,3,22,16,2,1,15,1
830,Hash Three Points #830,62,131.07922353392544,1,1,14,53,1,17,14,2,5,18,2
854,Hash Three Points #854,63,129.76562232099164,1,16,15,33,1,17,16,3,5,18,1
972,Hash Three Points #972,64,129.49432777860167,1,1,18,53,1,15,17,2,1,15,1
693,Hash Three Points #693,65,128.81255748753335,1,1,15,48,1,17,17,2,5,17,1
191,Hash Three Points #191,66,128.0322508141871,1,1,16,48,3,14,14,3,5,17,1
838,Hash Three Points #838,67,128.02367135307196,1,1,14,46,3,22,14,3,1,17,1
1007,Hash Three Points #1007,68,127.68964522389695,1,1,17,46,1,22,16,2,1,16,1
588,Hash Three Points #588,69,127.65613817412061,1,1,16,46,3,17,16,2,5,16,2
326,Hash Three Points #326,70,127.6382882455,1,1,15,48,1,17,17,3,1,17,2
423,Hash Three Points #423,71,127.5850527246953,1,1,14,53,1,22,14,2,1,14,1
842,Hash Three Points #842,72,127.36928245500684,1,1,15,48,1,17,17,2,5,16,2
596,Hash Three Points #596,73,127.3246821793841,1,1,16,53,3,14,14,2,5,14,2
186,Hash Three Points #186,74,127.1385198281509,1,1,16,53,1,13,16,3,1,16,1
742,Hash Three Points #742,75,126.90376371569688,1,16,15,39,1,14,13,2,5,16,1
869,Hash Three Points #869,76,126.85181004882502,1,1,7,53,1,22,16,3,1,16,1
759,Hash Three Points #759,77,126.48281749693044,1,1,17,46,1,22,14,2,1,16,2
700,Hash Three Points #700,78,126.41345777580962,1,1,15,53,1,17,16,2,1,14,1
279,Hash Three Points #279,79,125.85436899683678,1,1,15,48,1,22,16,2,1,14,2
131,Hash Three Points #131,80,125.48945928744466,1,1,17,53,1,15,16,2,1,13,1
694,Hash Three Points #694,81,125.29381340108912,1,16,17,46,3,1,16,3,1,15,2
329,Hash Three Points #329,82,125.23025426376283,1,1,15,53,1,15,16,3,1,13,2
453,Hash Three Points #453,83,125.14655464567208,1,1,17,46,1,17,14,2,5,17,1
395,Hash Three Points #395,84,125.13612851729894,1,1,7,53,3,14,16,3,5,16,1
873,Hash Three Points #873,85,125.03047180086368,1,1,7,53,3,15,16,3,5,15,1
601,Hash Three Points #601,86,124.81555890058856,1,1,17,53,1,1,20,3,1,20,2
18,Hash Three Points #18,87,124.6121349107102,1,1,16,48,3,15,16,2,1,16,1
636,Hash Three Points #636,88,123.8507087985315,1,1,15,48,1,13,20,2,1,17,2
840,Hash Three Points #840,89,123.56968296833338,1,1,16,48,1,14,16,2,5,15,1
738,Hash Three Points #738,90,123.09124421167397,1,1,15,48,3,14,16,2,5,13,2
853,Hash Three Points #853,91,123.0873203474967,1,1,17,42,1,14,20,2,5,16,2
308,Hash Three Points #308,92,122.97391485322943,1,1,17,33,1,22,20,3,1,18,2
805,Hash Three Points #805,93,122.16600186118733,1,16,14,33,1,17,16,2,5,14,1
442,Hash Three Points #442,94,121.95595350518539,1,1,15,48,1,14,17,2,5,13,1
397,Hash Three Points #397,95,121.4892025673761,1,1,17,53,1,1,20,3,1,17,2
1005,Hash Three Points #1005,96,121.45331977046087,1,16,18,22,3,15,16,3,5,16,1
226,Hash Three Points #226,97,121.3190672753799,1,1,15,42,3,17,16,2,5,15,2
427,Hash Three Points #427,98,121.16373163690936,1,16,17,22,3,22,16,2,1,16,2
927,Hash Three Points #927,99,120.9970662518908,1,1,16,42,3,17,16,2,5,13,2
338,Hash Three Points #338,100,120.92339232862136,1,1,7,53,1,17,16,2,5,13,2
546,Hash Three Points #546,101,120.91266293466546,1,1,16,42,1,15,14,3,5,17,1
858,Hash Three Points #858,102,120.63248924843722,1,1,17,42,1,17,17,2,1,16,2
264,Hash Three Points #264,103,120.20827667616068,1,1,15,48,1,13,14,3,1,17,1
367,Hash Three Points #367,104,120.14446321244999,1,1,17,53,1,1,20,3,1,16,2
242,Hash Three Points #242,105,120.14041889520999,1,1,17,42,1,14,14,2,5,18,2
887,Hash Three Points #887,106,120.02375672141615,1,1,15,39,1,22,20,2,1,14,1
110,Hash Three Points #110,107,119.38742282580178,1,1,7,48,1,22,14,3,1,15,1
52,Hash Three Points #52,108,119.27007869041363,1,16,15,33,1,13,16,2,1,17,1
429,Hash Three Points #429,109,119.21023047913374,1,1,7,48,1,14,20,3,5,14,1
98,Hash Three Points #98,110,119.16413423859103,1,1,15,46,1,15,14,2,5,14,2
426,Hash Three Points #426,111,118.91309961328454,1,1,16,53,3,1,16,3,1,17,2
355,Hash Three Points #355,112,118.90251109376683,1,1,18,53,3,1,16,2,1,17,1
299,Hash Three Points #299,113,118.81607203974755,1,1,18,53,1,1,14,3,1,18,1
666,Hash Three Points #666,114,118.80544396924874,1,16,15,22,1,22,16,3,1,16,2
89,Hash Three Points #89,115,118.32488117549813,1,1,14,48,1,15,17,2,1,13,1
993,Hash Three Points #993,116,118.15657477080484,1,16,16,39,3,1,13,3,1,18,1
681,Hash Three Points #681,117,118.09358901310787,1,1,16,46,1,13,16,3,1,15,2
597,Hash Three Points #597,118,117.96700379334256,1,16,14,22,1,22,16,2,1,18,2
354,Hash Three Points #354,119,117.90170807499707,1,16,14,39,3,1,13,3,1,20,1
746,Hash Three Points #746,120,117.84166118547883,1,1,17,33,1,22,16,3,1,17,2
243,Hash Three Points #243,121,117.68383957838766,1,1,17,53,1,1,20,2,1,15,2
723,Hash Three Points #723,122,117.64881086603975,1,1,15,31,3,15,20,3,5,18,1
1006,Hash Three Points #1006,123,117.47020534022946,1,1,15,42,1,15,17,2,5,13,2
468,Hash Three Points #468,124,117.16371590974884,1,1,17,42,3,13,16,2,1,16,1
654,Hash Three Points #654,125,117.0956992566278,1,1,16,39,1,15,14,3,5,16,2
343,Hash Three Points #343,126,117.00114991253972,1,1,14,53,1,1,20,3,1,16,2
482,Hash Three Points #482,127,116.91407202224241,1,1,16,53,1,1,20,2,1,16,2
95,Hash Three Points #95,128,116.63939435316922,1,1,17,42,3,13,16,2,1,16,1
266,Hash Three Points #266,129,116.46403076260606,1,1,16,42,1,15,16,2,1,16,1
832,Hash Three Points #832,130,116.25438740440521,1,1,14,39,1,17,17,3,5,14,1
747,Hash Three Points #747,131,116.12892350686259,1,1,17,31,3,22,16,3,1,16,1
901,Hash Three Points #901,132,116.09759905885798,1,1,15,53,1,1,16,3,1,17,1
828,Hash Three Points #828,133,116.02459343468198,1,1,16,53,1,1,16,3,1,16,1
374,Hash Three Points #374,134,115.94121507809074,1,1,17,46,3,1,16,3,1,20,1
949,Hash Three Points #949,135,115.91884248461619,1,1,16,39,1,15,16,2,5,15,1
167,Hash Three Points #167,136,115.84495373482926,1,1,14,53,3,1,14,3,1,18,2
566,Hash Three Points #566,137,115.78151370130769,1,16,17,17,1,22,17,3,1,16,1
567,Hash Three Points #567,138,115.60695523063075,1,1,18,53,1,1,14,3,1,15,1
105,Hash Three Points #105,139,115.549166857175,1,1,14,48,3,1,20,3,1,17,1
138,Hash Three Points #138,140,115.46347364478416,1,1,7,42,1,15,17,3,5,17,2
259,Hash Three Points #259,141,115.37349573955095,1,1,17,30,3,22,17,3,1,16,1
356,Hash Three Points #356,142,115.24557003593563,1,1,15,53,1,1,16,3,1,17,2
51,Hash Three Points #51,143,115.17170629030738,1,1,18,39,1,14,16,2,5,13,2
267,Hash Three Points #267,144,114.96411181304242,1,1,15,42,1,15,16,3,1,13,2
757,Hash Three Points #757,145,114.88523286430421,1,1,17,42,1,15,14,3,1,14,1
645,Hash Three Points #645,146,114.80105405869266,1,1,17,33,1,22,16,2,1,16,2
146,Hash Three Points #146,147,114.7429268555118,1,16,15,22,3,17,13,3,5,14,1
897,Hash Three Points #897,148,114.6244476873751,1,16,17,22,3,17,14,2,5,13,1
730,Hash Three Points #730,149,114.59799682337736,1,1,16,31,3,22,16,2,1,17,2
679,Hash Three Points #679,150,114.52778058278247,1,1,15,33,3,15,16,3,5,17,1
821,Hash Three Points #821,151,114.28179125457955,1,1,15,53,1,1,14,3,1,17,2
281,Hash Three Points #281,152,114.14869371029218,1,1,15,53,1,1,16,3,1,15,1
455,Hash Three Points #455,153,114.04807436625953,1,1,15,48,1,1,16,3,1,20,2
611,Hash Three Points #611,154,114.04583825213466,1,1,14,31,3,22,16,3,1,17,2
614,Hash Three Points #614,155,113.92241881434468,1,1,7,53,1,13,14,3,1,14,1
322,Hash Three Points #322,156,113.80949752617892,1,1,15,53,3,1,16,3,1,13,2
524,Hash Three Points #524,157,113.78331337442836,1,1,17,53,1,1,16,2,1,15,2
810,Hash Three Points #810,158,113.71667243500644,1,1,18,48,1,1,14,2,1,20,1
366,Hash Three Points #366,159,113.67944861295051,1,1,7,53,3,1,20,3,1,17,1
889,Hash Three Points #889,160,113.5678493689511,1,1,16,42,3,13,16,2,1,13,2
485,Hash Three Points #485,161,113.47867097510007,1,1,17,31,1,17,17,2,5,17,2
556,Hash Three Points #556,162,113.28493593090715,1,1,17,53,1,1,16,2,1,14,2
646,Hash Three Points #646,163,113.17722267595967,1,1,17,39,3,15,14,3,1,13,1
1015,Hash Three Points #1015,164,112.99898462774078,1,1,15,30,1,22,20,2,1,16,2
607,Hash Three Points #607,165,112.73269560606442,1,1,18,26,3,22,16,3,1,15,1
76,Hash Three Points #76,166,112.67762538914387,1,1,7,39,1,17,20,2,1,18,1
447,Hash Three Points #447,167,112.67316582222543,1,1,18,27,1,17,17,3,5,16,1
334,Hash Three Points #334,168,112.63535177150368,1,1,15,53,1,1,16,2,1,16,2
731,Hash Three Points #731,169,112.61430784629736,1,1,14,31,1,22,16,3,1,17,1
331,Hash Three Points #331,170,112.4839257778559,1,1,17,53,1,1,14,3,1,14,2
257,Hash Three Points #257,171,112.46164683067545,1,1,15,53,3,1,16,2,1,14,2
440,Hash Three Points #440,172,112.33338100649098,1,1,17,26,1,17,16,3,5,20,2
839,Hash Three Points #839,173,112.33285254817554,1,1,17,42,1,13,16,2,1,14,1
748,Hash Three Points #748,174,112.31243538899378,1,1,15,30,3,17,14,3,5,18,2
291,Hash Three Points #291,175,112.31162675809927,1,1,15,53,3,1,14,3,1,13,2
674,Hash Three Points #674,176,112.27187218232817,1,1,15,53,1,1,16,3,1,13,1
48,Hash Three Points #48,177,112.24476631431284,1,1,18,24,3,17,20,3,1,17,1
926,Hash Three Points #926,178,112.11960443295936,1,1,15,53,1,1,16,2,1,15,1
68,Hash Three Points #68,179,112.08103439963551,1,16,15,22,3,14,13,2,5,16,2
41,Hash Three Points #41,180,112.0028774282698,1,16,17,22,1,15,14,3,1,16,1
317,Hash Three Points #317,181,112.0024599944205,1,1,16,39,1,15,16,2,1,15,2
616,Hash Three Points #616,182,111.92466666460476,1,16,7,22,1,17,20,3,5,15,2
549,Hash Three Points #549,183,111.66847082052682,1,16,14,22,1,17,16,3,1,15,2
303,Hash Three Points #303,184,111.58321541496906,1,1,15,30,3,22,17,3,1,13,2
523,Hash Three Points #523,185,111.55825797177081,1,1,15,30,1,22,17,3,1,15,1
706,Hash Three Points #706,186,111.52352376190272,1,16,7,22,1,22,14,3,1,18,1
394,Hash Three Points #394,187,111.52317868973569,1,1,17,30,3,22,13,2,1,16,2
827,Hash Three Points #827,188,111.47621821504076,1,1,14,53,3,1,16,2,1,14,2
410,Hash Three Points #410,189,111.42958247651191,1,1,14,53,1,1,17,2,1,15,2
758,Hash Three Points #758,190,111.42596847849896,1,1,17,33,1,14,16,3,5,16,2
621,Hash Three Points #621,191,111.4089150528024,1,16,15,39,1,1,13,2,1,17,1
712,Hash Three Points #712,192,111.31671433449395,1,1,16,30,3,15,16,2,5,17,2
582,Hash Three Points #582,193,111.10222424974347,1,1,16,48,1,1,20,2,1,15,2
250,Hash Three Points #250,194,110.99680786496843,1,16,16,22,1,13,13,2,1,20,1
359,Hash Three Points #359,195,110.96901642768746,1,16,15,22,3,13,17,2,1,16,2
220,Hash Three Points #220,196,110.96271407309911,1,1,17,31,1,17,17,2,5,15,1
495,Hash Three Points #495,197,110.89598389856745,1,1,18,24,3,22,16,2,1,17,1
764,Hash Three Points #764,198,110.87436195340123,1,1,15,53,1,1,16,2,1,14,2
750,Hash Three Points #750,199,110.80058530223587,1,1,16,30,3,15,16,2,5,17,2
91,Hash Three Points #91,200,110.64660203591221,1,1,17,31,1,15,20,2,1,17,2
910,Hash Three Points #910,201,110.59987851026354,1,16,18,17,1,15,17,2,5,13,1
409,Hash Three Points #409,202,110.39443777442591,1,1,15,53,3,1,14,2,1,13,1
793,Hash Three Points #793,203,110.37020638409689,1,1,18,42,3,1,16,3,1,17,1
62,Hash Three Points #62,204,110.25954788316298,1,1,17,26,3,17,16,3,5,16,1
69,Hash Three Points #69,205,110.19645431668724,1,1,17,30,3,15,16,2,5,16,1
918,Hash Three Points #918,206,110.17893257377281,1,1,18,24,1,22,17,3,1,16,1
229,Hash Three Points #229,207,109.98633403526465,1,16,15,22,1,15,16,3,1,13,2
391,Hash Three Points #391,208,109.8869780582269,1,1,17,31,3,14,17,3,5,13,1
287,Hash Three Points #287,209,109.88023706087668,1,1,17,24,3,17,17,2,5,18,2
219,Hash Three Points #219,210,109.83145461051103,1,1,16,31,3,17,16,2,5,14,1
928,Hash Three Points #928,211,109.81040025182759,1,1,14,39,1,17,14,2,1,15,1
494,Hash Three Points #494,212,109.73685526659544,1,1,16,27,3,22,14,3,1,16,1
541,Hash Three Points #541,213,109.61551636241171,1,1,18,46,3,1,14,3,1,15,1
890,Hash Three Points #890,214,109.61421033135142,1,1,18,24,1,15,17,3,5,18,1
552,Hash Three Points #552,215,109.52662063400541,1,1,14,53,1,1,16,2,1,14,1
509,Hash Three Points #509,216,109.51901027455568,1,1,7,39,3,13,20,3,1,16,1
978,Hash Three Points #978,217,109.30057647243305,1,1,17,26,3,15,16,3,5,16,2
976,Hash Three Points #976,218,109.27105864325478,1,1,16,27,3,15,16,3,5,16,2
252,Hash Three Points #252,219,109.22635240977715,1,1,7,46,1,15,16,2,1,13,2
491,Hash Three Points #491,220,109.18287236534616,1,1,15,48,1,1,16,2,1,17,2
710,Hash Three Points #710,221,109.1342775692207,1,1,7,53,1,1,20,3,1,15,1
983,Hash Three Points #983,222,108.94914437267377,1,1,16,26,1,15,20,3,5,16,2
323,Hash Three Points #323,223,108.93593283156434,1,1,16,24,3,15,20,2,5,17,2
763,Hash Three Points #763,224,108.93372199664938,1,1,14,31,3,15,14,2,5,18,1
137,Hash Three Points #137,225,108.92173768745927,1,1,16,27,1,22,17,3,1,15,2
815,Hash Three Points #815,226,108.84853545467561,1,1,15,24,3,17,13,3,5,20,2
46,Hash Three Points #46,227,108.7409746165011,1,1,16,31,1,22,14,2,1,15,1
623,Hash Three Points #623,228,108.74085874468065,1,1,17,24,1,17,17,3,5,17,2
163,Hash Three Points #163,229,108.72451444912164,1,1,15,46,3,1,16,2,1,17,1
168,Hash Three Points #168,230,108.6852591484412,1,1,15,26,1,22,16,3,1,16,1
503,Hash Three Points #503,231,108.6575575899559,1,1,17,26,1,22,17,3,1,15,1
634,Hash Three Points #634,232,108.6209351975704,1,1,15,31,1,22,17,2,1,14,1
950,Hash Three Points #950,233,108.59526796943494,1,16,7,22,1,15,16,3,5,16,1
502,Hash Three Points #502,234,108.3941405668582,1,1,17,24,1,14,20,3,5,17,1
228,Hash Three Points #228,235,108.38733255569934,1,1,17,27,1,14,17,3,5,17,2
794,Hash Three Points #794,236,108.35886401953371,1,16,16,30,1,1,17,3,1,16,1
225,Hash Three Points #225,237,108.04921337096297,1,1,17,46,1,1,16,3,1,15,1
99,Hash Three Points #99,238,107.83928120994626,1,1,17,24,3,22,16,2,1,17,1
732,Hash Three Points #732,239,107.77675583783476,1,1,14,33,1,17,14,3,1,17,2
45,Hash Three Points #45,240,107.77145377303776,1,1,15,24,1,15,16,3,5,20,2
829,Hash Three Points #829,241,107.75310498637512,1,1,16,27,1,15,17,3,5,16,1
784,Hash Three Points #784,242,107.70651939743391,1,1,18,26,1,17,17,3,5,13,1
127,Hash Three Points #127,243,107.6960274555381,1,1,14,24,1,22,17,2,1,20,2
35,Hash Three Points #35,244,107.58176819164373,1,1,16,31,1,14,16,2,5,16,2
847,Hash Three Points #847,245,107.56112300053938,1,16,7,22,3,13,20,3,1,16,1
360,Hash Three Points #360,246,107.49735918381371,1,1,17,24,1,22,17,2,1,17,1
155,Hash Three Points #155,247,107.45114938127156,1,1,16,24,3,17,16,2,1,20,2
182,Hash Three Points #182,248,107.37296533677011,1,1,15,26,1,22,16,3,1,16,2
581,Hash Three Points #581,249,107.34678087745115,1,1,16,24,1,22,17,3,1,15,2
535,Hash Three Points #535,250,107.2944257194785,1,1,15,31,3,15,14,3,1,17,1
239,Hash Three Points #239,251,107.18368299837498,1,1,17,26,1,22,13,3,1,16,1
779,Hash Three Points #779,252,107.16675524034649,1,1,17,31,3,13,16,3,1,16,1
118,Hash Three Points #118,253,107.10477402580675,1,1,16,31,1,15,17,2,1,17,2
97,Hash Three Points #97,254,107.08915640898704,1,1,7,42,1,15,14,2,5,14,1
382,Hash Three Points #382,255,107.06460276031223,1,1,15,24,3,22,17,2,1,15,2
297,Hash Three Points #297,256,107.05839049729121,1,1,15,26,1,17,16,3,5,17,1
438,Hash Three Points #438,257,106.98741907861336,1,1,17,30,1,17,14,3,5,14,1
631,Hash Three Points #631,258,106.96836944266141,1,1,14,46,3,1,16,3,1,15,1
945,Hash Three Points #945,259,106.91823232943491,1,1,16,30,1,22,13,3,1,14,2
529,Hash Three Points #529,260,106.88408867419574,1,1,15,30,3,15,16,3,1,16,2
762,Hash Three Points #762,261,106.7736117286787,1,16,14,30,1,1,17,3,1,17,1
157,Hash Three Points #157,262,106.74265928384109,1,1,16,31,1,17,14,3,1,16,1
770,Hash Three Points #770,263,106.73275774086666,1,1,7,39,1,14,17,3,5,14,2
460,Hash Three Points #460,264,106.61931683161167,1,1,16,24,1,22,16,3,1,16,2
87,Hash Three Points #87,265,106.58858140328572,1,1,16,33,3,15,14,2,1,16,1
54,Hash Three Points #54,266,106.58626311751819,1,1,17,19,3,15,16,3,5,20,2
862,Hash Three Points #862,267,106.55536748525444,1,1,16,24,3,15,16,3,5,16,1
512,Hash Three Points #512,268,106.50496361191796,1,1,18,26,1,15,13,3,5,16,1
527,Hash Three Points #527,269,106.37565539698217,1,1,17,46,1,1,16,3,1,13,2
701,Hash Three Points #701,270,106.37280889264167,1,1,14,46,1,1,16,3,1,16,1
307,Hash Three Points #307,271,106.34601337640034,1,1,15,48,1,1,16,3,1,13,1
1011,Hash Three Points #1011,272,106.30587221282656,1,1,17,26,1,17,16,3,5,14,1
145,Hash Three Points #145,273,106.26876499912409,1,1,16,46,1,1,16,3,1,14,1
627,Hash Three Points #627,274,106.18475683941432,1,1,17,26,1,17,17,2,5,15,1
796,Hash Three Points #796,275,106.07381650482954,1,16,7,22,1,13,16,3,1,20,1
489,Hash Three Points #489,276,106.04786868200236,1,1,15,24,3,22,17,3,1,13,2
773,Hash Three Points #773,277,106.01051802619278,1,1,17,24,1,17,17,3,5,15,1
247,Hash Three Points #247,278,105.95250643952983,1,1,17,30,3,14,14,3,5,13,2
241,Hash Three Points #241,279,105.87403444994106,1,1,16,30,1,14,16,2,5,16,2
200,Hash Three Points #200,280,105.80131594142784,1,1,15,30,3,14,17,2,5,14,2
939,Hash Three Points #939,281,105.79432943345373,1,1,17,26,1,15,16,2,5,16,2
315,Hash Three Points #315,282,105.75053378263756,1,1,15,31,1,13,16,3,1,18,1
893,Hash Three Points #893,283,105.71121861872578,1,1,18,26,1,22,16,2,1,13,1
643,Hash Three Points #643,284,105.64262639562415,1,1,14,33,3,14,14,3,5,13,2
177,Hash Three Points #177,285,105.55496898892338,1,1,16,24,1,15,17,2,5,17,1
341,Hash Three Points #341,286,105.52730118397606,1,16,15,33,1,1,16,3,1,13,1
625,Hash Three Points #625,287,105.52126152599482,1,1,16,26,1,14,16,3,5,17,2
891,Hash Three Points #891,288,105.44934536277452,1,1,14,26,3,22,16,3,1,14,2
579,Hash Three Points #579,289,105.38872344669723,1,1,16,26,1,15,16,2,1,20,1
27,Hash Three Points #27,290,105.37919496166874,1,1,17,42,3,1,16,2,1,15,2
511,Hash Three Points #511,291,105.35413121705861,1,1,14,26,3,17,16,2,5,17,1
942,Hash Three Points #942,292,105.3055788046677,1,1,15,24,3,14,17,2,5,18,2
848,Hash Three Points #848,293,105.22000989661721,1,1,16,26,1,22,14,2,1,16,1
820,Hash Three Points #820,294,105.21477851032716,1,1,17,30,1,13,17,3,1,16,2
1016,Hash Three Points #1016,295,105.07746135071305,1,1,18,24,1,17,17,3,1,15,1
112,Hash Three Points #112,296,105.07265207294591,1,1,15,30,1,17,13,3,1,17,2
207,Hash Three Points #207,297,105.05626992838691,1,1,15,27,1,14,17,3,5,16,1
290,Hash Three Points #290,298,105.05051127310828,1,1,17,33,1,15,14,3,1,14,1
385,Hash Three Points #385,299,105.01063978554663,1,1,16,26,1,17,16,3,1,17,2
262,Hash Three Points #262,300,104.98499214857878,1,1,17,24,1,17,16,3,5,15,2
836,Hash Three Points #836,301,104.98105501367473,1,1,14,46,3,1,14,2,1,17,1
745,Hash Three Points #745,302,104.96301629721034,1,1,15,27,1,14,14,3,5,18,1
477,Hash Three Points #477,303,104.95065878687413,1,1,16,24,1,15,17,3,5,15,2
557,Hash Three Points #557,304,104.90802079889363,1,1,17,24,1,17,17,2,5,15,1
584,Hash Three Points #584,305,104.87577397182301,1,1,15,24,1,22,16,2,1,17,2
514,Hash Three Points #514,306,104.82990900385886,1,1,16,24,1,22,17,2,1,15,2
293,Hash Three Points #293,307,104.82164334226171,1,1,16,39,1,1,20,3,1,16,2
348,Hash Three Points #348,308,104.73930945905599,1,1,17,30,1,17,16,2,1,14,1
577,Hash Three Points #577,309,104.7281247469091,1,1,17,21,3,22,16,3,1,13,2
165,Hash Three Points #165,310,104.70720613186677,1,1,17,24,1,17,16,3,5,15,1
835,Hash Three Points #835,311,104.65101541168252,1,1,16,24,1,22,17,2,1,15,2
5,Hash Three Points #5,312,104.6373020042644,1,1,16,30,1,14,16,3,5,13,2
587,Hash Three Points #587,313,104.62451545106532,1,1,7,53,3,1,16,2,1,14,1
1017,Hash Three Points #1017,314,104.57829206056931,1,1,15,46,1,1,14,3,1,15,1
1020,Hash Three Points #1020,315,104.4667053032602,1,1,15,24,3,17,13,3,5,16,2
629,Hash Three Points #629,316,104.43872633766871,1,1,16,42,3,1,16,2,1,16,2
749,Hash Three Points #749,317,104.39857811701613,1,1,17,31,3,13,14,3,1,15,2
662,Hash Three Points #662,318,104.37504469510134,1,1,14,24,1,22,16,3,1,15,2
82,Hash Three Points #82,319,104.32705935440839,1,1,17,22,3,15,17,3,1,17,2
953,Hash Three Points #953,320,104.31310045536311,1,1,16,31,1,15,13,3,1,16,1
244,Hash Three Points #244,321,104.23829197817724,1,1,15,24,3,22,14,2,1,16,1
673,Hash Three Points #673,322,104.22111825373798,1,1,15,46,1,1,14,2,1,17,1
799,Hash Three Points #799,323,104.18446834367302,1,1,18,24,1,15,13,2,5,17,1
641,Hash Three Points #641,324,104.18190008965006,1,1,15,33,1,17,13,2,1,15,2
719,Hash Three Points #719,325,104.06912080263643,1,1,17,24,3,15,17,2,5,15,1
309,Hash Three Points #309,326,104.044700039682,1,1,15,17,1,22,17,3,1,20,1
975,Hash Three Points #975,327,104.00468581627939,1,1,17,26,1,14,16,2,5,17,1
915,Hash Three Points #915,328,103.9935157692913,1,1,14,21,1,22,20,2,1,17,2
132,Hash Three Points #132,329,103.93289327262968,1,1,15,24,1,22,16,3,1,14,2
59,Hash Three Points #59,330,103.8975349851097,1,1,17,39,3,1,17,3,1,15,1
608,Hash Three Points #608,331,103.8782858110874,1,1,15,31,1,15,17,3,1,13,2
904,Hash Three Points #904,332,103.81212788571914,1,1,17,27,3,13,16,3,1,16,1
1022,Hash Three Points #1022,333,103.78785160121609,1,1,16,24,3,14,17,3,5,15,2
632,Hash Three Points #632,334,103.74655569444897,1,1,15,26,1,17,17,3,1,16,1
148,Hash Three Points #148,335,103.63732249460921,1,1,17,22,1,22,14,3,1,16,2
639,Hash Three Points #639,336,103.63296123245038,1,1,17,26,1,13,17,2,1,20,1
876,Hash Three Points #876,337,103.55877601907598,1,1,14,33,1,14,13,3,5,14,2
1004,Hash Three Points #1004,338,103.55523341816081,1,1,14,26,1,17,17,2,5,16,1
295,Hash Three Points #295,339,103.5309283542085,1,1,15,24,3,17,17,2,1,16,2
970,Hash Three Points #970,340,103.48279478950963,1,1,16,26,1,17,14,2,5,16,2
850,Hash Three Points #850,341,103.42954654467925,1,1,16,24,1,13,17,3,1,20,2
466,Hash Three Points #466,342,103.36329825040082,1,1,14,24,1,17,16,3,5,16,1
826,Hash Three Points #826,343,103.36155402402731,1,16,17,22,1,1,20,3,1,15,2
296,Hash Three Points #296,344,103.24500155660783,1,1,17,24,1,15,16,2,5,15,2
319,Hash Three Points #319,345,103.24104124234782,1,1,17,39,1,1,16,3,1,16,2
143,Hash Three Points #143,346,103.16259718020991,1,1,17,22,1,14,17,3,5,17,1
986,Hash Three Points #986,347,103.13931172242148,1,1,17,26,1,17,14,2,1,17,2
688,Hash Three Points #688,348,103.10549613466179,1,1,14,46,1,1,16,2,1,15,2
108,Hash Three Points #108,349,103.0961787510795,1,1,15,31,1,15,13,3,1,16,2
508,Hash Three Points #508,350,103.07407929259516,1,1,15,24,3,13,16,3,1,20,2
894,Hash Three Points #894,351,103.04710998438253,1,1,15,42,3,1,17,2,1,15,2
844,Hash Three Points #844,352,103.03756808922788,1,1,15,24,1,17,14,2,5,18,1
744,Hash Three Points #744,353,103.02837927881907,1,1,15,30,3,13,14,3,1,17,1
461,Hash Three Points #461,354,102.97895104838267,1,1,14,24,3,17,13,3,5,16,2
878,Hash Three Points #878,355,102.94637704789758,1,1,16,24,1,15,17,2,1,18,2
183,Hash Three Points #183,356,102.85450642202164,1,1,14,30,1,22,13,2,1,13,2
1021,Hash Three Points #1021,357,102.74637465618235,1,1,16,39,3,1,20,2,1,14,2
434,Hash Three Points #434,358,102.71786567528733,1,1,14,46,1,1,14,3,1,15,1
253,Hash Three Points #253,359,102.68017251991546,1,1,17,26,3,15,13,2,5,14,2
663,Hash Three Points #663,360,102.64178010074974,1,1,7,53,1,1,14,3,1,14,1
53,Hash Three Points #53,361,102.63037943376925,1,1,14,31,3,15,13,3,1,15,2
256,Hash Three Points #256,362,102.55355665495361,1,1,14,24,1,17,14,3,5,17,2
130,Hash Three Points #130,363,102.51351020550429,1,1,14,27,3,17,16,3,1,14,2
961,Hash Three Points #961,364,102.50373053014381,1,1,7,39,1,15,14,3,1,15,1
726,Hash Three Points #726,365,102.3844568304033,1,1,15,42,1,1,16,3,1,15,2
1012,Hash Three Points #1012,366,102.3776677604811,1,1,16,42,1,1,16,2,1,16,2
217,Hash Three Points #217,367,102.35124234459315,1,1,16,24,1,14,17,2,5,17,2
330,Hash Three Points #330,368,102.34797327006147,1,1,7,31,1,22,16,2,1,16,1
637,Hash Three Points #637,369,102.31364680308215,1,1,15,20,1,22,17,3,1,15,2
126,Hash Three Points #126,370,102.28483471055482,1,1,16,24,1,22,13,2,1,16,2
193,Hash Three Points #193,371,102.2710817010674,1,1,15,26,1,22,14,2,1,15,1
42,Hash Three Points #42,372,102.22880277436143,1,1,15,42,1,1,17,3,1,14,1
721,Hash Three Points #721,373,102.1741754455239,1,1,17,24,1,14,16,3,5,15,2
798,Hash Three Points #798,374,102.1264032388124,1,1,17,30,1,14,13,2,5,13,2
174,Hash Three Points #174,375,102.03016328067721,1,1,14,24,1,22,13,3,1,16,2
603,Hash Three Points #603,376,102.01166638115868,1,1,18,17,3,17,14,3,1,20,1
462,Hash Three Points #462,377,101.96651011406382,1,1,15,26,1,17,17,3,1,13,1
822,Hash Three Points #822,378,101.96078541573672,1,1,14,30,1,15,17,2,1,15,1
475,Hash Three Points #475,379,101.93391936819256,1,1,16,24,1,15,14,3,5,16,2
376,Hash Three Points #376,380,101.8785937474913,1,1,15,27,1,15,16,2,5,14,1
44,Hash Three Points #44,381,101.85995492422495,1,1,15,26,1,15,14,2,5,16,2
633,Hash Three Points #633,382,101.85836109836728,1,1,15,21,1,17,17,2,5,17,1
1002,Hash Three Points #1002,383,101.83001332581745,1,1,15,26,3,14,14,2,5,17,1
702,Hash Three Points #702,384,101.81644417987658,1,1,15,26,1,13,17,3,1,18,1
124,Hash Three Points #124,385,101.81480459539743,1,1,17,26,1,17,14,3,1,15,1
380,Hash Three Points #380,386,101.77586458673842,1,1,15,24,3,17,17,2,1,16,2
650,Hash Three Points #650,387,101.75796432340034,1,1,7,24,1,22,17,3,1,18,1
498,Hash Three Points #498,388,101.69747807687179,1,1,7,30,1,22,16,2,1,16,1
407,Hash Three Points #407,389,101.6880828916143,1,1,16,24,1,15,17,3,1,16,2
261,Hash Three Points #261,390,101.6554154449982,1,1,16,26,3,15,14,2,5,13,1
595,Hash Three Points #595,391,101.62068534743743,1,1,15,22,1,17,17,3,5,14,1
448,Hash Three Points #448,392,101.59805433034995,1,1,14,30,3,15,13,3,1,15,1
416,Hash Three Points #416,393,101.47231095191617,1,1,17,24,3,15,14,2,5,14,1
624,Hash Three Points #624,394,101.45119093079614,1,1,17,24,1,15,14,2,5,16,1
678,Hash Three Points #678,395,101.42599728703755,1,1,14,24,1,22,13,3,1,15,2
562,Hash Three Points #562,396,101.39269793632135,1,1,17,22,3,13,16,3,1,18,2
640,Hash Three Points #640,397,101.36192374731525,1,1,15,24,1,17,17,2,1,17,2
213,Hash Three Points #213,398,101.3016634237348,1,1,15,24,1,17,14,3,1,17,1
71,Hash Three Points #71,399,101.26113900568559,1,16,17,22,3,1,16,3,1,15,2
860,Hash Three Points #860,400,101.22485222057111,1,1,14,26,3,13,13,3,1,20,1
620,Hash Three Points #620,401,101.18842203216934,1,1,16,21,1,15,16,3,5,16,2
50,Hash Three Points #50,402,101.11424571498176,1,1,16,17,3,22,16,3,1,16,2
133,Hash Three Points #133,403,101.04857022916306,1,1,17,26,1,15,16,3,1,15,1
162,Hash Three Points #162,404,101.02747603084022,1,16,18,22,1,1,13,3,1,17,1
136,Hash Three Points #136,405,100.83520682905927,1,1,14,21,1,15,17,3,5,16,1
768,Hash Three Points #768,406,100.83428617984484,1,16,17,22,1,1,16,3,1,17,1
221,Hash Three Points #221,407,100.80772785402294,1,1,15,24,1,14,17,3,5,13,1
528,Hash Three Points #528,408,100.79256887565424,1,1,7,30,1,15,13,3,5,18,1
539,Hash Three Points #539,409,100.75779011023954,1,1,17,19,1,17,16,3,1,18,1
872,Hash Three Points #872,410,100.73382402982736,1,1,16,22,1,22,14,2,1,16,1
800,Hash Three Points #800,411,100.72101330382665,1,1,16,39,1,1,17,2,1,17,2
964,Hash Three Points #964,412,100.6270129980866,1,1,16,24,1,15,14,2,5,16,2
449,Hash Three Points #449,413,100.56419144888514,1,1,15,24,1,17,17,2,1,16,1
907,Hash Three Points #907,414,100.55327503411932,1,1,17,26,3,13,17,2,1,15,2
565,Hash Three Points #565,415,100.46756402555772,1,1,15,22,1,22,16,3,1,13,2
874,Hash Three Points #874,416,100.46702326805077,1,1,17,24,1,17,17,2,1,14,2
115,Hash Three Points #115,417,100.45844481812163,1,16,17,22,1,1,17,2,1,17,1
209,Hash Three Points #209,418,100.44206500602961,1,1,7,31,3,17,14,3,5,13,2
947,Hash Three Points #947,419,100.42876318435201,1,1,7,26,1,22,16,3,1,16,1
575,Hash Three Points #575,420,100.41059673768838,1,1,16,22,1,15,17,3,5,14,1
628,Hash Three Points #628,421,100.37540688589488,1,1,15,20,3,22,16,3,1,13,2
265,Hash Three Points #265,422,100.35989515536639,1,1,15,24,3,17,17,2,1,14,1
412,Hash Three Points #412,423,100.31878983924126,1,16,18,22,1,1,17,3,1,14,1
917,Hash Three Points #917,424,100.29299290879702,1,1,18,20,1,14,17,2,5,17,1
965,Hash Three Points #965,425,100.29243640218036,1,1,17,21,1,14,17,2,5,17,1
404,Hash Three Points #404,426,100.26329032044154,1,1,15,30,1,13,13,3,1,17,1
94,Hash Three Points #94,427,100.22457219305662,1,1,14,26,1,17,17,2,1,15,1
285,Hash Three Points #285,428,100.19194251368276,1,1,15,20,1,22,13,3,1,17,2
345,Hash Three Points #345,429,100.15064517376308,1,1,15,24,1,15,17,3,1,16,1
384,Hash Three Points #384,430,100.11647311150193,1,1,15,19,1,22,14,3,1,17,2
284,Hash Three Points #284,431,100.10019036640256,1,1,15,24,1,17,16,2,5,13,2
368,Hash Three Points #368,432,100.08199735748929,1,1,17,26,3,15,14,2,1,15,2
517,Hash Three Points #517,433,100.06903283035167,1,1,18,33,3,1,20,3,1,13,1
456,Hash Three Points #456,434,100.01512913510271,1,1,15,24,1,15,16,2,5,15,1
736,Hash Three Points #736,435,100.00662941644428,1,1,7,33,1,15,16,3,1,16,1
574,Hash Three Points #574,436,99.99590913700361,1,16,16,22,1,1,17,2,1,17,2
377,Hash Three Points #377,437,99.98857633324201,1,1,15,26,1,15,16,2,5,13,2
113,Hash Three Points #113,438,99.8881646652239,1,16,18,17,1,1,17,2,1,20,1
64,Hash Three Points #64,439,99.88096435989182,1,1,16,26,3,15,13,2,1,16,2
996,Hash Three Points #996,440,99.8343490822032,1,1,17,17,1,22,17,3,1,14,2
214,Hash Three Points #214,441,99.78347567087803,1,1,17,24,1,13,17,3,1,16,2
925,Hash Three Points #925,442,99.7466109389002,1,1,17,17,3,17,13,3,1,20,2
935,Hash Three Points #935,443,99.63700351475183,1,1,17,30,1,13,13,2,1,16,2
760,Hash Three Points #760,444,99.54447873193779,1,1,18,26,1,13,17,2,1,14,1
540,Hash Three Points #540,445,99.51878148183827,1,1,15,21,1,22,14,3,1,15,2
741,Hash Three Points #741,446,99.48956552826358,1,1,17,39,1,1,14,2,1,17,1
413,Hash Three Points #413,447,99.42454556309401,1,1,16,20,3,14,16,3,5,15,2
751,Hash Three Points #751,448,99.38218696911704,1,1,15,39,1,1,17,3,1,15,2
21,Hash Three Points #21,449,99.36257997536136,1,1,17,21,3,15,16,3,1,15,1
777,Hash Three Points #777,450,99.34811059618191,1,1,17,33,3,1,17,3,1,17,2
122,Hash Three Points #122,451,99.34136521009356,1,1,17,22,1,17,14,3,1,16,2
249,Hash Three Points #249,452,99.33624402381874,1,16,17,22,1,1,16,3,1,15,1
149,Hash Three Points #149,453,99.23402200619083,1,1,15,22,1,17,13,2,1,20,1
415,Hash Three Points #415,454,99.21479471373709,1,16,16,22,3,1,16,2,1,15,2
532,Hash Three Points #532,455,99.14776091494298,1,1,14,19,3,17,13,3,1,20,2
3,Hash Three Points #3,456,99.13852359764097,1,1,16,24,1,17,16,3,1,14,2
1019,Hash Three Points #1019,457,99.08104965136489,1,1,15,20,3,17,13,2,5,17,2
635,Hash Three Points #635,458,99.04193427362452,1,1,15,19,1,22,16,2,1,16,2
316,Hash Three Points #316,459,99.01426082547421,1,1,15,24,3,15,16,2,1,16,2
843,Hash Three Points #843,460,98.99579763439873,1,1,14,20,1,15,17,2,5,18,2
740,Hash Three Points #740,461,98.97103957628283,1,1,15,31,1,13,13,2,1,16,2
801,Hash Three Points #801,462,98.9371290686086,1,16,14,22,3,1,17,2,1,16,2
179,Hash Three Points #179,463,98.81398830329539,1,1,16,30,1,13,16,2,1,13,2
591,Hash Three Points #591,464,98.77453498050512,1,1,15,19,1,17,17,3,5,15,2
510,Hash Three Points #510,465,98.74094146242243,1,1,17,24,1,14,13,3,5,14,2
689,Hash Three Points #689,466,98.73843642814614,1,1,16,21,1,14,17,2,5,16,2
230,Hash Three Points #230,467,98.73074973662989,1,1,16,24,1,13,14,3,1,18,1
913,Hash Three Points #913,468,98.66755009662896,1,1,17,24,1,13,16,3,1,15,2
980,Hash Three Points #980,469,98.65681716002513,1,1,17,39,3,1,14,2,1,15,1
31,Hash Three Points #31,470,98.60898085902204,1,1,16,17,1,22,17,2,1,15,1
199,Hash Three Points #199,471,98.59646884950334,1,1,16,26,1,15,16,2,1,15,1
464,Hash Three Points #464,472,98.54283208152762,1,1,16,26,1,15,13,2,5,13,2
38,Hash Three Points #38,473,98.53125358842615,1,1,15,21,1,15,16,2,5,16,2
390,Hash Three Points #390,474,98.4421471566126,1,1,18,30,3,1,13,3,1,20,1
4,Hash Three Points #4,475,98.43994153327357,1,1,15,19,1,17,16,3,5,15,1
107,Hash Three Points #107,476,98.434520516809,1,1,16,20,1,17,16,3,5,14,2
493,Hash Three Points #493,477,98.3955234549804,1,1,16,26,1,13,16,3,1,15,2
886,Hash Three Points #886,478,98.34849505026932,1,1,15,26,1,14,13,2,5,16,1
325,Hash Three Points #325,479,98.20678242459073,1,1,15,17,1,17,17,3,1,18,2
422,Hash Three Points #422,480,98.205779962868,1,16,17,22,1,1,14,3,1,16,2
102,Hash Three Points #102,481,98.1812317346842,1,1,16,24,1,17,14,3,1,14,2
274,Hash Three Points #274,482,98.1434868417501,1,16,17,22,1,1,13,2,1,17,2
709,Hash Three Points #709,483,98.0881663367574,1,1,15,24,1,13,17,3,1,16,2
80,Hash Three Points #80,484,98.0488893208434,1,1,7,31,3,13,17,3,1,16,1
851,Hash Three Points #851,485,98.02109272014916,1,1,15,20,1,15,17,2,5,16,1
430,Hash Three Points #430,486,98.00817757545279,1,1,15,22,1,17,14,2,5,16,1
855,Hash Three Points #855,487,97.99551331825464,1,1,16,31,1,1,17,3,1,20,2
754,Hash Three Points #754,488,97.92421153928295,1,16,16,22,1,1,16,2,1,16,2
672,Hash Three Points #672,489,97.91568928488034,1,16,17,22,1,1,16,2,1,15,2
444,Hash Three Points #444,490,97.7600642097231,1,1,7,33,1,17,14,2,1,16,1
1018,Hash Three Points #1018,491,97.7492258253232,1,1,16,22,1,14,13,3,5,16,1
488,Hash Three Points #488,492,97.69149827691186,1,1,17,33,1,1,20,3,1,14,2
351,Hash Three Points #351,493,97.47245135884371,1,1,18,20,1,14,16,2,5,15,1
684,Hash Three Points #684,494,97.4540548199758,1,1,17,24,1,13,17,3,1,13,2
766,Hash Three Points #766,495,97.4296259836185,1,1,16,22,1,17,13,2,5,15,1
465,Hash Three Points #465,496,97.41854573219634,1,1,15,21,1,17,17,2,1,16,2
665,Hash Three Points #665,497,97.36727957407368,1,1,15,20,1,22,13,2,1,16,1
521,Hash Three Points #521,498,97.28642292754603,1,1,14,26,1,13,16,2,1,17,1
185,Hash Three Points #185,499,97.250471285592,1,1,14,22,3,17,17,2,1,14,1
568,Hash Three Points #568,500,97.24640634279271,1,1,16,24,1,15,13,2,5,13,1
344,Hash Three Points #344,501,97.21227184546052,1,1,17,24,1,15,13,2,1,16,2
298,Hash Three Points #298,502,97.21125513182706,1,1,7,26,3,14,16,2,5,17,1
929,Hash Three Points #929,503,97.16534992005573,1,1,16,24,1,13,17,3,1,15,1
282,Hash Three Points #282,504,97.16219643179846,1,1,15,24,3,15,13,2,1,16,2
971,Hash Three Points #971,505,97.13644042980704,1,1,15,24,1,13,17,3,1,15,1
519,Hash Three Points #519,506,97.13436641307575,1,1,7,24,3,17,17,2,5,15,1
677,Hash Three Points #677,507,97.09386945789294,1,1,16,24,3,1,20,3,1,20,1
790,Hash Three Points #790,508,97.0742028481231,1,1,14,21,1,15,13,2,5,18,2
973,Hash Three Points #973,509,97.00651311576462,1,1,16,22,1,15,17,2,1,16,2
49,Hash Three Points #49,510,96.97482825267485,1,1,15,26,1,15,14,2,1,16,2
117,Hash Three Points #117,511,96.96939388987094,1,1,14,26,1,13,17,3,1,15,2
254,Hash Three Points #254,512,96.95760408764927,1,1,16,27,1,13,13,3,1,15,2
181,Hash Three Points #181,513,96.95111206971318,1,1,16,24,1,14,16,2,5,13,2
506,Hash Three Points #506,514,96.94025393787248,1,1,7,42,1,1,16,3,1,17,1
994,Hash Three Points #994,515,96.8251355711685,1,1,17,24,1,13,16,2,1,16,1
919,Hash Three Points #919,516,96.80846546901347,1,1,15,21,1,15,14,3,5,15,2
386,Hash Three Points #386,517,96.77516643625464,1,1,7,31,1,15,13,3,1,17,1
1003,Hash Three Points #1003,518,96.76917708068498,1,1,17,17,1,22,16,2,1,15,2
716,Hash Three Points #716,519,96.76693449791223,1,16,15,22,1,1,17,3,1,14,1
260,Hash Three Points #260,520,96.6994733870481,1,1,18,31,1,1,17,3,1,17,1
231,Hash Three Points #231,521,96.68498084499721,1,1,14,39,3,1,16,2,1,13,1
63,Hash Three Points #63,522,96.67888431745254,1,1,14,26,1,14,13,3,5,14,2
648,Hash Three Points #648,523,96.6304891337724,1,1,17,22,1,14,16,2,5,14,2
135,Hash Three Points #135,524,96.60115185100933,1,16,15,22,3,1,17,2,1,13,1
383,Hash Three Points #383,525,96.53707360709141,1,1,17,20,1,14,14,3,5,16,1
606,Hash Three Points #606,526,96.52029696718469,1,1,7,26,3,14,16,2,5,17,1
371,Hash Three Points #371,527,96.51362644555961,1,1,16,20,1,14,13,2,5,18,1
707,Hash Three Points #707,528,96.50186297106008,1,1,14,24,3,13,17,3,1,14,1
572,Hash Three Points #572,529,96.49915859738013,1,1,7,26,3,17,13,2,5,17,1
43,Hash Three Points #43,530,96.42700844089893,1,1,18,31,1,1,16,3,1,17,1
882,Hash Three Points #882,531,96.42208513652166,1,1,17,21,1,13,13,3,1,18,2
237,Hash Three Points #237,532,96.31074742484135,1,1,17,22,1,14,14,3,5,13,2
561,Hash Three Points #561,533,96.24832958818526,1,1,15,21,3,15,14,2,5,14,1
276,Hash Three Points #276,534,96.20296608948868,1,1,15,22,3,15,16,3,1,14,2
722,Hash Three Points #722,535,96.19985295937799,1,1,15,21,3,17,13,2,1,16,1
782,Hash Three Points #782,536,96.177289475511,1,1,7,27,3,15,14,2,5,16,1
159,Hash Three Points #159,537,96.16200017880837,1,1,14,24,1,17,14,3,1,14,1
691,Hash Three Points #691,538,96.10460933520383,1,1,16,30,1,1,16,3,1,20,1
481,Hash Three Points #481,539,95.99241923964837,1,1,15,19,1,22,13,3,1,14,1
364,Hash Three Points #364,540,95.98320111638311,1,1,17,19,1,15,14,2,5,16,2
733,Hash Three Points #733,541,95.89973631495425,1,1,16,24,1,14,13,2,5,13,2
40,Hash Three Points #40,542,95.88817506382236,1,1,15,24,1,14,13,2,5,15,2
144,Hash Three Points #144,543,95.87507940515869,1,1,7,24,1,14,16,3,5,17,1
175,Hash Three Points #175,544,95.85296239400594,1,1,15,21,1,15,16,2,5,13,2
16,Hash Three Points #16,545,95.79835631925431,1,1,18,31,1,1,17,3,1,16,2
472,Hash Three Points #472,546,95.74964261737266,1,1,17,17,1,14,16,3,5,16,2
435,Hash Three Points #435,547,95.65396241308864,1,1,15,33,3,1,13,3,1,18,2
675,Hash Three Points #675,548,95.63346478478874,1,1,15,17,3,17,17,2,1,16,1
160,Hash Three Points #160,549,95.56878854129693,1,1,16,22,1,13,13,2,1,20,1
715,Hash Three Points #715,550,95.53419149698992,1,1,16,26,1,15,13,2,1,14,2
977,Hash Three Points #977,551,95.51867196255931,1,16,17,22,1,1,13,2,1,16,1
752,Hash Three Points #752,552,95.44803222291146,1,1,15,20,1,14,14,3,5,16,1
881,Hash Three Points #881,553,95.3197191007264,1,1,16,24,3,13,16,2,1,14,2
327,Hash Three Points #327,554,95.29651462351748,1,1,15,19,1,17,16,2,1,17,2
984,Hash Three Points #984,555,95.29328950910276,1,1,17,31,1,1,17,3,1,17,2
306,Hash Three Points #306,556,95.28418105772599,1,1,14,22,1,17,16,3,1,14,1
630,Hash Three Points #630,557,95.25936284829194,1,1,7,24,3,17,14,3,1,17,1
554,Hash Three Points #554,558,95.22435771407663,1,1,7,26,1,14,17,2,5,17,1
339,Hash Three Points #339,559,95.18937851136944,1,1,14,31,1,13,13,2,1,14,2
916,Hash Three Points #916,560,95.18332485527894,1,1,7,31,1,13,16,3,1,16,1
833,Hash Three Points #833,561,95.15319957076942,1,1,16,17,1,17,16,3,5,13,1
676,Hash Three Points #676,562,95.06553803390715,1,1,7,26,1,14,17,2,5,16,1
550,Hash Three Points #550,563,95.06441357887951,1,1,7,24,3,14,17,3,5,14,1
301,Hash Three Points #301,564,95.05059057002845,1,1,7,20,1,22,20,3,1,14,2
154,Hash Three Points #154,565,95.01070960292826,1,1,18,24,3,1,20,3,1,17,1
484,Hash Three Points #484,566,95.0092877663512,1,1,7,30,3,15,13,3,1,15,1
496,Hash Three Points #496,567,95.00905484997452,1,1,17,22,1,13,17,2,1,16,2
877,Hash Three Points #877,568,94.97907213657311,1,1,15,26,1,13,14,2,1,16,2
164,Hash Three Points #164,569,94.88872429208847,1,1,17,31,1,1,16,3,1,17,1
388,Hash Three Points #388,570,94.85613175423278,1,16,14,22,1,1,14,3,1,16,1
352,Hash Three Points #352,571,94.85439756590546,1,1,15,17,3,22,13,2,1,15,2
954,Hash Three Points #954,572,94.84633169526232,1,1,16,24,1,13,14,3,1,15,2
667,Hash Three Points #667,573,94.83346957391048,1,1,15,21,1,13,16,3,1,17,1
283,Hash Three Points #283,574,94.74109243170925,1,16,14,22,1,1,17,3,1,13,2
653,Hash Three Points #653,575,94.70395877624617,1,1,15,19,1,15,16,2,1,18,1
37,Hash Three Points #37,576,94.60655524007754,1,1,16,24,1,13,16,2,1,15,1
194,Hash Three Points #194,577,94.57898442517983,1,1,17,31,1,1,16,3,1,17,1
578,Hash Three Points #578,578,94.50234756527497,1,1,14,19,3,15,16,2,5,13,1
29,Hash Three Points #29,579,94.44011487960387,1,1,14,31,1,1,16,3,1,20,2
981,Hash Three Points #981,580,94.34666427556043,1,1,15,21,1,14,16,2,5,14,2
991,Hash Three Points #991,581,94.23951810312262,1,16,17,17,1,1,17,3,1,15,1
859,Hash Three Points #859,582,94.09011719076406,1,1,15,22,1,15,16,3,1,13,2
70,Hash Three Points #70,583,94.08317006228745,1,1,15,20,1,13,17,3,1,16,2
171,Hash Three Points #171,584,94.00056173165997,1,1,7,24,3,14,17,2,5,16,1
544,Hash Three Points #544,585,93.98039954114657,1,1,17,24,1,13,13,3,1,13,2
8,Hash Three Points #8,586,93.9455807933157,1,1,16,24,1,13,13,2,1,17,2
817,Hash Three Points #817,587,93.87131031519765,1,16,14,22,1,1,17,2,1,14,1
19,Hash Three Points #19,588,93.84331675208198,1,1,17,17,1,14,17,2,5,15,1
570,Hash Three Points #570,589,93.74855586945388,1,16,15,22,1,1,13,3,1,14,2
96,Hash Three Points #96,590,93.74148078619564,1,1,14,17,1,17,17,3,1,15,2
911,Hash Three Points #911,591,93.7029696502829,1,1,15,21,1,17,13,3,1,14,2
0,Hash Three Points #0,592,93.66072700950197,1,1,15,17,1,15,14,3,5,16,1
335,Hash Three Points #335,593,93.65938476824448,1,1,15,24,3,1,17,3,1,20,2
729,Hash Three Points #729,594,93.56659118143263,1,1,7,24,3,13,16,3,1,18,1
486,Hash Three Points #486,595,93.50905045113579,1,1,16,24,1,13,17,2,1,13,2
140,Hash Three Points #140,596,93.39193640932885,1,1,15,20,1,13,16,3,1,17,2
569,Hash Three Points #569,597,93.38436557657226,1,1,7,24,1,17,16,2,1,17,1
268,Hash Three Points #268,598,93.35110751417683,1,1,15,17,1,14,14,3,5,17,2
714,Hash Three Points #714,599,93.29776971779401,1,1,17,30,1,1,20,2,1,15,2
125,Hash Three Points #125,600,93.28672158874042,1,1,15,17,1,17,16,3,1,15,2
930,Hash Three Points #930,601,93.00366896149828,1,1,17,31,3,1,14,3,1,15,2
870,Hash Three Points #870,602,92.97782513206806,1,1,7,31,1,17,14,2,1,13,1
892,Hash Three Points #892,603,92.95550340176014,1,1,7,22,1,15,17,3,5,15,1
1010,Hash Three Points #1010,604,92.8804502541727,1,1,17,30,3,1,16,3,1,13,2
647,Hash Three Points #647,605,92.87596565302489,1,1,14,27,3,1,17,2,1,20,1
353,Hash Three Points #353,606,92.75718857287863,1,16,14,22,1,1,13,2,1,16,2
868,Hash Three Points #868,607,92.70893415209136,1,1,14,19,1,14,14,2,5,17,1
479,Hash Three Points #479,608,92.70793109699993,1,1,16,30,1,1,20,3,1,14,2
812,Hash Three Points #812,609,92.63626719935476,1,1,15,31,1,1,16,3,1,17,1
728,Hash Three Points #728,610,92.63445314477343,1,1,16,33,1,1,17,2,1,15,1
375,Hash Three Points #375,611,92.57960306789649,1,16,14,22,1,1,14,2,1,15,2
487,Hash Three Points #487,612,92.49002680039557,1,1,15,21,1,15,14,2,1,16,1
803,Hash Three Points #803,613,92.46891148404629,1,1,17,30,3,1,13,3,1,16,2
340,Hash Three Points #340,614,92.45353769011814,1,1,16,31,3,1,16,3,1,14,1
458,Hash Three Points #458,615,92.44000133810236,1,16,14,22,1,1,13,3,1,14,1
313,Hash Three Points #313,616,92.42345242596045,1,1,17,31,1,1,16,2,1,17,1
600,Hash Three Points #600,617,92.18141639614824,1,1,17,33,3,1,14,2,1,14,2
372,Hash Three Points #372,618,92.10120566196692,1,1,15,17,3,14,14,2,5,16,2
861,Hash Three Points #861,619,92.05438810206007,1,1,14,30,1,1,17,3,1,17,2
604,Hash Three Points #604,620,91.99511931711025,1,1,15,24,1,13,16,2,1,14,2
119,Hash Three Points #119,621,91.97472423348302,1,1,16,33,1,1,13,3,1,16,2
837,Hash Three Points #837,622,91.87859164728091,1,1,17,31,1,1,16,3,1,15,1
921,Hash Three Points #921,623,91.84454583343017,1,1,14,22,1,14,14,2,5,14,1
845,Hash Three Points #845,624,91.80020551029179,1,1,7,24,3,15,17,3,1,13,1
880,Hash Three Points #880,625,91.7719750700761,1,1,17,27,3,1,16,3,1,16,1
227,Hash Three Points #227,626,91.71308578704412,1,1,16,31,1,1,17,3,1,14,2
56,Hash Three Points #56,627,91.59762911229754,1,1,18,30,1,1,16,2,1,15,1
590,Hash Three Points #590,628,91.59341665510433,1,1,17,31,1,1,16,3,1,14,1
871,Hash Three Points #871,629,91.5602646219523,1,1,18,26,1,1,17,3,1,16,1
392,Hash Three Points #392,630,91.55273218412238,1,1,16,27,3,1,20,2,1,15,2
235,Hash Three Points #235,631,91.52421153928294,1,1,16,33,1,1,14,2,1,17,2
9,Hash Three Points #9,632,91.47029883865446,1,1,17,26,3,1,17,3,1,16,2
946,Hash Three Points #946,633,91.42410069262831,1,1,16,26,1,1,17,2,1,20,2
563,Hash Three Points #563,634,91.39378465445434,1,1,14,30,1,1,16,3,1,17,1
425,Hash Three Points #425,635,91.35237589793455,1,1,14,31,3,1,17,3,1,14,1
1023,Hash Three Points #1023,636,91.35132229620251,1,1,16,30,3,1,13,3,1,16,1
958,Hash Three Points #958,637,91.32994128151638,1,1,7,22,3,14,16,2,5,16,1
592,Hash Three Points #592,638,91.31914840424761,1,1,16,26,1,1,16,2,1,20,2
940,Hash Three Points #940,639,91.20249800602443,1,16,15,22,1,1,13,2,1,13,2
305,Hash Three Points #305,640,91.19588534979476,1,1,16,19,1,17,14,2,1,14,2
652,Hash Three Points #652,641,91.16172077558483,1,1,17,17,1,17,16,2,1,13,1
218,Hash Three Points #218,642,91.15068991011367,1,1,16,24,3,1,20,3,1,15,1
337,Hash Three Points #337,643,91.10378033962823,1,1,15,30,3,1,17,3,1,13,2
470,Hash Three Points #470,644,91.09186090621147,1,1,7,24,1,15,16,2,5,14,1
905,Hash Three Points #905,645,91.0884096245671,1,1,17,26,1,1,20,3,1,14,2
85,Hash Three Points #85,646,91.02381062751437,1,1,16,31,1,1,13,3,1,17,1
150,Hash Three Points #150,647,91.0053171580245,1,1,7,26,3,14,14,2,5,14,1
387,Hash Three Points #387,648,90.99614554474545,1,1,15,33,1,1,13,3,1,16,2
536,Hash Three Points #536,649,90.94687149243015,1,1,17,31,1,1,16,3,1,13,1
922,Hash Three Points #922,650,90.87396222326026,1,1,15,19,3,13,14,3,1,15,2
885,Hash Three Points #885,651,90.80856482295712,1,1,17,27,1,1,17,2,1,16,2
938,Hash Three Points #938,652,90.80477790638926,1,1,7,26,1,13,16,2,1,18,1
846,Hash Three Points #846,653,90.79514529566494,1,1,17,27,3,1,17,2,1,15,2
204,Hash Three Points #204,654,90.77977905474158,1,1,15,31,1,1,14,3,1,17,2
655,Hash Three Points #655,655,90.52588474011479,1,1,18,26,3,1,16,3,1,13,1
270,Hash Three Points #270,656,90.455534312083,1,1,7,21,1,17,14,3,5,15,1
211,Hash Three Points #211,657,90.45030780552167,1,1,15,30,3,1,14,2,1,17,2
879,Hash Three Points #879,658,90.31499363552456,1,1,14,19,1,15,16,3,1,13,1
30,Hash Three Points #30,659,90.27634064836953,1,1,15,17,1,17,13,2,5,14,2
300,Hash Three Points #300,660,90.21765961971573,1,1,15,24,1,1,17,3,1,20,2
103,Hash Three Points #103,661,90.16507491747352,1,1,17,27,1,1,13,2,1,20,2
452,Hash Three Points #452,662,90.1421823667888,1,1,15,17,3,15,14,2,1,16,1
804,Hash Three Points #804,663,90.09567147848483,1,1,16,27,1,1,16,2,1,18,2
1001,Hash Three Points #1001,664,90.04202359242711,1,1,15,21,1,15,14,2,1,14,2
203,Hash Three Points #203,665,89.99820702436818,1,1,15,27,1,1,17,3,1,16,2
224,Hash Three Points #224,666,89.98865145671397,1,1,17,24,3,1,17,3,1,16,1
530,Hash Three Points #530,667,89.93685974925438,1,1,14,17,3,15,14,3,1,15,2
47,Hash Three Points #47,668,89.88689433232813,1,1,7,21,1,17,16,2,5,14,1
638,Hash Three Points #638,669,89.80018205921994,1,1,14,26,1,1,17,3,1,18,2
896,Hash Three Points #896,670,89.731655630598,1,1,15,33,3,1,14,2,1,14,2
483,Hash Three Points #483,671,89.69479445390428,1,1,7,24,1,13,16,3,1,17,2
776,Hash Three Points #776,672,89.68336285564988,1,1,15,26,3,1,16,2,1,17,2
713,Hash Three Points #713,673,89.67978316651829,1,1,15,30,1,1,17,3,1,14,1
865,Hash Three Points #865,674,89.65494321180974,1,1,14,30,3,1,16,2,1,16,2
863,Hash Three Points #863,675,89.60570431748107,1,1,16,24,3,1,16,3,1,17,2
198,Hash Three Points #198,676,89.5962307070776,1,1,16,24,3,1,17,3,1,16,1
998,Hash Three Points #998,677,89.57467989866971,1,1,16,30,1,1,16,2,1,16,2
278,Hash Three Points #278,678,89.54088958367741,1,1,7,30,1,13,16,2,1,13,1
346,Hash Three Points #346,679,89.53053416113876,1,1,16,31,1,1,16,2,1,15,1
857,Hash Three Points #857,680,89.43284637335054,1,1,16,24,3,1,16,2,1,18,1
979,Hash Three Points #979,681,89.42646666231454,1,1,17,30,3,1,13,3,1,13,2
294,Hash Three Points #294,682,89.39628192764408,1,1,15,33,1,1,14,3,1,13,2
659,Hash Three Points #659,683,89.33397502080845,1,1,17,26,3,1,14,3,1,17,1
658,Hash Three Points #658,684,89.22684984588261,1,1,14,31,1,1,16,2,1,16,1
414,Hash Three Points #414,685,89.21522907660284,1,1,14,17,1,15,16,3,1,15,2
396,Hash Three Points #396,686,89.19834376602095,1,1,16,30,1,1,14,3,1,15,2
598,Hash Three Points #598,687,89.18557456838792,1,1,16,27,3,1,16,2,1,16,2
534,Hash Three Points #534,688,89.16596767457968,1,1,15,26,3,1,14,3,1,17,1
813,Hash Three Points #813,689,89.04939408191552,1,1,17,30,1,1,17,2,1,13,1
982,Hash Three Points #982,690,89.03064915643569,1,1,7,24,3,15,14,3,1,13,1
210,Hash Three Points #210,691,89.02500859215911,1,1,7,24,1,17,14,3,1,13,1
819,Hash Three Points #819,692,89.0119860841327,1,1,15,17,1,15,16,2,1,15,2
419,Hash Three Points #419,693,88.97299826774932,1,1,7,24,1,15,14,3,1,16,2
196,Hash Three Points #196,694,88.93094580434536,1,1,17,24,3,1,14,3,1,17,1
271,Hash Three Points #271,695,88.92186903330855,1,16,7,22,1,1,16,2,1,16,1
490,Hash Three Points #490,696,88.92074044005633,1,1,17,27,3,1,17,2,1,13,2
73,Hash Three Points #73,697,88.89564139971257,1,1,15,31,3,1,14,3,1,13,1
474,Hash Three Points #474,698,88.88199251935856,1,1,14,24,3,1,20,3,1,15,2
328,Hash Three Points #328,699,88.80341133878323,1,1,15,26,1,1,17,3,1,16,1
84,Hash Three Points #84,700,88.76471249237997,1,1,17,24,1,1,20,2,1,15,2
417,Hash Three Points #417,701,88.75919402048828,1,1,14,27,3,1,17,3,1,15,2
999,Hash Three Points #999,702,88.65109538291446,1,1,14,33,1,1,13,2,1,17,2
660,Hash Three Points #660,703,88.62974547960297,1,1,15,31,3,1,13,2,1,15,1
944,Hash Three Points #944,704,88.59163532503047,1,16,7,22,1,1,13,3,1,17,1
775,Hash Three Points #775,705,88.57479531495993,1,1,18,24,1,1,16,2,1,17,1
849,Hash Three Points #849,706,88.53890428956989,1,1,17,31,1,1,14,2,1,15,1
156,Hash Three Points #156,707,88.52473442179367,1,1,17,20,3,1,17,2,1,20,1
451,Hash Three Points #451,708,88.48282789885145,1,16,7,22,3,1,17,2,1,13,1
571,Hash Three Points #571,709,88.45950023807032,1,1,16,17,1,17,13,2,1,14,1
405,Hash Three Points #405,710,88.34743975530054,1,1,17,30,1,1,14,2,1,16,2
875,Hash Three Points #875,711,88.24067617899331,1,1,17,24,1,1,17,3,1,16,2
824,Hash Three Points #824,712,88.23467246494344,1,1,17,27,1,1,16,2,1,16,2
189,Hash Three Points #189,713,88.2288930113668,1,1,17,26,1,1,16,2,1,17,2
538,Hash Three Points #538,714,88.20149553907137,1,1,17,24,1,1,14,3,1,18,2
101,Hash Three Points #101,715,88.18625227039738,1,1,17,24,1,1,16,3,1,17,2
619,Hash Three Points #619,716,88.1675938656949,1,1,15,27,1,1,16,3,1,16,1
685,Hash Three Points #685,717,88.12496091620133,1,1,17,26,3,1,14,2,1,17,1
985,Hash Three Points #985,718,88.11789272313598,1,1,16,19,1,13,13,2,1,16,2
378,Hash Three Points #378,719,88.08136966384345,1,1,16,27,1,1,17,2,1,15,2
525,Hash Three Points #525,720,88.04515036792836,1,1,16,24,1,1,16,3,1,17,2
690,Hash Three Points #690,721,88.0161737306493,1,1,18,26,1,1,17,2,1,15,1
500,Hash Three Points #500,722,88.00016645954389,1,1,14,31,1,1,16,3,1,13,2
318,Hash Three Points #318,723,87.99930874119721,1,1,14,33,1,1,14,3,1,13,2
74,Hash Three Points #74,724,87.99643355788129,1,1,17,24,3,1,16,3,1,15,2
724,Hash Three Points #724,725,87.9707413535547,1,1,15,31,1,1,14,2,1,16,2
695,Hash Three Points #695,726,87.96186540711305,1,1,15,30,1,1,13,3,1,16,1
215,Hash Three Points #215,727,87.94952376375382,1,1,17,27,1,1,16,3,1,14,1
900,Hash Three Points #900,728,87.9425239137301,1,1,17,31,1,1,14,2,1,13,2
350,Hash Three Points #350,729,87.92436632687435,1,1,18,24,1,1,16,2,1,17,1
436,Hash Three Points #436,730,87.91099832606974,1,1,16,27,1,1,16,2,1,16,2
363,Hash Three Points #363,731,87.85170787399198,1,1,15,26,1,1,16,3,1,16,2
441,Hash Three Points #441,732,87.6764695008863,1,1,17,26,3,1,16,3,1,13,1
696,Hash Three Points #696,733,87.6359217179066,1,1,18,20,1,1,17,3,1,17,1
205,Hash Three Points #205,734,87.60428769563265,1,1,17,26,1,1,17,2,1,16,1
992,Hash Three Points #992,735,87.58609465106713,1,1,17,24,1,1,16,3,1,16,2
966,Hash Three Points #966,736,87.54336768695563,1,1,15,26,3,1,16,3,1,14,2
589,Hash Three Points #589,737,87.53659825818053,1,1,17,24,1,1,16,2,1,17,2
206,Hash Three Points #206,738,87.49989130325548,1,1,18,19,3,1,16,3,1,17,1
609,Hash Three Points #609,739,87.49492901863276,1,1,18,20,1,1,16,3,1,18,1
808,Hash Three Points #808,740,87.43286346161463,1,1,17,30,1,1,13,3,1,13,1
735,Hash Three Points #735,741,87.41326235593894,1,1,16,26,1,1,14,3,1,17,2
26,Hash Three Points #26,742,87.41068383505898,1,1,18,24,1,1,13,2,1,18,1
613,Hash Three Points #613,743,87.37474131798972,1,1,14,31,3,1,13,3,1,13,2
20,Hash Three Points #20,744,87.17957317349452,1,1,17,24,1,1,20,2,1,13,2
533,Hash Three Points #533,745,87.05259014016485,1,1,15,27,1,1,17,3,1,14,1
586,Hash Three Points #586,746,86.9768890495435,1,1,15,31,1,1,14,2,1,15,2
7,Hash Three Points #7,747,86.84730790174811,1,1,14,24,3,1,17,3,1,15,1
727,Hash Three Points #727,748,86.84603747374312,1,1,14,26,3,1,16,3,1,15,1
895,Hash Three Points #895,749,86.813929714783,1,1,14,30,1,1,13,2,1,17,1
823,Hash Three Points #823,750,86.80818653423299,1,1,17,24,1,1,16,3,1,15,1
753,Hash Three Points #753,751,86.75652097075103,1,1,15,26,1,1,16,3,1,16,1
1000,Hash Three Points #1000,752,86.75650495396135,1,1,15,27,1,1,16,3,1,15,2
583,Hash Three Points #583,753,86.75005801674233,1,1,16,26,3,1,16,2,1,15,2
962,Hash Three Points #962,754,86.69313312451031,1,1,7,21,1,13,14,2,1,20,1
223,Hash Three Points #223,755,86.54540438978881,1,1,14,30,3,1,14,2,1,15,1
437,Hash Three Points #437,756,86.46479258306245,1,1,7,20,3,15,16,3,1,13,1
379,Hash Three Points #379,757,86.42650633366932,1,1,15,30,1,1,13,2,1,16,1
594,Hash Three Points #594,758,86.411540219401,1,1,15,30,1,1,13,2,1,16,2
32,Hash Three Points #32,759,86.39326148083617,1,1,17,26,3,1,14,3,1,14,1
55,Hash Three Points #55,760,86.32580676074988,1,1,15,31,1,1,13,3,1,13,1
814,Hash Three Points #814,761,86.23009489800874,1,1,7,39,1,1,14,2,1,14,1
783,Hash Three Points #783,762,86.22746470605352,1,1,14,24,3,1,16,3,1,16,1
923,Hash Three Points #923,763,86.21406175731015,1,1,14,26,3,1,17,3,1,14,2
834,Hash Three Points #834,764,86.18152174119854,1,1,14,26,1,1,17,2,1,17,1
258,Hash Three Points #258,765,86.15732598502758,1,1,16,24,3,1,17,3,1,13,2
612,Hash Three Points #612,766,86.15546742010439,1,1,17,24,1,1,16,3,1,15,1
576,Hash Three Points #576,767,86.1304323644124,1,1,15,30,1,1,14,3,1,13,1
551,Hash Three Points #551,768,86.1116304674358,1,1,17,19,1,1,20,3,1,16,1
531,Hash Three Points #531,769,86.09027578983681,1,1,14,26,3,1,16,2,1,17,2
60,Hash Three Points #60,770,86.07128102045809,1,1,15,24,3,1,16,3,1,15,1
547,Hash Three Points #547,771,86.0494330413679,1,1,16,24,1,1,17,2,1,16,1
936,Hash Three Points #936,772,86.04865693321591,1,1,15,24,1,1,17,3,1,16,1
238,Hash Three Points #238,773,86.03265061771442,1,1,15,30,3,1,13,2,1,13,1
807,Hash Three Points #807,774,85.99901200271574,1,1,16,24,3,1,16,3,1,14,1
656,Hash Three Points #656,775,85.96335500038202,1,1,15,24,1,1,16,3,1,17,2
558,Hash Three Points #558,776,85.95592948019711,1,1,15,24,1,1,17,2,1,17,1
399,Hash Three Points #399,777,85.92794226659302,1,1,17,24,1,1,16,3,1,15,1
336,Hash Three Points #336,778,85.91808079484484,1,1,18,26,1,1,16,2,1,14,1
170,Hash Three Points #170,779,85.85860533666757,1,1,16,26,1,1,17,2,1,15,1
362,Hash Three Points #362,780,85.81459209334315,1,1,17,24,1,1,14,2,1,17,2
711,Hash Three Points #711,781,85.80892052444068,1,1,17,24,1,1,13,3,1,17,1
86,Hash Three Points #86,782,85.80289750150033,1,1,17,24,1,1,16,2,1,16,2
403,Hash Three Points #403,783,85.77524022509772,1,1,15,27,3,1,16,2,1,13,1
11,Hash Three Points #11,784,85.76986256418701,1,1,14,24,3,1,17,3,1,15,2
288,Hash Three Points #288,785,85.65873813782876,1,1,15,24,1,1,17,2,1,16,2
661,Hash Three Points #661,786,85.57164115676255,1,1,16,19,3,1,17,3,1,17,2
184,Hash Three Points #184,787,85.54622367409974,1,1,15,30,1,1,16,2,1,13,1
680,Hash Three Points #680,788,85.53190880374157,1,1,17,24,3,1,14,2,1,16,1
120,Hash Three Points #120,789,85.48763497520969,1,1,17,26,1,1,13,3,1,15,1
347,Hash Three Points #347,790,85.47830306646284,1,1,18,26,1,1,13,2,1,15,1
908,Hash Three Points #908,791,85.38444856692234,1,1,17,26,1,1,14,2,1,16,2
272,Hash Three Points #272,792,85.36858217420274,1,1,17,24,1,1,16,3,1,15,1
463,Hash Three Points #463,793,85.33631983588086,1,1,14,31,1,1,13,2,1,15,2
756,Hash Three Points #756,794,85.3121386494112,1,1,16,27,3,1,13,2,1,15,2
734,Hash Three Points #734,795,85.28279406508953,1,1,17,21,1,1,16,3,1,17,2
83,Hash Three Points #83,796,85.2547004812012,1,1,15,24,1,1,16,3,1,16,2
931,Hash Three Points #931,797,85.23900008653791,1,1,17,21,1,1,20,3,1,13,1
292,Hash Three Points #292,798,85.21845819597408,1,1,15,26,3,1,14,2,1,16,2
169,Hash Three Points #169,799,85.21817375920907,1,1,17,22,1,1,16,3,1,16,2
79,Hash Three Points #79,800,85.13159793420903,1,1,17,22,1,1,16,2,1,17,2
725,Hash Three Points #725,801,85.07157011109578,1,1,15,24,1,1,17,3,1,14,2
90,Hash Three Points #90,802,84.98729706588588,1,1,14,24,1,1,17,3,1,16,1
774,Hash Three Points #774,803,84.96384990435408,1,1,16,24,1,1,13,2,1,18,1
302,Hash Three Points #302,804,84.95796383451125,1,1,7,22,3,13,16,2,1,15,1
899,Hash Three Points #899,805,84.90934410701125,1,1,15,24,1,1,16,3,1,15,1
172,Hash Three Points #172,806,84.9080657747501,1,1,15,31,1,1,13,2,1,13,2
909,Hash Three Points #909,807,84.83555033381359,1,1,17,24,1,1,13,2,1,17,2
349,Hash Three Points #349,808,84.82693647216641,1,1,16,26,1,1,14,2,1,16,2
555,Hash Three Points #555,809,84.82657144753755,1,1,15,21,3,1,17,2,1,17,1
333,Hash Three Points #333,810,84.61159667715533,1,1,17,20,3,1,16,3,1,16,1
492,Hash Three Points #492,811,84.61095464088605,1,1,17,24,1,1,17,2,1,14,2
898,Hash Three Points #898,812,84.60199736425935,1,1,17,26,1,1,14,3,1,13,2
888,Hash Three Points #888,813,84.56374560865962,1,1,15,24,1,1,17,3,1,15,2
28,Hash Three Points #28,814,84.54441283696055,1,1,14,20,3,1,14,3,1,20,1
622,Hash Three Points #622,815,84.5136364750842,1,1,16,24,3,1,13,3,1,15,2
642,Hash Three Points #642,816,84.50960620770724,1,1,15,24,3,1,16,3,1,13,1
128,Hash Three Points #128,817,84.48025828811907,1,1,16,30,1,1,13,2,1,13,2
240,Hash Three Points #240,818,84.3893932776867,1,1,14,31,1,1,14,2,1,14,2
286,Hash Three Points #286,819,84.36397934679269,1,1,16,26,1,1,17,2,1,13,2
618,Hash Three Points #618,820,84.30368544986301,1,1,16,22,3,1,16,2,1,16,2
75,Hash Three Points #75,821,84.27375734846379,1,1,16,26,1,1,16,2,1,14,2
139,Hash Three Points #139,822,84.24750401118584,1,1,14,19,1,1,20,3,1,17,2
781,Hash Three Points #781,823,84.23437736826787,1,1,17,20,1,1,16,3,1,17,1
816,Hash Three Points #816,824,84.17098388295122,1,1,17,24,1,1,16,2,1,14,2
697,Hash Three Points #697,825,84.16223681788694,1,1,15,20,1,1,17,3,1,17,1
236,Hash Three Points #236,826,84.15971196203722,1,1,14,17,1,15,14,2,1,14,2
883,Hash Three Points #883,827,84.09162374468576,1,1,16,24,1,1,17,2,1,15,2
208,Hash Three Points #208,828,84.02302903465258,1,1,17,22,1,1,16,3,1,15,2
969,Hash Three Points #969,829,83.9585290403489,1,1,16,21,1,1,17,3,1,16,2
1,Hash Three Points #1,830,83.93216887267305,1,1,15,24,1,1,16,2,1,16,1
687,Hash Three Points #687,831,83.90710956484966,1,1,15,24,3,1,16,3,1,13,2
664,Hash Three Points #664,832,83.89557605559241,1,1,18,19,3,1,16,2,1,16,1
10,Hash Three Points #10,833,83.89096200510394,1,1,17,26,1,1,13,2,1,15,2
57,Hash Three Points #57,834,83.88605372788346,1,1,15,24,1,1,16,2,1,16,2
951,Hash Three Points #951,835,83.82376131133603,1,1,15,27,1,1,13,3,1,14,1
121,Hash Three Points #121,836,83.81403203154687,1,1,16,24,1,1,13,3,1,16,2
769,Hash Three Points #769,837,83.6660718260882,1,1,14,26,1,1,16,2,1,16,1
497,Hash Three Points #497,838,83.65172014183835,1,1,15,24,1,1,14,3,1,16,2
997,Hash Three Points #997,839,83.64208691764091,1,1,17,22,3,1,14,2,1,16,2
439,Hash Three Points #439,840,83.63921362281864,1,1,7,30,1,1,17,2,1,17,1
914,Hash Three Points #914,841,83.6171380937457,1,1,17,17,1,1,20,3,1,16,1
310,Hash Three Points #310,842,83.56582555275563,1,1,15,24,1,1,16,3,1,15,2
743,Hash Three Points #743,843,83.55677571679207,1,1,16,26,3,1,14,2,1,13,1
602,Hash Three Points #602,844,83.53566158584925,1,1,7,31,1,1,14,3,1,17,2
454,Hash Three Points #454,845,83.47334291036995,1,1,16,24,1,1,13,3,1,16,2
450,Hash Three Points #450,846,83.46890095125784,1,1,14,24,1,1,14,3,1,17,2
275,Hash Three Points #275,847,83.44306382707805,1,1,16,24,3,1,16,2,1,13,2
573,Hash Three Points #573,848,83.41473121037893,1,1,16,19,1,1,17,3,1,17,2
507,Hash Three Points #507,849,83.33594337586297,1,1,15,22,1,1,14,2,1,20,1
134,Hash Three Points #134,850,83.30780979613843,1,1,7,19,1,15,16,2,1,15,1
153,Hash Three Points #153,851,83.22742856437645,1,1,15,24,1,1,17,3,1,14,1
381,Hash Three Points #381,852,83.10476608176836,1,1,15,22,3,1,17,2,1,15,2
1013,Hash Three Points #1013,853,83.05029773588193,1,1,15,21,3,1,17,2,1,15,1
22,Hash Three Points #22,854,82.87710795431857,1,1,15,26,1,1,16,2,1,13,2
304,Hash Three Points #304,855,82.8045055148772,1,1,15,26,1,1,14,3,1,14,2
699,Hash Three Points #699,856,82.70122400595419,1,1,17,20,3,1,17,2,1,15,2
178,Hash Three Points #178,857,82.689340753051,1,1,15,24,1,1,17,3,1,13,2
553,Hash Three Points #553,858,82.55524822645435,1,1,7,21,1,13,14,3,1,15,1
771,Hash Three Points #771,859,82.53081880406526,1,1,17,19,1,1,16,3,1,16,1
13,Hash Three Points #13,860,82.5086565864595,1,1,15,24,1,1,17,2,1,14,1
789,Hash Three Points #789,861,82.50293460249563,1,1,14,27,3,1,14,2,1,13,2
703,Hash Three Points #703,862,82.49198379718375,1,1,7,24,1,1,16,3,1,20,1
400,Hash Three Points #400,863,82.4860508180316,1,1,14,24,1,1,14,3,1,17,2
518,Hash Three Points #518,864,82.45170247206039,1,1,7,30,1,1,17,2,1,17,1
471,Hash Three Points #471,865,82.44831056796602,1,1,15,26,1,1,16,2,1,13,2
176,Hash Three Points #176,866,82.37126635654167,1,1,14,19,1,1,17,2,1,20,2
499,Hash Three Points #499,867,82.35595646467719,1,1,16,21,3,1,16,2,1,15,2
273,Hash Three Points #273,868,82.27393482216998,1,1,17,22,3,1,16,2,1,14,1
932,Hash Three Points #932,869,82.27243052161514,1,1,7,26,3,1,16,3,1,17,1
233,Hash Three Points #233,870,82.27048043378159,1,1,16,24,1,1,16,2,1,13,2
369,Hash Three Points #369,871,82.24862982760844,1,1,7,30,3,1,14,2,1,17,1
123,Hash Three Points #123,872,82.22784632740735,1,1,14,27,1,1,16,2,1,13,2
708,Hash Three Points #708,873,82.21535591856743,1,1,14,21,1,1,20,3,1,13,2
192,Hash Three Points #192,874,82.1372286082378,1,1,16,21,3,1,17,2,1,14,2
995,Hash Three Points #995,875,82.0174153546879,1,1,16,24,3,1,13,2,1,15,2
314,Hash Three Points #314,876,82.00749360734983,1,1,16,17,1,1,17,2,1,20,2
564,Hash Three Points #564,877,81.98989889271223,1,1,16,20,3,1,16,2,1,16,2
216,Hash Three Points #216,878,81.92229084565503,1,1,17,20,1,1,17,3,1,13,1
408,Hash Three Points #408,879,81.79480451680797,1,1,16,21,1,1,16,2,1,17,2
792,Hash Three Points #792,880,81.79061395063032,1,1,14,24,1,1,16,2,1,16,1
867,Hash Three Points #867,881,81.78359155462368,1,1,15,22,1,1,17,2,1,16,2
443,Hash Three Points #443,882,81.63900405936198,1,1,7,30,1,1,17,2,1,16,1
321,Hash Three Points #321,883,81.51331341251989,1,1,18,21,1,1,13,2,1,16,1
23,Hash Three Points #23,884,81.45972009360948,1,1,16,24,1,1,14,2,1,15,2
761,Hash Three Points #761,885,81.45023619373725,1,1,16,17,3,1,16,3,1,16,2
737,Hash Three Points #737,886,81.32048150521167,1,1,17,24,1,1,13,2,1,15,2
593,Hash Three Points #593,887,81.31402790704418,1,1,17,17,1,1,17,3,1,17,1
418,Hash Three Points #418,888,81.15969402637833,1,1,16,24,1,1,13,2,1,16,2
717,Hash Three Points #717,889,81.11233620518492,1,1,14,17,1,1,17,2,1,20,1
14,Hash Three Points #14,890,81.02362956382977,1,1,15,20,3,1,14,3,1,16,1
467,Hash Three Points #467,891,80.864404963966,1,1,15,24,1,1,16,2,1,14,2
943,Hash Three Points #943,892,80.7791155110578,1,1,17,17,1,1,17,3,1,16,2
683,Hash Three Points #683,893,80.77639787887166,1,1,17,20,3,1,13,2,1,15,2
78,Hash Three Points #78,894,80.74034876441993,1,1,15,20,1,1,16,3,1,16,1
459,Hash Three Points #459,895,80.7353320582009,1,1,7,27,3,1,13,3,1,17,1
522,Hash Three Points #522,896,80.70543689422038,1,1,15,24,1,1,13,2,1,16,2
277,Hash Three Points #277,897,80.64665372448304,1,1,17,20,1,1,16,3,1,14,2
974,Hash Three Points #974,898,80.64665372448303,1,1,16,20,1,1,17,3,1,14,2
542,Hash Three Points #542,899,80.59778503272815,1,1,18,19,1,1,16,3,1,13,1
457,Hash Three Points #457,900,80.58834432483128,1,1,7,30,1,1,16,2,1,15,1
67,Hash Three Points #67,901,80.5585524865261,1,1,15,21,1,1,13,2,1,18,2
934,Hash Three Points #934,902,80.5359762501182,1,1,17,19,1,1,13,2,1,18,2
72,Hash Three Points #72,903,80.52645968767693,1,1,15,24,3,1,13,2,1,13,1
682,Hash Three Points #682,904,80.52218615253145,1,1,15,24,1,1,13,2,1,15,1
92,Hash Three Points #92,905,80.51955898390754,1,1,14,24,1,1,17,2,1,13,2
580,Hash Three Points #580,906,80.51649968596152,1,1,15,24,3,1,14,2,1,13,1
263,Hash Three Points #263,907,80.47016343614996,1,1,15,19,3,1,16,2,1,16,1
469,Hash Three Points #469,908,80.42547913585082,1,1,16,19,3,1,13,3,1,16,2
88,Hash Three Points #88,909,80.42277507359688,1,1,14,17,3,1,17,3,1,16,1
755,Hash Three Points #755,910,80.38798552138067,1,1,7,26,1,1,17,3,1,17,1
389,Hash Three Points #389,911,80.37120958385754,1,1,16,19,3,1,17,2,1,13,1
476,Hash Three Points #476,912,80.2635622788978,1,1,17,21,1,1,16,2,1,14,1
599,Hash Three Points #599,913,80.18934912178685,1,1,14,24,1,1,17,2,1,14,2
201,Hash Three Points #201,914,80.1555486456639,1,1,15,17,1,1,17,3,1,17,2
24,Hash Three Points #24,915,80.1469379873894,1,1,17,20,1,1,16,3,1,14,1
180,Hash Three Points #180,916,80.14690564516891,1,1,17,19,1,1,17,2,1,13,2
311,Hash Three Points #311,917,80.06497446512057,1,1,7,30,3,1,14,3,1,13,1
187,Hash Three Points #187,918,80.05382618661729,1,1,14,20,3,1,16,3,1,14,2
720,Hash Three Points #720,919,80.0307658685588,1,1,17,21,1,1,13,2,1,15,2
358,Hash Three Points #358,920,80.0038109695018,1,1,15,21,3,1,13,3,1,14,2
806,Hash Three Points #806,921,79.93703283984618,1,1,16,20,1,1,16,2,1,16,2
61,Hash Three Points #61,922,79.86599384537128,1,1,14,20,1,1,16,3,1,16,2
232,Hash Three Points #232,923,79.80952899622858,1,1,15,24,1,1,16,2,1,13,1
114,Hash Three Points #114,924,79.7817486617975,1,1,14,24,1,1,13,2,1,16,2
704,Hash Three Points #704,925,79.77600317991204,1,1,14,22,1,1,13,2,1,18,2
152,Hash Three Points #152,926,79.75067539456272,1,1,14,24,1,1,14,2,1,16,1
941,Hash Three Points #941,927,79.62999617555482,1,1,17,19,3,1,13,3,1,14,1
420,Hash Three Points #420,928,79.62357172313276,1,1,14,19,1,1,16,2,1,18,2
269,Hash Three Points #269,929,79.47970081697336,1,1,15,24,1,1,13,2,1,15,2
106,Hash Three Points #106,930,79.30177198893315,1,1,16,22,1,1,16,2,1,13,2
424,Hash Three Points #424,931,79.2970490727117,1,1,7,26,1,1,17,2,1,17,2
778,Hash Three Points #778,932,79.29304020447972,1,1,7,33,1,1,14,2,1,13,1
884,Hash Three Points #884,933,79.27272579283789,1,1,15,19,1,1,17,2,1,16,2
406,Hash Three Points #406,934,79.24866003113382,1,1,17,19,1,1,13,2,1,17,2
831,Hash Three Points #831,935,79.24573609689746,1,1,16,17,1,1,13,3,1,18,1
116,Hash Three Points #116,936,79.22437732725166,1,1,17,19,1,1,14,2,1,17,2
12,Hash Three Points #12,937,79.21000285389019,1,1,14,26,1,1,13,2,1,14,1
780,Hash Three Points #780,938,79.18178380081656,1,1,15,19,1,1,16,2,1,16,1
433,Hash Three Points #433,939,79.11300278165791,1,1,7,26,1,1,16,2,1,17,1
718,Hash Three Points #718,940,79.10069257518967,1,1,14,22,1,1,17,2,1,15,2
912,Hash Three Points #912,941,79.01967251046096,1,1,15,19,1,1,16,3,1,15,1
767,Hash Three Points #767,942,78.98346025611471,1,1,15,19,1,1,17,2,1,16,2
188,Hash Three Points #188,943,78.80229324319124,1,1,16,20,1,1,16,3,1,13,2
370,Hash Three Points #370,944,78.75965194594883,1,1,14,21,1,1,16,3,1,14,1
948,Hash Three Points #948,945,78.65821445442084,1,1,17,19,1,1,14,2,1,16,1
280,Hash Three Points #280,946,78.586603937241,1,1,14,24,1,1,13,2,1,15,2
791,Hash Three Points #791,947,78.54864851244798,1,1,15,17,1,1,16,3,1,17,2
501,Hash Three Points #501,948,78.49734709205354,1,1,16,20,1,1,16,2,1,14,2
841,Hash Three Points #841,949,78.46638159865752,1,1,17,17,1,1,16,3,1,15,1
142,Hash Three Points #142,950,78.46363363309547,1,1,15,24,1,1,14,2,1,13,1
445,Hash Three Points #445,951,78.43939214229587,1,1,14,19,1,1,16,2,1,17,1
957,Hash Three Points #957,952,78.43292262170613,1,1,15,19,1,1,16,2,1,16,2
788,Hash Three Points #788,953,78.42148932936357,1,1,16,22,1,1,16,2,1,13,2
988,Hash Three Points #988,954,78.39214333508104,1,1,15,22,1,1,14,2,1,15,1
421,Hash Three Points #421,955,78.29651324189678,1,1,7,24,1,1,14,2,1,20,1
739,Hash Three Points #739,956,78.27164024262429,1,1,17,20,3,1,14,2,1,13,2
520,Hash Three Points #520,957,78.25052022150426,1,1,17,20,1,1,16,2,1,13,2
190,Hash Three Points #190,958,78.19960076120033,1,1,17,17,1,1,13,2,1,18,2
17,Hash Three Points #17,959,78.1796007871755,1,1,14,20,1,1,17,3,1,13,1
129,Hash Three Points #129,960,78.14941318565431,1,1,15,17,3,1,16,2,1,16,2
478,Hash Three Points #478,961,78.01001581940665,1,1,15,17,3,1,17,2,1,15,1
255,Hash Three Points #255,962,77.96096566118429,1,1,15,20,1,1,14,3,1,15,2
393,Hash Three Points #393,963,77.95517543435687,1,1,7,24,3,1,17,2,1,16,1
605,Hash Three Points #605,964,77.91818778718249,1,1,7,26,1,1,16,2,1,16,1
77,Hash Three Points #77,965,77.89477324864524,1,1,7,22,3,1,17,3,1,16,1
585,Hash Three Points #585,966,77.79027772695765,1,1,7,24,1,1,13,3,1,18,2
34,Hash Three Points #34,967,77.58146790191932,1,1,14,19,1,1,17,3,1,14,1
937,Hash Three Points #937,968,77.54321078709812,1,1,17,19,3,1,14,2,1,13,1
432,Hash Three Points #432,969,77.53466144380675,1,1,17,17,1,1,13,3,1,16,1
15,Hash Three Points #15,970,77.52295728281031,1,1,14,17,1,1,16,3,1,17,2
617,Hash Three Points #617,971,77.47899169247378,1,1,14,21,1,1,13,3,1,15,1
320,Hash Three Points #320,972,77.47251287642172,1,1,14,22,3,1,14,2,1,14,2
158,Hash Three Points #158,973,77.45189255838805,1,1,15,17,1,1,17,3,1,14,2
373,Hash Three Points #373,974,77.2399181109273,1,1,14,21,1,1,16,2,1,14,2
324,Hash Three Points #324,975,77.19331643157301,1,1,7,26,1,1,14,3,1,16,1
398,Hash Three Points #398,976,77.06597450479504,1,1,7,26,3,1,17,2,1,13,2
480,Hash Three Points #480,977,77.02211220460217,1,1,15,17,1,1,17,3,1,14,1
987,Hash Three Points #987,978,76.98095057731425,1,1,7,22,1,1,17,3,1,17,1
1008,Hash Three Points #1008,979,76.95168696303192,1,1,14,20,1,1,17,2,1,14,1
668,Hash Three Points #668,980,76.91288910553035,1,1,15,22,1,1,14,2,1,14,2
933,Hash Three Points #933,981,76.87959049769796,1,1,7,26,3,1,16,2,1,13,2
626,Hash Three Points #626,982,76.83174173509838,1,1,7,24,1,1,16,3,1,15,1
332,Hash Three Points #332,983,76.82354902363953,1,1,14,20,1,1,16,3,1,13,2
513,Hash Three Points #513,984,76.81508764770737,1,1,14,19,3,1,14,2,1,15,1
864,Hash Three Points #864,985,76.75912753492582,1,1,7,24,1,1,17,2,1,16,1
431,Hash Three Points #431,986,76.7126629516608,1,1,7,26,1,1,16,3,1,13,1
251,Hash Three Points #251,987,76.32811655838753,1,1,15,17,1,1,16,2,1,16,2
787,Hash Three Points #787,988,76.09924738164814,1,1,18,17,1,1,13,3,1,13,1
818,Hash Three Points #818,989,75.86535994950505,1,1,14,17,1,1,13,3,1,17,2
473,Hash Three Points #473,990,75.83187207415472,1,1,7,24,1,1,14,3,1,16,2
692,Hash Three Points #692,991,75.81715001060707,1,1,7,24,3,1,14,3,1,15,1
902,Hash Three Points #902,992,75.6397418331989,1,1,7,26,1,1,14,3,1,15,1
141,Hash Three Points #141,993,75.6236178742475,1,1,7,21,3,1,16,2,1,17,1
968,Hash Three Points #968,994,75.31863901595413,1,1,15,17,1,1,16,2,1,15,1
698,Hash Three Points #698,995,75.13325267659836,1,1,7,22,1,1,16,3,1,16,1
212,Hash Three Points #212,996,74.9514993279886,1,1,14,21,1,1,14,2,1,14,2
610,Hash Three Points #610,997,74.94134873582502,1,1,15,17,1,1,17,2,1,14,2
401,Hash Three Points #401,998,74.87630583823903,1,1,15,17,3,1,14,2,1,15,1
543,Hash Three Points #543,999,74.47845760198402,1,1,16,20,1,1,13,2,1,13,2
906,Hash Three Points #906,1000,74.47100040439554,1,1,7,24,1,1,16,3,1,13,1
1009,Hash Three Points #1009,1000,74.47100040439554,1,1,7,24,1,1,13,3,1,16,1
765,Hash Three Points #765,1002,74.0610376305618,1,1,7,20,1,1,16,3,1,17,1
402,Hash Three Points #402,1003,73.92643334420126,1,1,7,19,3,1,16,2,1,17,2
58,Hash Three Points #58,1004,73.65252231219156,1,1,7,24,1,1,14,2,1,16,1
705,Hash Three Points #705,1005,73.60130572417455,1,1,7,19,3,1,16,3,1,15,1
446,Hash Three Points #446,1006,73.43690129242904,1,1,7,24,1,1,16,2,1,13,1
93,Hash Three Points #93,1007,73.20806623740908,1,1,7,17,1,1,16,3,1,18,1
222,Hash Three Points #222,1008,73.04430992275007,1,1,7,26,1,1,14,2,1,13,1
786,Hash Three Points #786,1009,72.83926399545612,1,1,7,24,1,1,14,3,1,14,2
960,Hash Three Points #960,1010,72.68505458578403,1,1,14,20,1,1,13,2,1,13,1
856,Hash Three Points #856,1011,72.63073157639738,1,1,7,19,1,1,17,3,1,15,2
166,Hash Three Points #166,1012,72.31072254972041,1,1,7,19,1,1,16,3,1,16,1
428,Hash Three Points #428,1013,72.18319113020978,1,1,14,17,3,1,13,2,1,14,2
537,Hash Three Points #537,1014,71.83366489777012,1,1,7,21,1,1,16,2,1,15,1
195,Hash Three Points #195,1015,71.67201197286474,1,1,7,20,1,1,17,3,1,13,1
411,Hash Three Points #411,1016,70.44690955896772,1,1,7,24,1,1,13,2,1,14,1
649,Hash Three Points #649,1017,70.25901882934528,1,1,7,17,1,1,13,3,1,18,1
989,Hash Three Points #989,1018,69.9585756242225,1,1,7,22,1,1,14,2,1,15,2
526,Hash Three Points #526,1019,69.88639960926844,1,1,7,19,1,1,13,3,1,16,1
173,Hash Three Points #173,1020,68.17414836438562,1,1,7,20,1,1,14,3,1,13,1
669,Hash Three Points #669,1021,67.81062253726162,1,1,7,17,1,1,16,2,1,16,1
809,Hash Three Points #809,1022,67.29947817082088,1,1,7,21,1,1,13,2,1,13,1
671,Hash Three Points #671,1023,66.83553287570628,1,1,7,17,1,1,14,3,1,15,1
516,Hash Three Points #516,1024,66.35858748217501,1,1,7,19,1,1,14,2,1,14,2
