ID,Name,Rank,Rarity_Score,Attributes-Scores,Centered-Scores,Color Palette-Scores,Extra Rotation-Scores,Outlined-Scores,Padding-Scores,Petals-Scores,Segments-Scores,Shape Type-Scores,Shrink-Scores,Use Palette Background-Scores,X Movement-Scores,Y Movement-Scores
300,Hash Three Points #300,1,2138.217659619716,1,1,15,24,1,1,17,3,1,20,2,1024,1024
598,Hash Three Points #598,2,2137.185574568388,1,1,16,27,3,1,16,2,1,16,2,1024,1024
690,Hash Three Points #690,3,2136.0161737306494,1,1,18,26,1,1,17,2,1,15,1,1024,1024
441,Hash Three Points #441,4,2135.676469500886,1,1,17,26,3,1,16,3,1,13,1,1024,1024
206,Hash Three Points #206,5,2135.4998913032555,1,1,18,19,3,1,16,3,1,17,1,1024,1024
734,Hash Three Points #734,6,2133.2827940650895,1,1,17,21,1,1,16,3,1,17,2,1024,1024
555,Hash Three Points #555,7,2132.8265714475374,1,1,15,21,3,1,17,2,1,17,1,1024,1024
153,Hash Three Points #153,8,2131.227428564376,1,1,15,24,1,1,17,3,1,14,1,1024,1024
856,Hash Three Points #856,9,2120.6307315763975,1,1,7,19,1,1,17,3,1,15,2,1024,1024
435,Hash Three Points #435,10,1631.6539624130887,1,1,15,33,3,1,13,3,1,18,2,512,1024
205,Hash Three Points #205,11,1623.6042876956326,1,1,17,26,1,1,17,2,1,16,1,512,1024
11,Hash Three Points #11,12,1621.769862564187,1,1,14,24,3,1,17,3,1,15,2,512,1024
184,Hash Three Points #184,13,1621.5462236740998,1,1,15,30,1,1,16,2,1,13,1,1024,512
90,Hash Three Points #90,14,1620.9872970658857,1,1,14,24,1,1,17,3,1,16,1,512,1024
909,Hash Three Points #909,15,1620.8355503338134,1,1,17,24,1,1,13,2,1,17,2,512,1024
333,Hash Three Points #333,16,1620.6115966771554,1,1,17,20,3,1,16,3,1,16,1,1024,512
123,Hash Three Points #123,17,1618.2278463274074,1,1,14,27,1,1,16,2,1,13,2,512,1024
192,Hash Three Points #192,18,1618.1372286082378,1,1,16,21,3,1,17,2,1,14,2,1024,512
459,Hash Three Points #459,19,1616.735332058201,1,1,7,27,3,1,13,3,1,17,1,512,1024
791,Hash Three Points #791,20,1614.548648512448,1,1,15,17,1,1,16,3,1,17,2,512,1024
15,Hash Three Points #15,21,1613.5229572828102,1,1,14,17,1,1,16,3,1,17,2,1024,512
473,Hash Three Points #473,22,1611.8318720741547,1,1,7,24,1,1,14,3,1,16,2,512,1024
489,Hash Three Points #489,23,1471.3812020153357,1,1,15,24,3,22,17,3,1,13,2,1024,341
721,Hash Three Points #721,24,1467.5075087788573,1,1,17,24,1,14,16,3,5,15,2,341,1024
280,Hash Three Points #280,25,1443.9199372705743,1,1,14,24,1,1,13,2,1,15,2,341,1024
600,Hash Three Points #600,26,1372.1814163961483,1,1,17,33,3,1,14,2,1,14,2,1024,256
101,Hash Three Points #101,27,1368.1862522703973,1,1,17,24,1,1,16,3,1,17,2,1024,256
55,Hash Three Points #55,28,1366.3258067607499,1,1,15,31,1,1,13,3,1,13,1,1024,256
888,Hash Three Points #888,29,1364.5637456086597,1,1,15,24,1,1,17,3,1,15,2,1024,256
585,Hash Three Points #585,30,1357.7902777269576,1,1,7,24,1,1,13,3,1,18,2,1024,256
373,Hash Three Points #373,31,1357.2399181109272,1,1,14,21,1,1,16,2,1,14,2,256,1024
565,Hash Three Points #565,32,1329.2675640255577,1,1,15,22,1,22,16,3,1,13,2,1024,204
346,Hash Three Points #346,33,1318.3305341611388,1,1,16,31,1,1,16,2,1,15,1,204,1024
783,Hash Three Points #783,34,1315.0274647060535,1,1,14,24,3,1,16,3,1,16,1,1024,204
930,Hash Three Points #930,35,1287.670335628165,1,1,17,31,3,1,14,3,1,15,2,1024,170
119,Hash Three Points #119,36,1286.6413909001496,1,1,16,33,1,1,13,3,1,16,2,170,1024
9,Hash Three Points #9,37,1286.136965505321,1,1,17,26,3,1,17,3,1,16,2,170,1024
799,Hash Three Points #799,38,1274.4701826293872,1,1,18,24,1,15,13,2,5,17,1,1024,146
1003,Hash Three Points #1003,39,1267.0548913663993,1,1,17,17,1,22,16,2,1,15,2,1024,146
763,Hash Three Points #763,40,1260.9337219966494,1,1,14,31,3,15,14,2,5,18,1,1024,128
103,Hash Three Points #103,41,1260.450789203188,1,1,17,27,1,1,13,2,1,20,2,146,1024
156,Hash Three Points #156,42,1258.810448707508,1,1,17,20,3,1,17,2,1,20,1,146,1024
545,Hash Three Points #545,43,1257.97801022064,1,1,15,1024,1,13,16,3,1,14,1,85,78
558,Hash Three Points #558,44,1256.2416437659115,1,1,15,24,1,1,17,2,1,17,1,146,1024
374,Hash Three Points #374,45,1253.7189928558685,1,1,17,46,3,1,16,3,1,20,1,113,1024
320,Hash Three Points #320,46,1247.7582271621359,1,1,14,22,3,1,14,2,1,14,2,146,1024
626,Hash Three Points #626,47,1247.1174560208126,1,1,7,24,1,1,16,3,1,15,1,146,1024
550,Hash Three Points #550,48,1247.0644135788796,1,1,7,24,3,14,17,3,5,14,1,1024,128
70,Hash Three Points #70,49,1246.0831700622875,1,1,15,20,1,13,17,3,1,16,2,128,1024
479,Hash Three Points #479,50,1244.707931097,1,1,16,30,1,1,20,3,1,14,2,1024,128
589,Hash Three Points #589,51,1239.5365982581804,1,1,17,24,1,1,16,2,1,17,2,1024,128
806,Hash Three Points #806,52,1231.937032839846,1,1,16,20,1,1,16,2,1,16,2,128,1024
501,Hash Three Points #501,53,1230.4973470920536,1,1,16,20,1,1,16,2,1,14,2,1024,128
313,Hash Three Points #313,54,1230.2012302037383,1,1,17,31,1,1,16,2,1,17,1,113,1024
190,Hash Three Points #190,55,1230.1996007612004,1,1,17,17,1,1,13,2,1,18,2,1024,128
204,Hash Three Points #204,56,1228.5575568325194,1,1,15,31,1,1,14,3,1,17,2,1024,113
622,Hash Three Points #622,57,1222.291414252862,1,1,16,24,3,1,13,3,1,15,2,113,1024
16,Hash Three Points #16,58,1222.1983563192543,1,1,18,31,1,1,17,3,1,16,2,1024,102
13,Hash Three Points #13,59,1220.2864343642373,1,1,15,24,1,1,17,2,1,14,1,113,1024
542,Hash Three Points #542,60,1218.375562810506,1,1,18,19,1,1,16,3,1,13,1,1024,113
224,Hash Three Points #224,61,1216.388651456714,1,1,17,24,3,1,17,3,1,16,1,102,1024
698,Hash Three Points #698,62,1212.9110304543763,1,1,7,22,1,1,16,3,1,16,1,1024,113
201,Hash Three Points #201,63,1197.2464577365731,1,1,15,17,1,1,17,3,1,17,2,93,1024
433,Hash Three Points #433,64,1196.203911872567,1,1,7,26,1,1,16,2,1,17,1,93,1024
855,Hash Three Points #855,65,1190.2621799849212,1,1,16,31,1,1,17,3,1,20,2,68,1024
861,Hash Three Points #861,66,1184.3210547687268,1,1,14,30,1,1,17,3,1,17,2,68,1024
232,Hash Three Points #232,67,1182.5787597654594,1,1,15,24,1,1,16,2,1,13,1,1024,78
713,Hash Three Points #713,68,1181.946449833185,1,1,15,30,1,1,17,3,1,14,1,68,1024
682,Hash Three Points #682,69,1177.6650432953886,1,1,15,24,1,1,13,2,1,15,1,1024,73
272,Hash Three Points #272,70,1177.6352488408695,1,1,17,24,1,1,16,3,1,15,1,1024,68
969,Hash Three Points #969,71,1176.2251957070157,1,1,16,21,1,1,17,3,1,16,2,68,1024
96,Hash Three Points #96,72,1174.6303696750845,1,1,14,17,1,17,17,3,1,15,2,56,1024
332,Hash Three Points #332,73,1173.9664061664967,1,1,14,20,1,1,16,3,1,13,2,1024,73
432,Hash Three Points #432,74,1169.8013281104734,1,1,17,17,1,1,13,3,1,16,1,68,1024
336,Hash Three Points #336,75,1166.8069696837338,1,1,18,26,1,1,16,2,1,14,1,56,1024
321,Hash Three Points #321,76,1165.748607530167,1,1,18,21,1,1,13,2,1,16,1,60,1024
340,Hash Three Points #340,77,1160.9752768205528,1,1,16,31,3,1,16,3,1,14,1,44,1024
753,Hash Three Points #753,78,1153.4231876374179,1,1,15,26,1,1,16,3,1,16,1,1024,42
288,Hash Three Points #288,79,1152.3254048044955,1,1,15,24,1,1,17,2,1,16,2,1024,42
216,Hash Three Points #216,80,1150.4440299760897,1,1,17,20,1,1,17,3,1,13,1,44,1024
864,Hash Three Points #864,81,1143.4257942015927,1,1,7,24,1,1,17,2,1,16,1,1024,42
956,Hash Three Points #956,82,1117.2917808957354,1,16,7,1024,1,1,16,3,1,15,1,13,12
84,Hash Three Points #84,83,1112.76471249238,1,1,17,24,1,1,20,2,1,15,2,512,512
251,Hash Three Points #251,84,1100.3281165583876,1,1,15,17,1,1,16,2,1,16,2,512,512
957,Hash Three Points #957,85,931.7662559550395,1,1,15,19,1,1,16,2,1,16,2,512,341
421,Hash Three Points #421,86,931.62984657523,1,1,7,24,1,1,14,2,1,20,1,512,341
960,Hash Three Points #960,87,926.0183879191172,1,1,14,20,1,1,13,2,1,13,1,512,341
809,Hash Three Points #809,88,920.6328115041542,1,1,7,21,1,1,13,2,1,13,1,341,512
904,Hash Three Points #904,89,871.8121278857192,1,1,17,27,3,13,16,3,1,16,1,512,256
474,Hash Three Points #474,90,856.8819925193586,1,1,14,24,3,1,20,3,1,15,2,256,512
576,Hash Three Points #576,91,854.1304323644124,1,1,15,30,1,1,14,3,1,13,1,256,512
275,Hash Three Points #275,92,851.443063827078,1,1,16,24,3,1,16,2,1,13,2,256,512
366,Hash Three Points #366,93,830.4794486129506,1,1,7,53,3,1,20,3,1,17,1,512,204
696,Hash Three Points #696,94,804.4359217179066,1,1,18,20,1,1,17,3,1,17,1,204,512
661,Hash Three Points #661,95,802.3716411567625,1,1,16,19,3,1,17,3,1,17,2,512,204
292,Hash Three Points #292,96,802.0184581959741,1,1,15,26,3,1,14,2,1,16,2,512,204
409,Hash Three Points #409,97,793.0611044410925,1,1,15,53,3,1,14,2,1,13,1,512,170
874,Hash Three Points #874,98,783.1336899347174,1,1,17,24,1,17,17,2,1,14,2,512,170
591,Hash Three Points #591,99,781.4412016471717,1,1,15,19,1,17,17,3,5,15,2,170,512
594,Hash Three Points #594,100,769.0782068860676,1,1,15,30,1,1,13,2,1,16,2,512,170
807,Hash Three Points #807,101,768.6656786693824,1,1,16,24,3,1,16,3,1,14,1,512,170
599,Hash Three Points #599,102,762.8560157884535,1,1,14,24,1,1,17,2,1,14,2,341,341
477,Hash Three Points #477,103,744.9506587868741,1,1,16,24,1,15,17,3,5,15,2,128,512
708,Hash Three Points #708,104,740.5010702042816,1,1,14,21,1,1,20,3,1,13,2,512,146
3,Hash Three Points #3,105,739.138523597641,1,1,16,24,1,17,16,3,1,14,2,512,128
277,Hash Three Points #277,106,738.9323680101973,1,1,17,20,1,1,16,3,1,14,2,146,512
389,Hash Three Points #389,107,738.6569238695718,1,1,16,19,3,1,17,2,1,13,1,146,512
31,Hash Three Points #31,108,738.608980859022,1,1,16,17,1,22,17,2,1,15,1,128,512
125,Hash Three Points #125,109,733.2867215887404,1,1,15,17,1,17,16,3,1,15,2,512,128
130,Hash Three Points #130,110,728.291287983282,1,1,14,27,3,17,16,3,1,14,2,512,113
492,Hash Three Points #492,111,724.6109546408861,1,1,17,24,1,1,17,2,1,14,2,128,512
128,Hash Three Points #128,112,724.4802582881191,1,1,16,30,1,1,13,2,1,13,2,512,128
488,Hash Three Points #488,113,723.4692760546895,1,1,17,33,1,1,20,3,1,14,2,512,113
393,Hash Three Points #393,114,717.9551754343569,1,1,7,24,3,1,17,2,1,16,1,512,128
218,Hash Three Points #218,115,716.9284676878915,1,1,16,24,3,1,20,3,1,15,1,512,113
875,Hash Three Points #875,116,714.018453956771,1,1,17,24,1,1,17,3,1,16,2,512,113
814,Hash Three Points #814,117,712.0078726757865,1,1,7,39,1,1,14,2,1,14,1,512,113
782,Hash Three Points #782,118,710.577289475511,1,1,7,27,3,15,14,2,5,16,1,102,512
715,Hash Three Points #715,119,709.9341914969899,1,1,16,26,1,15,13,2,1,14,2,512,102
410,Hash Three Points #410,120,708.7629158098453,1,1,14,53,1,1,17,2,1,15,2,341,256
369,Hash Three Points #369,121,708.0264076053861,1,1,7,30,3,1,14,2,1,17,1,512,113
376,Hash Three Points #376,122,706.9695028384004,1,1,15,27,1,15,16,2,5,14,1,512,93
418,Hash Three Points #418,123,706.9374718041561,1,1,16,24,1,1,13,2,1,16,2,113,512
984,Hash Three Points #984,124,700.3841986000119,1,1,17,31,1,1,17,3,1,17,2,512,93
554,Hash Three Points #554,125,700.3152668049858,1,1,7,26,1,14,17,2,5,17,1,93,512
355,Hash Three Points #355,126,699.1691777604335,1,1,18,53,3,1,16,2,1,17,1,68,512
293,Hash Three Points #293,127,689.9645004851188,1,1,16,39,1,1,20,3,1,16,2,73,512
934,Hash Three Points #934,128,685.6268853410273,1,1,17,19,1,1,13,2,1,18,2,512,93
613,Hash Three Points #613,129,684.708074651323,1,1,14,31,3,1,13,3,1,13,2,85,512
777,Hash Three Points #777,130,684.490967739039,1,1,17,33,3,1,17,3,1,17,2,73,512
583,Hash Three Points #583,131,684.0833913500757,1,1,16,26,3,1,16,2,1,15,2,341,256
1022,Hash Three Points #1022,132,684.0545182678827,1,1,16,24,3,14,17,3,5,15,2,512,68
496,Hash Three Points #496,133,680.1519119928316,1,1,17,22,1,13,17,2,1,16,2,73,512
771,Hash Three Points #771,134,679.8641521373986,1,1,17,19,1,1,16,3,1,16,1,512,85
560,Hash Three Points #560,135,679.3558043448402,1,1,16,146,1,1,16,3,1,17,1,128,341
943,Hash Three Points #943,136,678.1124488443912,1,1,17,17,1,1,17,3,1,16,2,512,85
425,Hash Three Points #425,137,676.4952330407916,1,1,14,31,3,1,17,3,1,14,1,512,73
88,Hash Three Points #88,138,671.1920058428277,1,1,14,17,3,1,17,3,1,16,1,512,78
601,Hash Three Points #601,139,670.9488922339219,1,1,17,53,1,1,20,3,1,20,2,341,204
979,Hash Three Points #979,140,669.6931333289813,1,1,17,30,3,1,13,3,1,13,2,68,512
883,Hash Three Points #883,141,669.2344808875429,1,1,16,24,1,1,17,2,1,15,2,512,73
769,Hash Three Points #769,142,668.8089289689453,1,1,14,26,1,1,16,2,1,16,1,73,512
808,Hash Three Points #808,143,667.6995301282813,1,1,17,30,1,1,13,3,1,13,1,512,68
989,Hash Three Points #989,144,667.2919089575558,1,1,7,22,1,1,14,2,1,15,2,341,256
240,Hash Three Points #240,145,664.6560599443534,1,1,14,31,1,1,14,2,1,14,2,68,512
792,Hash Three Points #792,146,662.057280617297,1,1,14,24,1,1,16,2,1,16,1,512,68
802,Hash Three Points #802,147,661.6883253568529,1,1,16,85,1,1,16,2,1,20,2,256,256
737,Hash Three Points #737,148,661.5871481718783,1,1,17,24,1,1,13,2,1,15,2,68,512
831,Hash Three Points #831,149,659.5124027635641,1,1,16,17,1,1,13,3,1,18,1,512,68
955,Hash Three Points #955,150,657.4940806966497,1,1,14,146,1,1,14,3,1,15,2,341,113
1009,Hash Three Points #1009,151,654.7376670710622,1,1,7,24,1,1,13,3,1,16,1,68,512
94,Hash Three Points #94,152,646.3579055263899,1,1,14,26,1,17,17,2,1,15,1,204,341
680,Hash Three Points #680,153,631.665242137075,1,1,17,24,3,1,14,2,1,16,1,341,204
147,Hash Three Points #147,154,629.668948171852,1,1,15,341,3,1,16,2,1,15,1,113,113
100,Hash Three Points #100,155,622.4319816246973,1,1,7,256,1,1,14,3,1,15,1,170,146
385,Hash Three Points #385,156,617.0106397855466,1,1,16,26,1,17,16,3,1,17,2,256,256
632,Hash Three Points #632,157,615.746555694449,1,1,15,26,1,17,17,3,1,16,1,341,170
965,Hash Three Points #965,158,612.2924364021803,1,1,17,21,1,14,17,2,5,17,1,256,256
38,Hash Three Points #38,159,610.5312535884261,1,1,15,21,1,15,16,2,5,16,2,256,256
367,Hash Three Points #367,160,607.7635108314976,1,1,17,53,1,1,20,3,1,16,2,341,146
764,Hash Three Points #764,161,598.4934095724489,1,1,15,53,1,1,16,2,1,14,2,146,341
547,Hash Three Points #547,162,598.0494330413679,1,1,16,24,1,1,17,2,1,16,1,256,256
310,Hash Three Points #310,163,595.5658255527555,1,1,15,24,1,1,16,3,1,15,2,341,170
59,Hash Three Points #59,164,591.5165826041573,1,1,17,39,3,1,17,3,1,15,1,146,341
778,Hash Three Points #778,165,591.2930402044797,1,1,7,33,1,1,14,2,1,13,1,256,256
158,Hash Three Points #158,166,589.4518925583881,1,1,15,17,1,1,17,3,1,14,2,256,256
482,Hash Three Points #482,167,586.2474053555757,1,1,16,53,1,1,20,2,1,16,2,341,128
665,Hash Three Points #665,168,584.9863271931213,1,1,15,20,1,22,13,2,1,16,1,341,146
396,Hash Three Points #396,169,576.8173913850685,1,1,16,30,1,1,14,3,1,15,2,341,146
685,Hash Three Points #685,170,575.7440085352489,1,1,17,26,3,1,14,2,1,17,1,341,146
400,Hash Three Points #400,171,570.1050984370793,1,1,14,24,1,1,14,3,1,17,2,341,146
114,Hash Three Points #114,172,567.400796280845,1,1,14,24,1,1,13,2,1,16,2,341,146
787,Hash Three Points #787,173,563.7182950006957,1,1,18,17,1,1,13,3,1,13,1,341,146
402,Hash Three Points #402,174,561.5454809632488,1,1,7,19,3,1,16,2,1,17,2,146,341
534,Hash Three Points #534,175,558.499301007913,1,1,15,26,3,1,14,3,1,17,1,128,341
335,Hash Three Points #335,176,554.4593847682445,1,1,15,24,3,1,17,3,1,20,2,204,256
958,Hash Three Points #958,177,546.4410523926274,1,1,7,22,3,14,16,2,5,16,1,341,113
305,Hash Three Points #305,178,546.3069964609058,1,1,16,19,1,17,14,2,1,14,2,341,113
196,Hash Three Points #196,179,544.0420569154564,1,1,17,24,3,1,14,3,1,17,1,341,113
660,Hash Three Points #660,180,543.7408565907141,1,1,15,31,3,1,13,2,1,15,1,113,341
446,Hash Three Points #446,181,542.7702346257623,1,1,7,24,1,1,16,2,1,13,1,341,128
526,Hash Three Points #526,182,539.2197329426017,1,1,7,19,1,1,13,3,1,16,1,341,128
109,Hash Three Points #109,183,539.1922421123545,1,1,7,146,1,1,16,3,1,15,1,85,256
245,Hash Three Points #245,184,535.7330236537277,1,1,17,146,3,1,16,3,1,16,1,68,256
845,Hash Three Points #845,185,535.5335388436251,1,1,7,24,3,15,17,3,1,13,1,341,102
420,Hash Three Points #420,186,534.7346828342438,1,1,14,19,1,1,16,2,1,18,2,341,113
780,Hash Three Points #780,187,534.2928949119276,1,1,15,19,1,1,16,2,1,16,1,341,113
879,Hash Three Points #879,188,534.0483269688579,1,1,14,19,1,15,16,3,1,13,1,341,102
328,Hash Three Points #328,189,532.5367446721166,1,1,15,26,1,1,17,3,1,16,1,341,102
893,Hash Three Points #893,190,532.3778852853925,1,1,18,26,1,22,16,2,1,13,1,85,341
639,Hash Three Points #639,191,530.299627899117,1,1,17,26,1,13,17,2,1,20,1,256,170
401,Hash Three Points #401,192,529.9874169493501,1,1,15,17,3,1,14,2,1,15,1,341,113
878,Hash Three Points #878,193,529.6130437145642,1,1,16,24,1,15,17,2,1,18,2,341,85
403,Hash Three Points #403,194,529.5085735584311,1,1,15,27,3,1,16,2,1,13,1,341,102
633,Hash Three Points #633,195,528.5250277650339,1,1,15,21,1,17,17,2,5,17,1,170,256
618,Hash Three Points #618,196,528.0370187831963,1,1,16,22,3,1,16,2,1,16,2,341,102
907,Hash Three Points #907,197,527.219941700786,1,1,17,26,3,13,17,2,1,15,2,170,256
116,Hash Three Points #116,198,522.957710660585,1,1,17,19,1,1,14,2,1,17,2,341,102
317,Hash Three Points #317,199,521.6024599944205,1,1,16,39,1,15,16,2,1,15,2,68,341
908,Hash Three Points #908,200,519.8086909911648,1,1,17,26,1,1,14,2,1,16,2,93,341
789,Hash Three Points #789,201,516.927177026738,1,1,14,27,3,1,14,2,1,13,2,93,341
884,Hash Three Points #884,202,513.6969682170803,1,1,15,19,1,1,17,2,1,16,2,93,341
843,Hash Three Points #843,203,513.4719881105892,1,1,14,20,1,15,17,2,5,18,2,341,73
924,Hash Three Points #924,204,511.6603947267905,1,1,7,146,1,1,14,2,1,16,1,60,256
398,Hash Three Points #398,205,511.49021692903744,1,1,7,26,3,1,17,2,1,13,2,93,341
592,Hash Three Points #592,206,511.4217125068117,1,1,16,26,1,1,16,2,1,20,2,78,341
505,Hash Three Points #505,207,508.79194698083865,1,1,17,113,1,1,16,2,1,17,2,204,128
145,Hash Three Points #145,208,508.55447928483835,1,1,16,46,1,1,16,3,1,14,1,256,146
234,Hash Three Points #234,209,507.294238582532,1,1,14,256,3,1,14,2,1,13,2,68,128
457,Hash Three Points #457,210,507.25501099149795,1,1,7,30,1,1,16,2,1,15,1,170,256
67,Hash Three Points #67,211,507.22521915319277,1,1,15,21,1,1,13,2,1,18,2,170,256
781,Hash Three Points #781,212,504.33694147083196,1,1,17,20,1,1,16,3,1,17,1,341,78
325,Hash Three Points #325,213,503.540115757924,1,1,15,17,1,17,17,3,1,18,2,341,64
124,Hash Three Points #124,214,503.38343204637783,1,1,17,26,1,17,14,3,1,15,1,341,60
136,Hash Three Points #136,215,503.1209211147735,1,1,14,21,1,15,17,3,5,16,1,146,256
669,Hash Three Points #669,216,502.23486496150406,1,1,7,17,1,1,16,2,1,16,1,93,341
246,Hash Three Points #246,217,501.5534345553266,1,1,15,78,3,15,16,2,1,15,1,256,93
1001,Hash Three Points #1001,218,499.6420235924271,1,1,15,21,1,15,14,2,1,14,2,68,341
912,Hash Three Points #912,219,499.12223661302505,1,1,15,19,1,1,16,3,1,15,1,341,78
197,Hash Three Points #197,220,497.8786598999591,1,1,15,113,1,17,16,2,5,15,2,102,204
990,Hash Three Points #990,221,497.52611602283787,1,1,18,256,3,13,16,3,1,15,1,51,113
556,Hash Three Points #556,222,497.2849359309072,1,1,17,53,1,1,16,2,1,14,2,128,256
476,Hash Three Points #476,223,494.73975275508826,1,1,17,21,1,1,16,2,1,14,1,341,73
57,Hash Three Points #57,224,493.4860537278835,1,1,15,24,1,1,16,2,1,16,2,204,204
314,Hash Three Points #314,225,491.6074936073498,1,1,16,17,1,1,17,2,1,20,2,68,341
982,Hash Three Points #982,226,491.31636344214996,1,1,7,24,3,15,14,3,1,13,1,146,256
761,Hash Three Points #761,227,491.0502361937372,1,1,16,17,3,1,16,3,1,16,2,341,68
248,Hash Three Points #248,228,490.90141741437145,1,1,17,256,1,1,14,2,1,14,1,93,85
623,Hash Three Points #623,229,484.2075254113473,1,1,17,24,1,17,17,3,5,17,2,170,204
606,Hash Three Points #606,230,480.5202969671847,1,1,7,26,3,14,16,2,5,17,1,341,42
480,Hash Three Points #480,231,479.3078264903165,1,1,15,17,1,1,17,3,1,14,1,256,146
968,Hash Three Points #968,232,477.6043533016684,1,1,15,17,1,1,16,2,1,15,1,146,256
871,Hash Three Points #871,233,475.5602646219523,1,1,18,26,1,1,17,3,1,16,1,256,128
751,Hash Three Points #751,234,474.8488536357837,1,1,15,39,1,1,17,3,1,15,2,170,204
719,Hash Three Points #719,235,473.84689858041423,1,1,17,24,3,15,17,2,5,15,1,256,113
414,Hash Three Points #414,236,473.21522907660284,1,1,14,17,1,15,16,3,1,15,2,256,128
992,Hash Three Points #992,237,471.5860946510671,1,1,17,24,1,1,16,3,1,16,2,128,256
20,Hash Three Points #20,238,471.17957317349453,1,1,17,24,1,1,20,2,1,13,2,341,42
142,Hash Three Points #142,239,470.9969669664288,1,1,15,24,1,1,14,2,1,13,1,51,341
29,Hash Three Points #29,240,469.90678154627057,1,1,14,31,1,1,16,3,1,20,2,170,204
284,Hash Three Points #284,241,469.87796814418033,1,1,15,24,1,17,16,2,5,13,2,256,113
996,Hash Three Points #996,242,469.612126859981,1,1,17,17,1,22,17,3,1,14,2,113,256
774,Hash Three Points #774,243,468.9638499043541,1,1,16,24,1,1,13,2,1,18,1,256,128
497,Hash Three Points #497,244,467.6517201418384,1,1,15,24,1,1,14,3,1,16,2,256,128
717,Hash Three Points #717,245,466.967408668953,1,1,14,17,1,1,17,2,1,20,1,44,341
352,Hash Three Points #352,246,464.63217534368323,1,1,15,17,3,22,13,2,1,15,2,256,113
485,Hash Three Points #485,247,464.5643852608144,1,1,17,31,1,17,17,2,5,17,2,146,204
34,Hash Three Points #34,248,461.5814679019193,1,1,14,19,1,1,17,3,1,14,1,128,256
337,Hash Three Points #337,249,460.88155811740603,1,1,15,30,3,1,17,3,1,13,2,113,256
543,Hash Three Points #543,250,458.478457601984,1,1,16,20,1,1,13,2,1,13,2,128,256
726,Hash Three Points #726,251,456.6798154801923,1,1,15,42,1,1,16,3,1,15,2,341,12
2,Hash Three Points #2,252,456.6708856507084,1,16,16,341,1,15,14,3,1,17,1,13,12
160,Hash Three Points #160,253,453.96878854129693,1,1,16,22,1,13,13,2,1,20,1,256,102
164,Hash Three Points #164,254,453.2887242920885,1,1,17,31,1,1,16,3,1,17,1,102,256
308,Hash Three Points #308,255,452.1167719960866,1,1,17,33,1,22,20,3,1,18,2,73,256
803,Hash Three Points #803,256,450.8689114840463,1,1,17,30,3,1,13,3,1,16,2,102,256
163,Hash Three Points #163,257,450.057847782455,1,1,15,46,3,1,16,2,1,17,1,256,85
24,Hash Three Points #24,258,449.92471576516715,1,1,17,20,1,1,16,3,1,14,1,256,113
413,Hash Three Points #413,259,448.51545465400307,1,1,16,20,3,14,16,3,5,15,2,256,93
670,Hash Three Points #670,260,447.78847374910146,1,1,7,146,1,13,16,2,1,15,1,93,146
645,Hash Three Points #645,261,447.6010540586927,1,1,17,33,1,22,16,2,1,16,2,128,204
886,Hash Three Points #886,262,447.43940414117844,1,1,15,26,1,14,13,2,5,16,1,256,93
709,Hash Three Points #709,263,447.1790754276665,1,1,15,24,1,13,17,3,1,16,2,256,93
191,Hash Three Points #191,264,446.6100285919649,1,1,16,48,3,14,14,3,5,17,1,113,204
842,Hash Three Points #842,265,445.9470602327846,1,1,15,48,1,17,17,2,5,16,2,204,113
186,Hash Three Points #186,266,445.7162976059287,1,1,16,53,1,13,16,3,1,16,1,204,113
82,Hash Three Points #82,267,445.6603926877417,1,1,17,22,3,15,17,3,1,17,2,170,170
902,Hash Three Points #902,268,445.4175196109767,1,1,7,26,1,1,14,3,1,15,1,256,113
797,Hash Three Points #797,269,443.69066652359936,1,1,15,53,1,22,16,3,1,17,2,102,204
590,Hash Three Points #590,270,442.6791309408186,1,1,17,31,1,1,16,3,1,14,1,146,204
504,Hash Three Points #504,271,440.61329785602163,1,16,14,341,3,1,14,2,1,17,2,13,12
928,Hash Three Points #928,272,438.9532573946847,1,1,14,39,1,17,14,2,1,15,1,73,256
677,Hash Three Points #677,273,438.42720279122625,1,1,16,24,3,1,20,3,1,20,1,170,170
173,Hash Three Points #173,274,437.95192614216336,1,1,7,20,1,1,14,3,1,13,1,256,113
338,Hash Three Points #338,275,437.8757732810023,1,1,7,53,1,17,16,2,5,13,2,170,146
746,Hash Three Points #746,276,436.4194389632566,1,1,17,33,1,22,16,3,1,17,2,204,113
268,Hash Three Points #268,277,434.68444084751013,1,1,15,17,1,14,14,3,5,17,2,256,85
743,Hash Three Points #743,278,434.64249000250635,1,1,16,26,3,1,14,2,1,13,1,146,204
793,Hash Three Points #793,279,434.63687305076354,1,1,18,42,3,1,16,3,1,17,1,68,256
557,Hash Three Points #557,280,434.05087794175074,1,1,17,24,1,17,17,2,5,15,1,73,256
997,Hash Three Points #997,281,432.73299600855,1,1,17,22,3,1,14,2,1,16,2,93,256
351,Hash Three Points #351,282,432.2416821280745,1,1,18,20,1,14,16,2,5,15,1,256,78
81,Hash Three Points #81,283,429.95837223467936,1,1,14,113,1,1,14,3,1,18,1,128,128
318,Hash Three Points #318,284,429.33264207453055,1,1,14,33,1,1,14,3,1,13,2,170,170
577,Hash Three Points #577,285,428.99479141357574,1,1,17,21,3,22,16,3,1,13,2,68,256
772,Hash Three Points #772,286,428.381341048491,1,1,16,78,1,15,14,3,5,14,2,146,128
911,Hash Three Points #911,287,426.5029696502829,1,1,15,21,1,17,13,3,1,14,2,204,128
967,Hash Three Points #967,288,425.85997814939617,1,1,16,85,1,1,16,3,1,20,1,128,146
630,Hash Three Points #630,289,424.4022199911491,1,1,7,24,3,17,14,3,1,17,1,256,73
1019,Hash Three Points #1019,290,423.34771631803153,1,1,15,20,3,17,13,2,5,17,2,256,68
537,Hash Three Points #537,291,422.9193791834844,1,1,7,21,1,1,16,2,1,15,1,146,204
27,Hash Three Points #27,292,421.61448907931583,1,1,17,42,3,1,16,2,1,15,2,256,60
383,Hash Three Points #383,293,420.8037402737581,1,1,17,20,1,14,14,3,5,16,1,68,256
406,Hash Three Points #406,294,420.58199336446717,1,1,17,19,1,1,13,2,1,17,2,170,170
364,Hash Three Points #364,295,420.2498677830498,1,1,17,19,1,15,14,2,5,16,2,68,256
319,Hash Three Points #319,296,420.1934221947287,1,1,17,39,1,1,16,3,1,16,2,170,146
533,Hash Three Points #533,297,419.85259014016486,1,1,15,27,1,1,17,3,1,14,1,128,204
331,Hash Three Points #331,298,419.6839257778559,1,1,17,53,1,1,14,3,1,14,2,102,204
638,Hash Three Points #638,299,418.9430392020771,1,1,14,26,1,1,17,3,1,18,2,73,256
177,Hash Three Points #177,300,418.4438578778123,1,1,16,24,1,15,17,2,5,17,1,256,56
544,Hash Three Points #544,301,418.24706620781325,1,1,17,24,1,13,13,3,1,13,2,68,256
111,Hash Three Points #111,302,417.92179599575434,1,1,17,113,3,1,16,3,1,16,2,146,93
391,Hash Three Points #391,303,417.0869780582269,1,1,17,31,3,14,17,3,5,13,1,102,204
925,Hash Three Points #925,304,416.69899189128114,1,1,17,17,3,17,13,3,1,20,2,146,170
901,Hash Three Points #901,305,416.61933818929276,1,1,15,53,1,1,16,3,1,17,1,44,256
344,Hash Three Points #344,306,415.7900496232383,1,1,17,24,1,15,13,2,1,16,2,204,113
304,Hash Three Points #304,307,415.60450551487725,1,1,15,26,1,1,14,3,1,14,2,204,128
107,Hash Three Points #107,308,415.3869014691899,1,1,16,20,1,17,16,3,5,14,2,170,146
170,Hash Three Points #170,309,415.0014624795247,1,1,16,26,1,1,17,2,1,15,1,73,256
180,Hash Three Points #180,310,414.91613641439966,1,1,17,19,1,1,17,2,1,13,2,256,78
443,Hash Three Points #443,311,414.439004059362,1,1,7,30,1,1,17,2,1,16,1,128,204
79,Hash Three Points #79,312,414.27445507706614,1,1,17,22,1,1,16,2,1,17,2,73,256
50,Hash Three Points #50,313,414.00313460387065,1,1,16,17,3,22,16,3,1,16,2,56,256
683,Hash Three Points #683,314,413.57639787887166,1,1,17,20,3,1,13,2,1,15,2,128,204
139,Hash Three Points #139,315,413.390361154043,1,1,14,19,1,1,20,3,1,17,2,73,256
559,Hash Three Points #559,316,412.7870661698795,1,1,16,78,3,1,16,2,1,14,2,146,128
821,Hash Three Points #821,317,412.17270034548864,1,1,15,53,1,1,14,3,1,17,2,93,204
324,Hash Three Points #324,318,411.9625472008038,1,1,7,26,1,1,14,3,1,16,1,256,78
523,Hash Three Points #523,319,410.22492463843747,1,1,15,30,1,22,17,3,1,15,1,128,170
687,Hash Three Points #687,320,408.17377623151634,1,1,15,24,3,1,16,3,1,13,2,68,256
657,Hash Three Points #657,321,408.01264363806354,1,1,17,113,1,1,14,3,1,18,2,102,128
491,Hash Three Points #491,322,407.8495390320128,1,1,15,48,1,1,16,2,1,17,2,170,128
323,Hash Three Points #323,323,407.60259949823103,1,1,16,24,3,15,20,2,5,17,2,170,128
499,Hash Three Points #499,324,406.62262313134386,1,1,16,21,3,1,16,2,1,15,2,256,68
363,Hash Three Points #363,325,406.42948565176977,1,1,15,26,1,1,16,3,1,16,2,113,204
867,Hash Three Points #867,326,406.05025822129033,1,1,15,22,1,1,17,2,1,16,2,256,68
297,Hash Three Points #297,327,405.7250571639579,1,1,15,26,1,17,16,3,5,17,1,170,128
212,Hash Three Points #212,328,404.09435647084575,1,1,14,21,1,1,14,2,1,14,2,73,256
463,Hash Three Points #463,329,403.9140976136586,1,1,14,31,1,1,13,2,1,15,2,204,113
12,Hash Three Points #12,330,403.4766695205568,1,1,14,26,1,1,13,2,1,14,1,256,68
711,Hash Three Points #711,331,402.7613014768216,1,1,17,24,1,1,13,3,1,17,1,146,170
339,Hash Three Points #339,332,402.38937851136944,1,1,14,31,1,13,13,2,1,14,2,102,204
22,Hash Three Points #22,333,401.4548857320964,1,1,15,26,1,1,16,2,1,13,2,113,204
286,Hash Three Points #286,334,401.31636029917365,1,1,16,26,1,1,17,2,1,13,2,170,146
987,Hash Three Points #987,335,401.2476172439809,1,1,7,22,1,1,17,3,1,17,1,68,256
312,Hash Three Points #312,336,401.1025908626072,1,1,15,85,1,1,16,2,1,17,1,170,85
732,Hash Three Points #732,337,400.3481844092633,1,1,14,33,1,17,14,3,1,17,2,146,146
959,Hash Three Points #959,338,398.5833645207984,1,1,16,113,1,14,16,3,5,16,2,93,113
58,Hash Three Points #58,339,397.91918897885824,1,1,7,24,1,1,14,2,1,16,1,68,256
704,Hash Three Points #704,340,396.72838413229294,1,1,14,22,1,1,13,2,1,18,2,146,170
253,Hash Three Points #253,341,395.251601091344,1,1,17,26,3,15,13,2,5,14,2,146,146
26,Hash Three Points #26,342,394.610683835059,1,1,18,24,1,1,13,2,1,18,1,51,256
548,Hash Three Points #548,343,393.43040910060915,1,1,15,53,1,17,20,3,5,16,1,51,204
952,Hash Three Points #952,344,393.08581104674306,1,1,7,85,1,13,14,2,1,15,1,102,146
1021,Hash Three Points #1021,345,392.8797079895157,1,1,16,39,3,1,20,2,1,14,2,85,204
214,Hash Three Points #214,346,392.3549042423066,1,1,17,24,1,13,17,3,1,16,2,146,146
829,Hash Three Points #829,347,392.19754943081955,1,1,16,27,1,15,17,3,5,16,1,170,113
760,Hash Three Points #760,348,392.1159073033663,1,1,18,26,1,13,17,2,1,14,1,146,146
99,Hash Three Points #99,349,391.40851197917704,1,1,17,24,3,22,16,2,1,17,1,204,78
266,Hash Three Points #266,350,389.5306974292727,1,1,16,42,1,15,16,2,1,16,1,68,204
166,Hash Three Points #166,351,389.26310350210133,1,1,7,19,1,1,16,3,1,16,1,146,170
510,Hash Three Points #510,352,388.87427479575575,1,1,17,24,1,14,13,3,5,14,2,85,204
673,Hash Three Points #673,353,388.66556269818244,1,1,15,46,1,1,14,2,1,17,1,170,113
795,Hash Three Points #795,354,387.1135976957921,1,1,15,78,1,22,14,2,1,15,2,85,146
417,Hash Three Points #417,355,386.65010311139736,1,1,14,27,3,1,17,3,1,15,2,93,204
889,Hash Three Points #889,356,386.6345160356177,1,1,16,42,3,13,16,2,1,13,2,170,102
894,Hash Three Points #894,357,386.6163407536133,1,1,15,42,3,1,17,2,1,15,2,204,78
343,Hash Three Points #343,358,385.96317522899545,1,1,14,53,1,1,20,3,1,16,2,256,12
42,Hash Three Points #42,359,385.7980335435922,1,1,15,42,1,1,17,3,1,14,1,78,204
131,Hash Three Points #131,360,385.5529513509367,1,1,17,53,1,15,16,2,1,13,1,146,113
739,Hash Three Points #739,361,385.4716402426243,1,1,17,20,3,1,14,2,1,13,2,102,204
833,Hash Three Points #833,362,385.2865329041027,1,1,16,17,1,17,16,3,5,13,1,85,204
750,Hash Three Points #750,363,385.0862995879502,1,1,16,30,3,15,16,2,5,17,2,146,128
25,Hash Three Points #25,364,384.9054619640981,1,1,16,78,1,1,14,3,1,14,2,102,146
656,Hash Three Points #656,365,384.6300216670487,1,1,15,24,1,1,16,3,1,17,2,256,42
219,Hash Three Points #219,366,384.1171688962253,1,1,16,31,3,17,16,2,5,14,1,128,146
509,Hash Three Points #509,367,383.80472456026996,1,1,7,39,3,13,20,3,1,16,1,128,146
891,Hash Three Points #891,368,383.39220250563164,1,1,14,26,3,22,16,3,1,14,2,73,204
390,Hash Three Points #390,369,382.88659160105703,1,1,18,30,3,1,13,3,1,20,1,170,113
503,Hash Three Points #503,370,381.72422425662256,1,1,17,26,1,22,17,3,1,15,1,102,170
295,Hash Three Points #295,371,381.47378549706565,1,1,15,24,3,17,17,2,1,16,2,73,204
254,Hash Three Points #254,372,381.4020485320937,1,1,16,27,1,13,13,3,1,15,2,170,113
454,Hash Three Points #454,373,381.36425200127906,1,1,16,24,1,1,13,3,1,16,2,93,204
571,Hash Three Points #571,374,381.03092880949885,1,1,16,17,1,17,13,2,1,14,1,146,146
469,Hash Three Points #469,375,380.94721826628563,1,1,16,19,3,1,13,3,1,16,2,44,256
932,Hash Three Points #932,376,380.93909718828183,1,1,7,26,3,1,16,3,1,17,1,256,42
307,Hash Three Points #307,377,379.412680043067,1,1,15,48,1,1,16,3,1,13,1,204,68
895,Hash Three Points #895,378,379.38535828621156,1,1,14,30,1,1,13,2,1,17,1,146,146
584,Hash Three Points #584,379,379.16148825753726,1,1,15,24,1,22,16,2,1,17,2,146,128
620,Hash Three Points #620,380,379.1312791750265,1,1,16,21,1,15,16,3,5,16,2,73,204
676,Hash Three Points #676,381,378.63476880313794,1,1,7,26,1,14,17,2,5,16,1,78,204
693,Hash Three Points #693,382,377.49827177324767,1,1,15,48,1,17,17,2,5,17,1,102,146
129,Hash Three Points #129,383,376.81607985232097,1,1,15,17,3,1,16,2,1,16,2,170,128
948,Hash Three Points #948,384,376.54912354532996,1,1,17,19,1,1,14,2,1,16,1,93,204
759,Hash Three Points #759,385,375.1685317826447,1,1,17,46,1,22,14,2,1,16,2,102,146
971,Hash Three Points #971,386,375.0792975726642,1,1,15,24,1,13,17,3,1,15,1,73,204
628,Hash Three Points #628,387,374.6611211716091,1,1,15,20,3,22,16,3,1,13,2,128,146
865,Hash Three Points #865,388,374.0993876562542,1,1,14,30,3,1,16,2,1,16,2,170,113
947,Hash Three Points #947,389,373.4954298510187,1,1,7,26,1,22,16,3,1,16,1,204,68
368,Hash Three Points #368,390,373.14866402415595,1,1,17,26,3,15,14,2,1,15,2,68,204
76,Hash Three Points #76,391,372.74111745263593,1,1,7,39,1,17,20,2,1,18,1,146,113
48,Hash Three Points #48,392,372.30825837780486,1,1,18,24,3,17,20,3,1,17,1,146,113
1014,Hash Three Points #1014,393,371.5552780017505,1,1,14,146,1,1,14,3,1,13,2,68,102
785,Hash Three Points #785,394,370.3561487639723,1,1,15,78,1,17,16,2,5,13,2,102,113
890,Hash Three Points #890,395,369.67770239484344,1,1,18,24,1,15,17,3,5,18,1,146,113
815,Hash Three Points #815,396,368.91202751816763,1,1,15,24,3,17,13,3,5,20,2,146,113
788,Hash Three Points #788,397,368.5548226626969,1,1,16,22,1,1,16,2,1,13,2,85,204
176,Hash Three Points #176,398,366.8157108009861,1,1,14,19,1,1,17,2,1,20,2,170,113
157,Hash Three Points #157,399,366.8061513473331,1,1,16,31,1,17,14,3,1,16,1,146,113
273,Hash Three Points #273,400,366.7183792666144,1,1,17,22,3,1,16,2,1,14,1,170,113
39,Hash Three Points #39,401,366.2390553521961,1,1,7,78,3,13,14,2,1,13,2,113,113
350,Hash Three Points #350,402,365.86722346973147,1,1,18,24,1,1,16,2,1,17,1,73,204
765,Hash Three Points #765,403,364.19437096389515,1,1,7,20,1,1,16,3,1,17,1,85,204
92,Hash Three Points #92,404,364.0887897531383,1,1,14,24,1,1,17,2,1,13,2,78,204
395,Hash Three Points #395,405,364.06946185063225,1,1,7,53,3,14,16,3,5,16,1,68,170
226,Hash Three Points #226,406,363.09684505315767,1,1,15,42,3,17,16,2,5,15,2,113,128
8,Hash Three Points #8,407,362.7455807933157,1,1,16,24,1,13,13,2,1,17,2,204,64
342,Hash Three Points #342,408,362.4838044834107,1,1,15,85,1,17,14,2,1,13,2,93,113
637,Hash Three Points #637,409,362.3771388665742,1,1,15,20,1,22,17,3,1,15,2,146,113
643,Hash Three Points #643,410,361.6426263956241,1,1,14,33,3,14,14,3,5,13,2,170,85
334,Hash Three Points #334,411,361.321066057218,1,1,15,53,1,1,16,2,1,16,2,102,146
695,Hash Three Points #695,412,361.02853207377973,1,1,15,30,1,1,13,3,1,16,1,102,170
612,Hash Three Points #612,413,360.4411817058187,1,1,17,24,1,1,16,3,1,15,1,146,128
953,Hash Three Points #953,414,360.3131004553631,1,1,16,31,1,15,13,3,1,16,1,128,128
464,Hash Three Points #464,415,360.2317209704165,1,1,16,26,1,15,13,2,5,13,2,56,204
21,Hash Three Points #21,416,359.4260720388534,1,1,17,21,3,15,16,3,1,15,1,146,113
689,Hash Three Points #689,417,358.8019284916382,1,1,16,21,1,14,17,2,5,16,2,146,113
95,Hash Three Points #95,418,358.417172130947,1,1,17,42,3,13,16,2,1,16,1,128,113
828,Hash Three Points #828,419,357.8023712124598,1,1,16,53,1,1,16,3,1,16,1,113,128
684,Hash Three Points #684,420,357.51754688346784,1,1,17,24,1,13,17,3,1,13,2,113,146
121,Hash Three Points #121,421,356.88069869821356,1,1,16,24,1,1,13,3,1,16,2,170,102
231,Hash Three Points #231,422,356.74847290848925,1,1,14,39,3,1,16,2,1,13,1,146,113
581,Hash Three Points #581,423,356.03249516316544,1,1,16,24,1,22,17,3,1,15,2,102,146
357,Hash Three Points #357,424,355.72016537954283,1,1,14,78,3,1,16,3,1,13,2,13,204
0,Hash Three Points #0,425,355.3496158983909,1,1,15,17,1,15,14,3,5,16,1,56,204
513,Hash Three Points #513,426,354.75794479056447,1,1,14,19,3,1,14,2,1,15,1,204,73
840,Hash Three Points #840,427,353.96968296833336,1,1,16,48,1,14,16,2,5,15,1,102,128
141,Hash Three Points #141,428,353.56647501710466,1,1,7,21,3,1,16,2,1,17,1,73,204
279,Hash Three Points #279,429,353.40992455239234,1,1,15,48,1,22,16,2,1,14,2,113,113
714,Hash Three Points #714,430,353.3612617812861,1,1,17,30,1,1,20,2,1,15,2,113,146
651,Hash Three Points #651,431,353.2543118196794,1,1,15,78,3,22,14,2,1,14,1,51,146
728,Hash Three Points #728,432,352.6979452082655,1,1,16,33,1,1,17,2,1,15,1,146,113
175,Hash Three Points #175,433,351.8529623940059,1,1,15,21,1,15,16,2,5,13,2,85,170
56,Hash Three Points #56,434,351.6611211757896,1,1,18,30,1,1,16,2,1,15,1,146,113
784,Hash Three Points #784,435,351.51604320695765,1,1,18,26,1,17,17,3,5,13,1,170,73
636,Hash Three Points #636,436,351.40626435408706,1,1,15,48,1,13,20,2,1,17,2,113,113
360,Hash Three Points #360,437,351.30688299333747,1,1,17,24,1,22,17,2,1,17,1,73,170
252,Hash Three Points #252,438,351.0041301875549,1,1,7,46,1,15,16,2,1,13,2,113,128
426,Hash Three Points #426,439,349.3130996132845,1,1,16,53,3,1,16,3,1,17,2,102,128
535,Hash Three Points #535,440,349.0722034972563,1,1,15,31,3,15,14,3,1,17,1,113,128
619,Hash Three Points #619,441,348.231085929187,1,1,15,27,1,1,16,3,1,16,1,146,113
241,Hash Three Points #241,442,347.65181222771884,1,1,16,30,1,14,16,2,5,16,2,128,113
148,Hash Three Points #148,443,347.44684630413303,1,1,17,22,1,22,14,3,1,16,2,73,170
444,Hash Three Points #444,444,347.1959616456205,1,1,7,33,1,17,14,2,1,16,1,170,78
423,Hash Three Points #423,445,347.01362415326673,1,1,14,53,1,22,14,2,1,14,1,73,146
655,Hash Three Points #655,446,346.52588474011475,1,1,18,26,3,1,16,3,1,13,1,170,85
132,Hash Three Points #132,447,345.7106710504074,1,1,15,24,1,22,16,3,1,14,2,128,113
973,Hash Three Points #973,448,345.69222740147893,1,1,16,22,1,15,17,2,1,16,2,146,102
848,Hash Three Points #848,449,344.15334322995056,1,1,16,26,1,22,14,2,1,16,1,68,170
820,Hash Three Points #820,450,344.14811184366044,1,1,17,30,1,13,17,3,1,16,2,68,170
208,Hash Three Points #208,451,344.08652109814466,1,1,17,22,1,1,16,3,1,15,2,146,113
187,Hash Three Points #187,452,343.811401944193,1,1,14,20,3,1,16,3,1,14,2,93,170
749,Hash Three Points #749,453,343.3319114503494,1,1,17,31,3,13,14,3,1,15,2,170,68
748,Hash Three Points #748,454,342.71243538899375,1,1,15,30,3,17,14,3,5,18,2,102,128
108,Hash Three Points #108,455,342.02951208441283,1,1,15,31,1,15,13,3,1,16,2,170,68
582,Hash Three Points #582,456,341.50222424974345,1,1,16,48,1,1,20,2,1,15,2,102,128
741,Hash Three Points #741,457,341.26734330604137,1,1,17,39,1,1,14,2,1,17,1,128,113
487,Hash Three Points #487,458,341.17574108610984,1,1,15,21,1,15,14,2,1,16,1,102,146
261,Hash Three Points #261,459,341.03203882162154,1,1,16,26,3,15,14,2,5,13,1,93,146
718,Hash Three Points #718,460,340.78958146407854,1,1,14,22,1,1,17,2,1,15,2,56,204
392,Hash Three Points #392,461,340.2384464698367,1,1,16,27,3,1,20,2,1,15,2,102,146
397,Hash Three Points #397,462,339.41740769558123,1,1,17,53,1,1,20,3,1,17,2,13,204
994,Hash Three Points #994,463,338.6029133489463,1,1,17,24,1,13,16,2,1,16,1,128,113
896,Hash Three Points #896,464,338.4173699163123,1,1,15,33,3,1,14,2,1,14,2,102,146
963,Hash Three Points #963,465,338.32473198507057,1,1,17,53,3,15,14,3,5,13,2,113,93
278,Hash Three Points #278,466,338.2266038693917,1,1,7,30,1,13,16,2,1,13,1,102,146
167,Hash Three Points #167,467,336.93586282573835,1,1,14,53,3,1,14,3,1,18,2,128,93
195,Hash Three Points #195,468,336.7073060905118,1,1,7,20,1,1,17,3,1,13,1,204,60
394,Hash Three Points #394,469,336.57812374468074,1,1,17,30,3,22,13,2,1,16,2,78,146
727,Hash Three Points #727,470,336.28193490964054,1,1,14,26,3,1,16,3,1,15,1,170,78
200,Hash Three Points #200,471,336.2013159414279,1,1,15,30,3,14,17,2,5,14,2,102,128
1023,Hash Three Points #1023,472,335.16084610572625,1,1,16,30,3,1,13,3,1,16,1,170,73
299,Hash Three Points #299,473,334.9938498175253,1,1,18,53,1,1,14,3,1,18,1,102,113
296,Hash Three Points #296,474,334.86404917565545,1,1,17,24,1,15,16,2,5,15,2,146,85
552,Hash Three Points #552,475,334.5815656889505,1,1,14,53,1,1,16,2,1,14,1,146,78
906,Hash Three Points #906,476,334.5344924678876,1,1,7,24,1,1,16,3,1,13,1,113,146
306,Hash Three Points #306,477,334.2175143910593,1,1,14,22,1,17,16,3,1,14,1,170,68
54,Hash Three Points #54,478,334.1418186730737,1,1,17,19,3,15,16,3,5,20,2,113,113
649,Hash Three Points #649,479,334.01659458692103,1,1,7,17,1,1,13,3,1,18,1,170,93
36,Hash Three Points #36,480,333.982770658916,1,1,18,78,1,1,16,2,1,16,1,113,78
255,Hash Three Points #255,481,333.9609656611843,1,1,15,20,1,1,14,3,1,15,2,128,128
484,Hash Three Points #484,482,333.9426210996845,1,1,7,30,3,15,13,3,1,15,1,68,170
869,Hash Three Points #869,483,333.3728184521864,1,1,7,53,1,22,16,3,1,16,1,146,60
723,Hash Three Points #723,484,332.2011918184207,1,1,15,31,3,15,20,3,5,18,1,146,68
220,Hash Three Points #220,485,332.0536231640082,1,1,17,31,1,17,17,2,5,15,1,93,128
438,Hash Three Points #438,486,332.0423641335584,1,1,17,30,1,17,14,3,5,14,1,78,146
468,Hash Three Points #468,487,331.7160968621298,1,1,17,42,3,13,16,2,1,16,1,68,146
256,Hash Three Points #256,488,330.1091122105091,1,1,14,24,1,17,14,3,5,17,2,113,113
69,Hash Three Points #69,489,329.62502574525865,1,1,17,30,3,15,16,2,5,16,1,73,146
532,Hash Three Points #532,490,329.54776091494296,1,1,14,19,3,17,13,3,1,20,2,128,102
974,Hash Three Points #974,491,329.33236801019734,1,1,16,20,1,1,17,3,1,14,2,146,102
30,Hash Three Points #30,492,329.20967398170285,1,1,15,17,1,17,13,2,5,14,2,170,68
152,Hash Three Points #152,493,329.18657283046014,1,1,14,24,1,1,14,2,1,16,1,78,170
263,Hash Three Points #263,494,329.1558777218643,1,1,15,19,3,1,16,2,1,16,1,102,146
941,Hash Three Points #941,495,329.0658936114522,1,1,17,19,3,1,13,3,1,14,1,78,170
811,Hash Three Points #811,496,328.7454718635261,1,1,17,85,1,1,16,3,1,14,2,68,113
102,Hash Three Points #102,497,328.58123173468425,1,1,16,24,1,17,14,3,1,14,2,128,102
97,Hash Three Points #97,498,328.18006549989616,1,1,7,42,1,15,14,2,5,14,1,93,128
691,Hash Three Points #691,499,327.72365695425145,1,1,16,30,1,1,16,3,1,20,1,146,85
506,Hash Three Points #506,500,327.3402539378725,1,1,7,42,1,1,16,3,1,17,1,128,102
77,Hash Three Points #77,501,327.33067068454267,1,1,7,22,3,1,17,3,1,16,1,170,78
866,Hash Three Points #866,502,327.30770920338557,1,1,17,78,1,15,16,3,1,16,1,78,93
931,Hash Three Points #931,503,327.0167778643157,1,1,17,21,1,1,20,3,1,13,1,128,113
617,Hash Three Points #617,504,326.9148891283712,1,1,14,21,1,1,13,3,1,15,1,170,78
182,Hash Three Points #182,505,326.80153676534155,1,1,15,26,1,22,16,3,1,16,2,146,73
615,Hash Three Points #615,506,326.75464477475725,1,1,7,113,1,1,14,3,1,20,2,78,78
528,Hash Three Points #528,507,325.8475139305993,1,1,7,30,1,15,13,3,5,18,1,146,78
936,Hash Three Points #936,508,325.4252803098393,1,1,15,24,1,1,17,3,1,16,1,93,146
507,Hash Three Points #507,509,325.11372115364077,1,1,15,22,1,1,14,2,1,20,1,113,128
377,Hash Three Points #377,510,325.04352138818706,1,1,15,26,1,15,16,2,5,13,2,146,78
381,Hash Three Points #381,511,324.8825438595461,1,1,15,22,3,1,17,2,1,15,2,113,128
86,Hash Three Points #86,512,324.73623083483363,1,1,17,24,1,1,16,2,1,16,2,170,68
149,Hash Three Points #149,513,324.28896706113585,1,1,15,22,1,17,13,2,1,20,1,78,146
486,Hash Three Points #486,514,323.9090504511358,1,1,16,24,1,13,17,2,1,13,2,102,128
408,Hash Three Points #408,515,323.57258229458574,1,1,16,21,1,1,16,2,1,17,2,113,128
144,Hash Three Points #144,516,323.4306349607142,1,1,7,24,1,14,16,3,5,17,1,113,113
892,Hash Three Points #892,517,323.3555034017602,1,1,7,22,1,15,17,3,5,15,1,128,102
664,Hash Three Points #664,518,322.8289093889257,1,1,18,19,3,1,16,2,1,16,1,68,170
573,Hash Three Points #573,519,322.7913545870023,1,1,16,19,1,1,17,3,1,17,2,146,93
133,Hash Three Points #133,520,322.13947932007216,1,1,17,26,1,15,16,3,1,15,1,93,128
289,Hash Three Points #289,521,321.6278961371595,1,1,14,113,1,15,14,3,1,15,1,73,64
161,Hash Three Points #161,522,321.55194946310735,1,1,16,78,1,22,14,3,1,17,2,68,93
6,Hash Three Points #6,523,321.47299937976527,1,1,18,53,1,22,14,2,1,16,1,73,113
150,Hash Three Points #150,524,321.4053171580245,1,1,7,26,3,14,14,2,5,14,1,102,128
922,Hash Three Points #922,525,321.27396222326024,1,1,15,19,3,13,14,3,1,15,2,128,102
903,Hash Three Points #903,526,321.1965252123298,1,1,17,53,3,14,20,3,5,20,2,113,64
365,Hash Three Points #365,527,320.7676195805683,1,1,17,53,1,22,17,2,1,14,1,73,113
860,Hash Three Points #860,528,320.6534236491425,1,1,14,26,3,13,13,3,1,20,1,146,73
972,Hash Three Points #972,529,320.30178119475073,1,1,18,53,1,15,17,2,1,15,1,44,146
445,Hash Three Points #445,530,320.2171699200736,1,1,14,19,1,1,16,2,1,17,1,128,113
154,Hash Three Points #154,531,320.0656546578733,1,1,18,24,3,1,20,3,1,17,1,146,78
876,Hash Three Points #876,532,319.73655379685374,1,1,14,33,1,14,13,3,5,14,2,102,113
757,Hash Three Points #757,533,319.6852328643042,1,1,17,42,1,15,14,3,1,14,1,102,102
207,Hash Three Points #207,534,319.60865088076787,1,1,15,27,1,14,17,3,5,16,1,68,146
859,Hash Three Points #859,535,319.14506224570914,1,1,15,22,1,15,16,3,1,13,2,146,78
434,Hash Three Points #434,536,318.8956434530651,1,1,14,46,1,1,14,3,1,15,1,102,113
465,Hash Three Points #465,537,318.50945482310544,1,1,15,21,1,17,17,2,1,16,2,93,128
608,Hash Three Points #608,538,318.43066676346837,1,1,15,31,1,15,17,3,1,13,2,68,146
825,Hash Three Points #825,539,317.76901019275454,1,1,16,85,1,1,16,3,1,15,2,93,78
882,Hash Three Points #882,540,317.51299422743074,1,1,17,21,1,13,13,3,1,18,2,93,128
832,Hash Three Points #832,541,317.39724454726235,1,1,14,39,1,17,17,3,5,14,1,73,128
747,Hash Three Points #747,542,317.27178064971974,1,1,17,31,3,22,16,3,1,16,1,128,73
1006,Hash Three Points #1006,543,316.58131645134057,1,1,15,42,1,15,17,2,5,13,2,85,113
702,Hash Three Points #702,544,316.36882513225754,1,1,15,26,1,13,17,3,1,18,1,68,146
302,Hash Three Points #302,545,315.85992461882495,1,1,7,22,3,13,16,2,1,15,1,170,60
495,Hash Three Points #495,546,315.6959838985674,1,1,18,24,3,22,16,2,1,17,1,102,102
671,Hash Three Points #671,547,315.52124716142055,1,1,7,17,1,1,14,3,1,15,1,102,146
122,Hash Three Points #122,548,315.5191429878713,1,1,17,22,1,17,14,3,1,16,2,102,113
361,Hash Three Points #361,549,315.4764967356141,1,1,16,85,1,17,16,3,1,15,2,85,68
326,Hash Three Points #326,550,315.3716215788333,1,1,15,48,1,17,17,3,1,17,2,102,85
524,Hash Three Points #524,551,314.9261705172855,1,1,17,53,1,1,16,2,1,15,2,73,128
181,Hash Three Points #181,552,314.87931719791834,1,1,16,24,1,14,16,2,5,13,2,13,204
640,Hash Three Points #640,553,314.69525708064856,1,1,15,24,1,17,17,2,1,17,2,85,128
779,Hash Three Points #779,554,314.03544210903334,1,1,17,31,3,13,16,3,1,16,1,93,113
914,Hash Three Points #914,555,314.0171380937457,1,1,17,17,1,1,20,3,1,16,1,102,128
701,Hash Three Points #701,556,313.24149576132857,1,1,14,46,1,1,16,3,1,16,1,93,113
604,Hash Three Points #604,557,313.0860284080194,1,1,15,24,1,13,16,2,1,14,2,128,93
900,Hash Three Points #900,558,312.99746896867515,1,1,17,31,1,1,14,2,1,13,2,146,78
873,Hash Three Points #873,559,312.763805134197,1,1,7,53,3,15,16,3,5,15,1,102,85
442,Hash Three Points #442,560,312.7634069213344,1,1,15,48,1,14,17,2,5,13,1,44,146
51,Hash Three Points #51,561,312.65742057602165,1,1,18,39,1,14,16,2,5,13,2,51,146
812,Hash Three Points #812,562,312.0648386279262,1,1,15,31,1,1,16,3,1,17,1,146,73
1,Hash Three Points #1,563,311.4877244282286,1,1,15,24,1,1,16,2,1,16,1,113,113
63,Hash Three Points #63,564,311.2312652698335,1,1,14,26,1,14,13,3,5,14,2,68,146
877,Hash Three Points #877,565,311.1568499143509,1,1,15,26,1,13,14,2,1,16,2,102,113
975,Hash Three Points #975,566,310.8733726849663,1,1,17,26,1,14,16,2,5,17,1,93,113
269,Hash Three Points #269,567,309.87970081697335,1,1,15,24,1,1,13,2,1,15,2,102,128
1007,Hash Three Points #1007,568,309.73408966834137,1,1,17,46,1,22,16,2,1,16,1,68,113
424,Hash Three Points #424,569,309.6970490727117,1,1,7,26,1,1,17,2,1,17,2,128,102
569,Hash Three Points #569,570,309.56214335435004,1,1,7,24,1,17,16,2,1,17,1,113,102
918,Hash Three Points #918,571,309.2900436848839,1,1,18,24,1,22,17,3,1,16,1,85,113
810,Hash Three Points #810,572,309.20758152591554,1,1,18,48,1,1,14,2,1,20,1,102,93
475,Hash Three Points #475,573,308.70315013742334,1,1,16,24,1,15,14,3,5,16,2,78,128
380,Hash Three Points #380,574,308.6445514554253,1,1,15,24,3,17,17,2,1,16,2,93,113
650,Hash Three Points #650,575,308.6266511920872,1,1,7,24,1,22,17,3,1,18,1,93,113
498,Hash Three Points #498,576,308.46670884610256,1,1,7,30,1,22,16,2,1,16,1,78,128
242,Hash Three Points #242,577,307.8737522285433,1,1,17,42,1,14,14,2,5,18,2,102,85
168,Hash Three Points #168,578,307.7963702595523,1,1,15,26,1,22,16,3,1,16,1,113,85
104,Hash Three Points #104,579,307.6610357168381,1,1,18,85,3,1,16,3,1,14,1,44,113
151,Hash Three Points #151,580,307.6556935400812,1,1,15,85,3,14,16,3,5,17,2,78,64
404,Hash Three Points #404,581,307.1319771891284,1,1,15,30,1,13,13,3,1,17,1,93,113
238,Hash Three Points #238,582,307.12355970862353,1,1,15,30,3,1,13,2,1,13,1,93,128
407,Hash Three Points #407,583,306.48808289161434,1,1,16,24,1,15,17,3,1,16,2,102,102
586,Hash Three Points #586,584,306.40546047811495,1,1,15,31,1,1,14,2,1,15,2,73,146
239,Hash Three Points #239,585,306.2947941094861,1,1,17,26,1,22,13,3,1,16,1,113,85
740,Hash Three Points #740,586,305.8397264449697,1,1,15,31,1,13,13,2,1,16,2,93,113
18,Hash Three Points #18,587,305.781365679941,1,1,16,48,3,15,16,2,1,16,1,78,102
659,Hash Three Points #659,588,305.51175279858626,1,1,17,26,3,1,14,3,1,17,1,102,113
641,Hash Three Points #641,589,305.3247572325072,1,1,15,33,1,17,13,2,1,15,2,73,128
89,Hash Three Points #89,590,305.2455160961331,1,1,14,48,1,15,17,2,1,13,1,113,73
983,Hash Three Points #983,591,305.21581103934045,1,1,16,26,1,15,20,3,5,16,2,128,68
137,Hash Three Points #137,592,305.18840435412596,1,1,16,27,1,22,17,3,1,15,2,68,128
985,Hash Three Points #985,593,304.29567050091373,1,1,16,19,1,13,13,2,1,16,2,102,113
738,Hash Three Points #738,594,304.26047498090475,1,1,15,48,3,14,16,2,5,13,2,102,78
654,Hash Three Points #654,595,304.0163341772627,1,1,16,39,1,15,14,3,5,16,2,73,113
519,Hash Three Points #519,596,303.9035971823065,1,1,7,24,3,17,17,2,5,15,1,128,78
35,Hash Three Points #35,597,303.8484348583104,1,1,16,31,1,14,16,2,5,16,2,68,128
165,Hash Three Points #165,598,303.81831724297786,1,1,17,24,1,17,16,3,5,15,1,113,85
790,Hash Three Points #790,599,303.59521125148444,1,1,14,21,1,15,13,2,5,18,2,60,146
1010,Hash Three Points #1010,600,303.16616453988695,1,1,17,30,3,1,16,3,1,13,2,146,64
927,Hash Three Points #927,601,303.04151069633525,1,1,16,42,3,17,16,2,5,13,2,68,113
602,Hash Three Points #602,602,302.96423301442064,1,1,7,31,1,1,14,3,1,17,2,73,146
466,Hash Three Points #466,603,302.4744093615119,1,1,14,24,1,17,16,3,5,16,1,85,113
315,Hash Three Points #315,604,302.01720044930426,1,1,15,31,1,13,16,3,1,18,1,68,128
209,Hash Three Points #209,605,301.58492214888673,1,1,7,31,3,17,14,3,5,13,2,73,128
32,Hash Three Points #32,606,300.94564243321713,1,1,17,26,3,1,14,3,1,14,1,146,68
818,Hash Three Points #818,607,300.9203050044501,1,1,14,17,1,1,13,3,1,17,2,146,78
579,Hash Three Points #579,608,300.8796325376063,1,1,16,26,1,15,16,2,1,20,1,102,93
28,Hash Three Points #28,609,300.72219061473834,1,1,14,20,3,1,14,3,1,20,1,102,113
440,Hash Three Points #440,610,300.56867512413805,1,1,17,26,1,17,16,3,5,20,2,60,128
262,Hash Three Points #262,611,300.4759012394879,1,1,17,24,1,17,16,3,5,15,2,93,102
697,Hash Three Points #697,612,300.3400145956647,1,1,15,20,1,1,17,3,1,17,1,102,113
756,Hash Three Points #756,613,299.86451960179215,1,1,16,27,3,1,13,2,1,15,2,68,146
850,Hash Three Points #850,614,298.9204556355884,1,1,16,24,1,13,17,3,1,20,2,93,102
837,Hash Three Points #837,615,298.74727851596776,1,1,17,31,1,1,16,3,1,15,1,93,113
1012,Hash Three Points #1012,616,298.6443344271478,1,1,16,42,1,1,16,2,1,16,2,68,128
471,Hash Three Points #471,617,298.6260883457438,1,1,15,26,1,1,16,2,1,13,2,113,102
233,Hash Three Points #233,618,298.4482582115594,1,1,16,24,1,1,16,2,1,13,2,113,102
946,Hash Three Points #946,619,298.2927875613152,1,1,16,26,1,1,17,2,1,20,2,93,113
1002,Hash Three Points #1002,620,298.0966799924841,1,1,15,26,3,14,14,2,5,17,1,68,128
595,Hash Three Points #595,621,297.88735201410407,1,1,15,22,1,17,17,3,5,14,1,68,128
942,Hash Three Points #942,622,297.8525873516762,1,1,15,24,3,14,17,2,5,18,2,113,78
80,Hash Three Points #80,623,297.1600004319545,1,1,7,31,3,13,17,3,1,16,1,85,113
851,Hash Three Points #851,624,297.13220383126026,1,1,15,20,1,15,17,2,5,16,1,85,113
329,Hash Three Points #329,625,297.0903941239027,1,1,15,53,1,15,16,3,1,13,2,93,78
33,Hash Three Points #33,626,296.7878314785423,1,1,7,113,1,1,14,2,1,13,2,68,68
567,Hash Three Points #567,627,296.7761859998615,1,1,18,53,1,1,14,3,1,15,1,102,78
863,Hash Three Points #863,628,296.37493508671184,1,1,16,24,3,1,16,3,1,17,2,128,78
455,Hash Three Points #455,629,296.09251881070395,1,1,15,48,1,1,16,3,1,20,2,113,68
1004,Hash Three Points #1004,630,295.5552334181608,1,1,14,26,1,17,17,2,5,16,1,128,64
106,Hash Three Points #106,631,295.47954976671093,1,1,16,22,1,1,16,2,1,13,2,113,102
490,Hash Three Points #490,632,295.44174884341766,1,1,17,27,3,1,17,2,1,13,2,146,60
611,Hash Three Points #611,633,295.2150690213654,1,1,14,31,3,22,16,3,1,17,2,102,78
378,Hash Three Points #378,634,294.9500565325303,1,1,16,27,1,1,17,2,1,15,2,93,113
939,Hash Three Points #939,635,294.74671038583466,1,1,17,26,1,15,16,2,5,16,2,146,42
87,Hash Three Points #87,636,294.321914736619,1,1,16,33,3,15,14,2,1,16,1,102,85
1015,Hash Three Points #1015,637,294.16821539697156,1,1,15,30,1,22,20,2,1,16,2,102,78
301,Hash Three Points #301,638,294.16170168113956,1,1,7,20,1,22,20,3,1,14,2,113,85
605,Hash Three Points #605,639,294.09596556496024,1,1,7,26,1,1,16,2,1,16,1,102,113
199,Hash Three Points #199,640,294.08737794041247,1,1,16,26,1,15,16,2,1,15,1,102,93
624,Hash Three Points #624,641,293.9981994778047,1,1,17,24,1,15,14,2,5,16,1,78,113
65,Hash Three Points #65,642,293.89157922587026,1,1,17,78,1,1,14,3,1,18,1,78,73
72,Hash Three Points #72,643,293.85979302101026,1,1,15,24,3,1,13,2,1,13,1,85,128
838,Hash Three Points #838,644,293.0014491308497,1,1,14,46,3,22,14,3,1,17,1,51,113
399,Hash Three Points #399,645,292.7966291352799,1,1,17,24,1,1,16,3,1,15,1,113,93
1011,Hash Three Points #1011,646,292.48769039464474,1,1,17,26,1,17,16,3,5,14,1,93,93
830,Hash Three Points #830,647,292.4367992915012,1,1,14,53,1,17,14,2,5,18,2,68,93
852,Hash Three Points #852,648,292.0926050658553,1,1,16,85,1,22,14,3,1,13,2,73,56
382,Hash Three Points #382,649,291.9534916492011,1,1,15,24,3,22,17,2,1,15,2,56,128
7,Hash Three Points #7,650,291.64730790174815,1,1,14,24,3,1,17,3,1,15,1,102,102
835,Hash Three Points #835,651,291.5716503323174,1,1,16,24,1,22,17,2,1,15,2,73,113
511,Hash Three Points #511,652,291.5359493988768,1,1,14,26,3,17,16,2,5,17,1,93,93
1017,Hash Three Points #1017,653,291.49892698120425,1,1,15,46,1,1,14,3,1,15,1,73,113
949,Hash Three Points #949,654,291.4616996274733,1,1,16,39,1,15,16,2,5,15,1,102,73
915,Hash Three Points #915,655,290.9141506899262,1,1,14,21,1,22,20,2,1,17,2,73,113
758,Hash Three Points #758,656,290.625968478499,1,1,17,33,1,14,16,3,5,16,2,51,128
961,Hash Three Points #961,657,290.23706386347715,1,1,7,39,1,15,14,3,1,15,1,102,85
83,Hash Three Points #83,658,290.05470048120117,1,1,15,24,1,1,16,3,1,16,2,102,102
44,Hash Three Points #44,659,289.59328825755824,1,1,15,26,1,15,14,2,5,16,2,85,102
228,Hash Three Points #228,660,289.55656332493015,1,1,17,27,1,14,17,3,5,17,2,78,102
853,Hash Three Points #853,661,289.48732034749673,1,1,17,42,1,14,20,2,5,16,2,102,64
614,Hash Three Points #614,662,289.4652759572018,1,1,7,53,1,13,14,3,1,14,1,73,102
452,Hash Three Points #452,663,289.2532934778999,1,1,15,17,3,15,14,2,1,16,1,113,85
193,Hash Three Points #193,664,289.1917166217023,1,1,15,26,1,22,14,2,1,15,1,73,113
929,Hash Three Points #929,665,289.16534992005575,1,1,16,24,1,13,17,3,1,15,1,128,64
118,Hash Three Points #118,666,289.1492184702512,1,1,16,31,1,15,17,2,1,17,2,68,113
562,Hash Three Points #562,667,289.1260312696547,1,1,17,22,3,13,16,3,1,18,2,102,85
776,Hash Three Points #776,668,288.79447396676096,1,1,15,26,3,1,16,2,1,17,2,85,113
710,Hash Three Points #710,669,288.3342775692207,1,1,7,53,1,1,20,3,1,15,1,51,128
773,Hash Three Points #773,670,288.05496247063724,1,1,17,24,1,17,17,3,5,15,1,68,113
736,Hash Three Points #736,671,287.73996274977765,1,1,7,33,1,15,16,3,1,16,1,85,102
916,Hash Three Points #916,672,287.7303334022875,1,1,7,31,1,13,16,3,1,16,1,78,113
260,Hash Three Points #260,673,287.5069268031972,1,1,18,31,1,1,17,3,1,17,1,44,146
580,Hash Three Points #580,674,287.3851865546484,1,1,15,24,3,1,14,2,1,13,1,113,93
514,Hash Three Points #514,675,286.8743534483033,1,1,16,24,1,22,17,2,1,15,2,113,68
267,Hash Three Points #267,676,286.8242516731823,1,1,15,42,1,15,16,3,1,13,2,93,78
428,Hash Three Points #428,677,286.7355720825907,1,1,14,17,3,1,13,2,1,14,2,68,146
1018,Hash Three Points #1018,678,286.70160677770417,1,1,16,22,1,14,13,3,5,16,1,146,42
447,Hash Three Points #447,679,286.6862377176503,1,1,18,27,1,17,17,3,5,16,1,113,60
629,Hash Three Points #629,680,286.4831707821131,1,1,16,42,3,1,16,2,1,16,2,68,113
725,Hash Three Points #725,681,286.2144272539529,1,1,15,24,1,1,17,3,1,14,2,128,73
213,Hash Three Points #213,682,286.1905523126237,1,1,15,24,1,17,14,3,1,17,1,56,128
78,Hash Three Points #78,683,285.54034876441995,1,1,15,20,1,1,16,3,1,16,1,102,102
819,Hash Three Points #819,684,285.2786527507994,1,1,15,17,1,15,16,2,1,15,2,68,128
588,Hash Three Points #588,685,285.19459971258215,1,1,16,46,3,17,16,2,5,16,2,78,78
986,Hash Three Points #986,686,285.1837561668659,1,1,17,26,1,17,14,2,1,17,2,68,113
998,Hash Three Points #998,687,285.0655889895788,1,1,16,30,1,1,16,2,1,16,2,102,93
546,Hash Three Points #546,688,285.0152270372296,1,1,16,42,1,15,14,3,5,17,1,85,78
568,Hash Three Points #568,689,284.97973967612603,1,1,16,24,1,15,13,2,5,13,1,102,85
951,Hash Three Points #951,690,284.96661845419317,1,1,15,27,1,1,13,3,1,14,1,73,128
999,Hash Three Points #999,691,284.91776204958114,1,1,14,33,1,1,13,2,1,17,2,68,128
481,Hash Three Points #481,692,284.22771335729544,1,1,15,19,1,22,13,3,1,14,1,60,128
798,Hash Three Points #798,693,284.17084768325685,1,1,17,30,1,14,13,2,5,13,2,68,113
634,Hash Three Points #634,694,284.16379234042756,1,1,15,31,1,22,17,2,1,14,1,102,73
43,Hash Three Points #43,695,284.1603417742323,1,1,18,31,1,1,16,3,1,17,1,85,102
775,Hash Three Points #775,696,284.06570440586904,1,1,18,24,1,1,16,2,1,17,1,93,102
699,Hash Three Points #699,697,283.8440811488113,1,1,17,20,3,1,17,2,1,15,2,73,128
525,Hash Three Points #525,698,283.5360594588375,1,1,16,24,1,1,16,3,1,17,2,93,102
436,Hash Three Points #436,699,283.4019074169788,1,1,16,27,1,1,16,2,1,16,2,102,93
607,Hash Three Points #607,700,283.3993622727311,1,1,18,26,3,22,16,3,1,15,1,128,42
127,Hash Three Points #127,701,283.2388845983952,1,1,14,24,1,22,17,2,1,20,2,102,73
752,Hash Three Points #752,702,283.18136555624477,1,1,15,20,1,14,14,3,5,16,1,102,85
1000,Hash Three Points #1000,703,283.02317162062803,1,1,15,27,1,1,16,3,1,15,2,68,128
839,Hash Three Points #839,704,282.99951921484217,1,1,17,42,1,13,16,2,1,14,1,56,113
733,Hash Three Points #733,705,282.82037123558916,1,1,16,24,1,14,13,2,5,13,2,73,113
578,Hash Three Points #578,706,282.737641682922,1,1,14,19,3,15,16,2,5,13,1,60,128
631,Hash Three Points #631,707,282.51122658551856,1,1,14,46,3,1,16,3,1,15,1,73,102
309,Hash Three Points #309,708,282.46894246392446,1,1,15,17,1,22,17,3,1,20,1,85,93
945,Hash Three Points #945,709,282.4610894722921,1,1,16,30,1,22,13,3,1,14,2,73,102
575,Hash Three Points #575,710,282.45504118213285,1,1,16,22,1,15,17,3,5,14,1,68,113
561,Hash Three Points #561,711,282.4301477700035,1,1,15,21,3,15,14,2,5,14,1,93,93
712,Hash Three Points #712,712,281.9833810011606,1,1,16,30,3,15,16,2,5,17,2,85,85
356,Hash Three Points #356,713,281.64557003593563,1,1,15,53,1,1,16,3,1,17,2,102,64
265,Hash Three Points #265,714,281.52912592459717,1,1,15,24,3,17,17,2,1,14,1,102,78
37,Hash Three Points #37,715,281.52719016071245,1,1,16,24,1,13,16,2,1,15,1,73,113
91,Hash Three Points #91,716,281.31326870257885,1,1,17,31,1,15,20,2,1,17,2,102,68
635,Hash Three Points #635,717,281.08637871806894,1,1,15,19,1,22,16,2,1,16,2,68,113
189,Hash Three Points #189,718,280.7759015583753,1,1,17,26,1,1,16,2,1,17,2,113,78
217,Hash Three Points #217,719,280.77548476883555,1,1,16,24,1,14,17,2,5,17,2,85,93
913,Hash Three Points #913,720,280.7119945410734,1,1,17,24,1,13,16,3,1,15,2,68,113
47,Hash Three Points #47,721,280.6943477484772,1,1,7,21,1,17,16,2,5,14,1,44,146
126,Hash Three Points #126,722,280.0626124883326,1,1,16,24,1,22,13,2,1,16,2,113,64
849,Hash Three Points #849,723,279.34635770571896,1,1,17,31,1,1,14,2,1,15,1,44,146
311,Hash Three Points #311,724,279.1760855762317,1,1,7,30,3,1,14,3,1,13,1,113,85
223,Hash Three Points #223,725,279.09241293679736,1,1,14,30,3,1,14,2,1,15,1,113,78
117,Hash Three Points #117,726,279.0138383343154,1,1,14,26,1,13,17,3,1,15,2,68,113
235,Hash Three Points #235,727,278.44484645991787,1,1,16,33,1,1,14,2,1,17,2,73,113
159,Hash Three Points #159,728,278.2064446232528,1,1,14,24,1,17,14,3,1,14,1,68,113
663,Hash Three Points #663,729,278.18463724360686,1,1,7,53,1,1,14,3,1,14,1,73,102
49,Hash Three Points #49,730,278.1440590219056,1,1,15,26,1,15,14,2,1,16,2,102,78
767,Hash Three Points #767,731,278.0945713672258,1,1,15,19,1,1,17,2,1,16,2,85,113
885,Hash Three Points #885,732,277.72919974359206,1,1,17,27,1,1,17,2,1,16,2,73,113
290,Hash Three Points #290,733,277.5722504035431,1,1,17,33,1,15,14,3,1,14,1,44,128
681,Hash Three Points #681,734,277.5075084270273,1,1,16,46,1,13,16,3,1,15,2,13,146
678,Hash Three Points #678,735,276.9688544298947,1,1,14,24,1,22,13,3,1,15,2,102,73
138,Hash Three Points #138,736,276.8210494023599,1,1,7,42,1,15,17,3,5,17,2,93,68
653,Hash Three Points #653,737,276.7484032206906,1,1,15,19,1,15,16,2,1,18,1,68,113
539,Hash Three Points #539,738,276.3006472530967,1,1,17,19,1,17,16,3,1,18,1,102,73
494,Hash Three Points #494,739,276.13685526659543,1,1,16,27,3,22,14,3,1,16,1,102,64
966,Hash Three Points #966,740,275.27670102028895,1,1,15,26,3,1,16,3,1,14,2,102,85
935,Hash Three Points #935,741,275.17986065760897,1,1,17,30,1,13,13,2,1,16,2,102,73
171,Hash Three Points #171,742,275.16979250089076,1,1,7,24,3,14,17,2,5,16,1,102,78
870,Hash Three Points #870,743,275.0222695765125,1,1,7,31,1,17,14,2,1,13,1,68,113
596,Hash Three Points #596,744,274.36057961528155,1,1,16,53,3,14,14,2,5,14,2,68,78
134,Hash Three Points #134,745,274.11526321228746,1,1,7,19,1,15,16,2,1,15,1,44,146
880,Hash Three Points #880,746,273.81641951452053,1,1,17,27,3,1,16,3,1,16,1,113,68
264,Hash Three Points #264,747,273.8082766761607,1,1,15,48,1,13,14,3,1,17,1,85,68
227,Hash Three Points #227,748,273.75753023148854,1,1,16,31,1,1,17,3,1,14,2,113,68
700,Hash Three Points #700,749,273.44935521170703,1,1,15,53,1,17,16,2,1,14,1,68,78
379,Hash Three Points #379,750,273.34714125430423,1,1,15,30,1,1,13,2,1,16,1,73,113
652,Hash Three Points #652,751,273.2061652200293,1,1,17,17,1,17,16,2,1,13,1,113,68
933,Hash Three Points #933,752,273.1462571643646,1,1,7,26,3,1,16,2,1,13,2,68,128
923,Hash Three Points #923,753,272.39587993912835,1,1,14,26,3,1,17,3,1,14,2,93,93
194,Hash Three Points #194,754,272.3567622029576,1,1,17,31,1,1,16,3,1,17,1,113,64
66,Hash Three Points #66,755,272.08103633306916,1,1,17,53,1,22,16,2,1,15,2,44,93
898,Hash Three Points #898,756,271.52263228489426,1,1,17,26,1,1,14,3,1,13,2,73,113
221,Hash Three Points #221,757,271.47439452068966,1,1,15,24,1,14,17,3,5,13,1,68,102
816,Hash Three Points #816,758,271.09161880358613,1,1,17,24,1,1,16,2,1,14,2,73,113
257,Hash Three Points #257,759,270.761163738888,1,1,15,53,3,1,16,2,1,14,2,44,113
667,Hash Three Points #667,760,270.3763267167676,1,1,15,21,1,13,16,3,1,17,1,73,102
419,Hash Three Points #419,761,270.1422290369801,1,1,7,24,1,15,14,3,1,16,2,102,78
937,Hash Three Points #937,762,270.0902193341067,1,1,17,19,3,1,14,2,1,13,1,78,113
938,Hash Three Points #938,763,270.0047779063893,1,1,7,26,1,13,16,2,1,18,1,51,128
316,Hash Three Points #316,764,269.6809274921409,1,1,15,24,3,15,16,2,1,16,2,56,113
1008,Hash Three Points #1008,765,269.4986955100405,1,1,14,20,1,1,17,2,1,14,1,113,78
518,Hash Three Points #518,766,269.3723373926953,1,1,7,30,1,1,17,2,1,17,1,113,73
627,Hash Three Points #627,767,268.82005095706137,1,1,17,26,1,17,17,2,5,15,1,102,60
62,Hash Three Points #62,768,268.7357383593535,1,1,17,26,3,17,16,3,5,16,1,85,73
730,Hash Three Points #730,769,268.19799682337737,1,1,16,31,3,22,16,2,1,17,2,68,85
527,Hash Three Points #527,770,267.7332311545579,1,1,17,46,1,1,16,3,1,13,2,68,93
813,Hash Three Points #813,771,267.47363650615796,1,1,17,30,1,1,17,2,1,13,1,85,93
648,Hash Three Points #648,772,267.29715580043904,1,1,17,22,1,14,16,2,5,14,2,102,68
707,Hash Three Points #707,773,267.16852963772675,1,1,14,24,3,13,17,3,1,14,1,68,102
453,Hash Three Points #453,774,266.55607845519586,1,1,17,46,1,17,14,2,5,17,1,73,68
236,Hash Three Points #236,775,266.2041564064817,1,1,14,17,1,15,14,2,1,14,2,68,113
858,Hash Three Points #858,776,266.2011166994176,1,1,17,42,1,17,17,2,1,16,2,60,85
5,Hash Three Points #5,777,265.99487776184014,1,1,16,30,1,14,16,3,5,13,2,93,68
10,Hash Three Points #10,778,265.9354064495484,1,1,17,26,1,1,13,2,1,15,2,68,113
609,Hash Three Points #609,779,265.91917144287515,1,1,18,20,1,1,16,3,1,18,1,85,93
515,Hash Three Points #515,780,265.22612498621214,1,1,16,53,1,14,20,2,5,16,2,68,64
962,Hash Three Points #962,781,265.1173755487527,1,1,7,21,1,13,14,2,1,20,1,93,85
553,Hash Three Points #553,782,264.5996926708988,1,1,7,21,1,13,14,3,1,15,1,68,113
17,Hash Three Points #17,783,264.3614189689937,1,1,14,20,1,1,17,3,1,13,1,93,93
995,Hash Three Points #995,784,264.0618597991323,1,1,16,24,3,1,13,2,1,15,2,113,68
64,Hash Three Points #64,785,263.9835284624559,1,1,16,26,3,15,13,2,1,16,2,78,85
120,Hash Three Points #120,786,263.9118773994521,1,1,17,26,1,1,13,3,1,15,1,85,93
921,Hash Three Points #921,787,263.70468569357,1,1,14,22,1,14,14,2,5,14,1,93,78
281,Hash Three Points #281,788,263.4820270436255,1,1,15,53,1,1,16,3,1,15,1,85,64
470,Hash Three Points #470,789,262.9520007663514,1,1,7,24,1,15,16,2,5,14,1,78,93
905,Hash Three Points #905,790,262.948549484707,1,1,17,26,1,1,20,3,1,14,2,93,78
405,Hash Three Points #405,791,262.36051165072536,1,1,17,30,1,1,14,2,1,16,2,60,113
872,Hash Three Points #872,792,262.09139978740313,1,1,16,22,1,22,14,2,1,16,1,68,93
105,Hash Three Points #105,793,261.83488114288923,1,1,14,48,3,1,20,3,1,17,1,73,73
387,Hash Three Points #387,794,261.66281221141213,1,1,15,33,1,1,13,3,1,16,2,128,42
1016,Hash Three Points #1016,795,261.5219057951575,1,1,18,24,1,17,17,3,1,15,1,113,42
517,Hash Three Points #517,796,261.42660858792743,1,1,18,33,3,1,20,3,1,13,1,93,68
822,Hash Three Points #822,797,261.2496743046256,1,1,14,30,1,15,17,2,1,15,1,102,56
45,Hash Three Points #45,798,261.0976569815939,1,1,15,24,1,15,16,3,5,20,2,93,60
887,Hash Three Points #887,799,260.98578203787184,1,1,15,39,1,22,20,2,1,14,1,128,12
804,Hash Three Points #804,800,260.7623381451515,1,1,16,27,1,1,16,2,1,18,2,113,56
46,Hash Three Points #46,801,260.653062528589,1,1,16,31,1,22,14,2,1,15,1,78,73
178,Hash Three Points #178,802,260.46711853082877,1,1,15,24,1,1,17,3,1,13,2,113,64
349,Hash Three Points #349,803,260.3697936150236,1,1,16,26,1,1,14,2,1,16,2,102,73
198,Hash Three Points #198,804,260.26289737374424,1,1,16,24,3,1,17,3,1,16,1,102,68
467,Hash Three Points #467,805,260.064404963966,1,1,15,24,1,1,16,2,1,14,2,51,128
478,Hash Three Points #478,806,260.05446026385107,1,1,15,17,3,1,17,2,1,15,1,68,113
225,Hash Three Points #225,807,259.9613012830509,1,1,17,46,1,1,16,3,1,15,1,78,73
658,Hash Three Points #658,808,259.89351651254924,1,1,14,31,1,1,16,2,1,16,1,56,113
287,Hash Three Points #287,809,259.8600350406747,1,1,17,24,3,17,17,2,5,18,2,93,56
210,Hash Three Points #210,810,259.6916752588258,1,1,7,24,1,17,14,3,1,13,1,102,68
800,Hash Three Points #800,811,259.1972037800171,1,1,16,39,1,1,17,2,1,17,2,73,85
237,Hash Three Points #237,812,258.94604154248844,1,1,17,22,1,14,14,3,5,13,2,102,60
179,Hash Three Points #179,813,258.0617279054654,1,1,16,30,1,13,16,2,1,13,2,146,12
662,Hash Three Points #662,814,257.9750446951013,1,1,14,24,1,22,16,3,1,15,2,68,85
964,Hash Three Points #964,815,257.7179220889957,1,1,16,24,1,15,14,2,5,16,2,93,64
370,Hash Three Points #370,816,257.18389437019124,1,1,14,21,1,1,16,3,1,14,1,93,85
303,Hash Three Points #303,817,257.15184286594945,1,1,15,30,3,22,17,3,1,13,2,60,85
970,Hash Three Points #970,818,257.0827947895096,1,1,16,26,1,17,14,2,5,16,2,68,85
692,Hash Three Points #692,819,256.9863807798379,1,1,7,24,3,1,14,3,1,15,1,102,78
610,Hash Three Points #610,820,256.98579318026947,1,1,15,17,1,1,17,2,1,14,2,68,113
745,Hash Three Points #745,821,256.87510420929823,1,1,15,27,1,14,14,3,5,18,1,73,78
688,Hash Three Points #688,822,256.70549613466176,1,1,14,46,1,1,16,2,1,15,2,68,85
362,Hash Three Points #362,823,256.48125876000984,1,1,17,24,1,1,14,2,1,17,2,68,102
770,Hash Three Points #770,824,256.0660910742,1,1,7,39,1,14,17,3,5,14,2,85,64
330,Hash Three Points #330,825,255.94797327006148,1,1,7,31,1,22,16,2,1,16,1,85,68
110,Hash Three Points #110,826,255.92075615913512,1,1,7,48,1,22,14,3,1,15,1,68,68
766,Hash Three Points #766,827,255.72914289183103,1,1,16,22,1,17,13,2,5,15,1,44,113
211,Hash Three Points #211,828,255.42808558329943,1,1,15,30,3,1,14,2,1,17,2,51,113
93,Hash Three Points #93,829,255.25251068185352,1,1,7,17,1,1,16,3,1,18,1,68,113
322,Hash Three Points #322,830,254.93770265438405,1,1,15,53,3,1,16,3,1,13,2,13,128
448,Hash Three Points #448,831,254.92425753890612,1,1,14,30,3,15,13,3,1,15,1,60,93
976,Hash Three Points #976,832,254.33772530992144,1,1,16,27,3,15,16,3,5,16,2,102,42
244,Hash Three Points #244,833,254.21808995797522,1,1,15,24,3,22,14,2,1,16,1,93,56
674,Hash Three Points #674,834,253.68139599185199,1,1,15,53,1,1,16,3,1,13,1,68,73
735,Hash Three Points #735,835,253.64702858970517,1,1,16,26,1,1,14,3,1,17,2,73,93
247,Hash Three Points #247,836,252.98840387542725,1,1,17,30,3,14,14,3,5,13,2,68,78
729,Hash Three Points #729,837,252.85548007032153,1,1,7,24,3,13,16,3,1,18,1,56,102
460,Hash Three Points #460,838,252.18794428259207,1,1,16,24,1,22,16,3,1,16,2,85,60
174,Hash Three Points #174,839,252.0099612604752,1,1,14,24,1,22,13,3,1,16,2,93,56
430,Hash Three Points #430,840,251.60817757545277,1,1,15,22,1,17,14,2,5,16,1,85,68
19,Hash Three Points #19,841,251.38177829054354,1,1,17,17,1,14,17,2,5,15,1,78,78
551,Hash Three Points #551,842,251.08940824521358,1,1,17,19,1,1,20,3,1,16,1,51,113
980,Hash Three Points #980,843,250.56890507211304,1,1,17,39,3,1,14,2,1,15,1,78,73
827,Hash Three Points #827,844,250.4807431019186,1,1,14,53,3,1,16,2,1,14,2,60,78
744,Hash Three Points #744,845,250.06427671471653,1,1,15,30,3,13,14,3,1,17,1,78,68
461,Hash Three Points #461,846,250.0148484842801,1,1,14,24,3,17,13,3,5,16,2,68,78
899,Hash Three Points #899,847,249.88712188478902,1,1,15,24,1,1,16,3,1,15,1,51,113
188,Hash Three Points #188,848,249.46895990985792,1,1,16,20,1,1,16,3,1,13,2,68,102
472,Hash Three Points #472,849,249.34964261737264,1,1,17,17,1,14,16,3,5,16,2,68,85
1013,Hash Three Points #1013,850,249.28406396964814,1,1,15,21,3,1,17,2,1,15,1,93,73
731,Hash Three Points #731,851,249.14764117963068,1,1,14,31,1,22,16,3,1,17,1,68,68
978,Hash Three Points #978,852,248.30510135931087,1,1,17,26,3,15,16,3,5,16,2,60,78
722,Hash Three Points #722,853,248.1119408714659,1,1,15,21,3,17,13,2,1,16,1,73,78
512,Hash Three Points #512,854,247.91448742144178,1,1,18,26,1,15,13,3,5,16,1,73,68
294,Hash Three Points #294,855,247.69579883585664,1,1,15,33,1,1,14,3,1,13,2,44,113
449,Hash Three Points #449,856,247.60008888478256,1,1,15,24,1,17,17,2,1,16,1,68,78
917,Hash Three Points #917,857,247.32889034469446,1,1,18,20,1,14,17,2,5,17,1,78,68
920,Hash Three Points #920,858,246.97909766589174,1,1,17,48,3,22,16,2,1,15,1,73,42
202,Hash Three Points #202,859,246.53255405058752,1,1,15,53,1,22,17,2,1,13,1,51,64
282,Hash Three Points #282,860,246.49552976513178,1,1,15,24,3,15,13,2,1,16,2,85,64
384,Hash Three Points #384,861,245.68510056248232,1,1,15,19,1,22,14,3,1,17,2,60,85
456,Hash Three Points #456,862,245.5837565860831,1,1,15,24,1,15,16,2,5,15,1,85,60
74,Hash Three Points #74,863,245.53489509634284,1,1,17,24,3,1,16,3,1,15,2,78,78
4,Hash Three Points #4,864,245.475838969171,1,1,15,19,1,17,16,3,5,15,1,68,78
183,Hash Three Points #183,865,245.07672864424387,1,1,14,30,1,22,13,2,1,13,2,56,85
522,Hash Three Points #522,866,244.80800099678447,1,1,15,24,1,1,13,2,1,16,2,85,78
846,Hash Three Points #846,867,244.39514529566492,1,1,17,27,3,1,17,2,1,15,2,68,85
98,Hash Three Points #98,868,244.31968979414657,1,1,15,46,1,15,14,2,5,14,2,68,56
203,Hash Three Points #203,869,243.59820702436815,1,1,15,27,1,1,17,3,1,16,2,85,68
493,Hash Three Points #493,870,243.46219012164707,1,1,16,26,1,13,16,3,1,15,2,102,42
172,Hash Three Points #172,871,243.38425625094055,1,1,15,31,1,1,13,2,1,13,2,73,85
85,Hash Three Points #85,872,242.93589853960228,1,1,16,31,1,1,13,3,1,17,1,78,73
40,Hash Three Points #40,873,242.92407249971978,1,1,15,24,1,14,13,2,5,15,2,68,78
647,Hash Three Points #647,874,242.85576363282289,1,1,14,27,3,1,17,2,1,20,1,56,93
23,Hash Three Points #23,875,242.81729585118524,1,1,16,24,1,1,14,2,1,15,2,93,68
646,Hash Three Points #646,876,241.6791834602734,1,1,17,39,3,15,14,3,1,13,1,68,60
563,Hash Three Points #563,877,241.3735826342523,1,1,14,30,1,1,16,3,1,17,1,93,56
536,Hash Three Points #536,878,240.92666947222813,1,1,17,31,1,1,16,3,1,13,1,93,56
881,Hash Three Points #881,879,240.38638576739308,1,1,16,24,3,13,16,2,1,14,2,102,42
258,Hash Three Points #258,880,239.7573259850276,1,1,16,24,3,1,17,3,1,13,2,68,85
720,Hash Three Points #720,881,239.3196547574477,1,1,17,21,1,1,13,2,1,15,2,102,56
53,Hash Three Points #53,882,239.1637127671026,1,1,14,31,3,15,13,3,1,15,2,68,68
529,Hash Three Points #529,883,239.15075534086242,1,1,15,30,3,15,16,3,1,16,2,68,64
347,Hash Three Points #347,884,239.0783030664628,1,1,18,26,1,1,13,2,1,15,1,68,85
243,Hash Three Points #243,885,238.57272846727653,1,1,17,53,1,1,20,2,1,15,2,56,64
358,Hash Three Points #358,886,238.48000144569227,1,1,15,21,3,1,13,3,1,14,2,73,85
185,Hash Three Points #185,887,238.3786764137971,1,1,14,22,3,17,17,2,1,14,1,13,128
668,Hash Three Points #668,888,238.2704648631061,1,1,15,22,1,1,14,2,1,14,2,93,68
371,Hash Three Points #371,889,237.9231502550834,1,1,16,20,1,14,13,2,5,18,1,68,73
954,Hash Three Points #954,890,237.6155624644931,1,1,16,24,1,13,14,3,1,15,2,78,64
824,Hash Three Points #824,891,237.56800579827677,1,1,17,27,1,1,16,2,1,16,2,85,64
675,Hash Three Points #675,892,237.04298859431253,1,1,15,17,3,17,17,2,1,16,1,73,68
786,Hash Three Points #786,893,236.9418280980202,1,1,7,24,1,1,14,3,1,14,2,85,78
75,Hash Three Points #75,894,236.1858452605517,1,1,16,26,1,1,16,2,1,14,2,78,73
73,Hash Three Points #73,895,235.93153883561,1,1,15,31,3,1,14,3,1,13,1,78,68
844,Hash Three Points #844,896,235.30423475589453,1,1,15,24,1,17,14,2,5,18,1,68,64
230,Hash Three Points #230,897,235.2640830699632,1,1,16,24,1,13,14,3,1,18,1,68,68
538,Hash Three Points #538,898,235.23739297496883,1,1,17,24,1,1,14,3,1,18,2,68,78
530,Hash Three Points #530,899,235.00352641592104,1,1,14,17,3,15,14,3,1,15,2,102,42
140,Hash Three Points #140,900,234.80146021885264,1,1,15,20,1,13,16,3,1,17,2,73,68
169,Hash Three Points #169,901,234.5515070925424,1,1,17,22,1,1,16,3,1,16,2,85,64
112,Hash Three Points #112,902,233.57461285725964,1,1,15,30,1,17,13,3,1,17,2,60,68
61,Hash Three Points #61,903,233.46599384537126,1,1,14,20,1,1,16,3,1,16,2,68,85
724,Hash Three Points #724,904,233.03740802022136,1,1,15,31,1,1,14,2,1,16,2,102,42
500,Hash Three Points #500,905,232.29107555045297,1,1,14,31,1,1,16,3,1,13,2,51,93
437,Hash Three Points #437,906,232.03342003404282,1,1,7,20,3,15,16,3,1,13,1,85,60
429,Hash Three Points #429,907,231.99863627623517,1,1,7,48,1,14,20,3,5,14,1,44,68
520,Hash Three Points #520,908,231.85052022150427,1,1,17,20,1,1,16,2,1,13,2,85,68
540,Hash Three Points #540,909,231.78544814850494,1,1,15,21,1,22,14,3,1,15,2,68,64
348,Hash Three Points #348,910,229.89486501461155,1,1,17,30,1,17,16,2,1,14,1,68,56
572,Hash Three Points #572,911,229.8773098578843,1,1,7,26,3,17,13,2,5,17,1,73,60
564,Hash Three Points #564,912,228.91163802314702,1,1,16,20,3,1,16,2,1,16,2,44,102
345,Hash Three Points #345,913,228.65260595807678,1,1,15,24,1,15,17,3,1,16,1,60,68
836,Hash Three Points #836,914,228.2720249133403,1,1,14,46,3,1,14,2,1,17,1,44,78
508,Hash Three Points #508,915,228.2296348481507,1,1,15,24,3,13,16,3,1,20,2,68,56
327,Hash Three Points #327,916,227.56318129018416,1,1,15,19,1,17,16,2,1,17,2,68,64
926,Hash Three Points #926,917,227.48162974941508,1,1,15,53,1,1,16,2,1,15,1,102,12
14,Hash Three Points #14,918,227.30934384954404,1,1,15,20,3,1,14,3,1,16,1,73,73
298,Hash Three Points #298,919,227.2430011635731,1,1,7,26,3,14,16,2,5,17,1,56,73
259,Hash Three Points #259,920,226.30682907288426,1,1,17,30,3,22,17,3,1,16,1,68,42
868,Hash Three Points #868,921,226.08708541259554,1,1,14,19,1,14,14,2,5,17,1,60,73
450,Hash Three Points #450,922,224.87842476078166,1,1,14,24,1,1,14,3,1,17,2,68,73
386,Hash Three Points #386,923,223.51496953048812,1,1,7,31,1,15,13,3,1,17,1,113,12
531,Hash Three Points #531,924,222.62360912317013,1,1,14,26,3,1,16,2,1,17,2,51,85
823,Hash Three Points #823,925,222.46630619235265,1,1,17,24,1,1,16,3,1,15,1,56,78
919,Hash Three Points #919,926,221.96402102456904,1,1,15,21,1,15,14,3,5,15,2,56,68
862,Hash Three Points #862,927,221.75536748525445,1,1,16,24,3,15,16,3,5,16,1,51,64
143,Hash Three Points #143,928,220.82719345350185,1,1,17,22,1,14,17,3,5,17,1,44,73
439,Hash Three Points #439,929,220.78207076567577,1,1,7,30,1,1,17,2,1,17,1,73,64
705,Hash Three Points #705,930,219.88702000988883,1,1,7,19,3,1,16,3,1,15,1,73,73
841,Hash Three Points #841,931,219.87590540818132,1,1,17,17,1,1,16,3,1,15,1,73,68
686,Hash Three Points #686,932,219.83959090604,1,1,17,53,3,15,17,2,5,13,1,44,42
222,Hash Three Points #222,933,218.11097658941674,1,1,7,26,1,1,14,2,1,13,1,102,42
857,Hash Three Points #857,934,217.93480715766424,1,1,16,24,3,1,16,2,1,18,1,60,68
593,Hash Three Points #593,935,216.97214756516385,1,1,17,17,1,1,17,3,1,17,1,78,56
625,Hash Three Points #625,936,216.45459485932813,1,1,16,26,1,14,16,3,5,17,2,68,42
834,Hash Three Points #834,937,216.21326777294456,1,1,14,26,1,1,17,2,1,17,1,73,56
372,Hash Three Points #372,938,215.39217556163248,1,1,15,17,3,14,14,2,5,16,2,44,78
703,Hash Three Points #703,939,214.75865046385042,1,1,7,24,1,1,16,3,1,20,1,68,64
642,Hash Three Points #642,940,209.66516176326277,1,1,15,24,3,1,16,3,1,13,1,68,56
431,Hash Three Points #431,941,208.97932961832748,1,1,7,26,1,1,16,3,1,13,1,68,64
603,Hash Three Points #603,942,208.2307806002729,1,1,18,17,3,17,14,3,1,20,1,13,93
521,Hash Three Points #521,943,208.21975626087934,1,1,14,26,1,13,16,2,1,17,1,68,42
416,Hash Three Points #416,944,207.6914251710304,1,1,17,24,3,15,14,2,5,14,1,13,93
988,Hash Three Points #988,945,206.8941041193948,1,1,15,22,1,1,14,2,1,15,1,68,60
679,Hash Three Points #679,946,206.25903666846895,1,1,15,33,3,15,16,3,5,17,1,78,12
270,Hash Three Points #270,947,205.81755962853873,1,1,7,21,1,17,14,3,5,15,1,102,12
155,Hash Three Points #155,948,205.7465080310606,1,1,16,24,3,17,16,2,1,20,2,85,12
755,Hash Three Points #755,949,205.54354107693624,1,1,7,26,1,1,17,3,1,17,1,68,56
276,Hash Three Points #276,950,202.42208030860292,1,1,15,22,3,15,16,3,1,14,2,13,93
541,Hash Three Points #541,951,201.3467724480982,1,1,18,46,3,1,14,3,1,15,1,78,12
981,Hash Three Points #981,952,200.39959868292522,1,1,15,21,1,14,16,2,5,14,2,93,12
516,Hash Three Points #516,953,199.73673874267922,1,1,7,19,1,1,14,2,1,14,2,73,60
1020,Hash Three Points #1020,954,198.33337196992684,1,1,15,24,3,17,13,3,5,16,2,51,42
587,Hash Three Points #587,955,196.3557715367518,1,1,7,53,3,1,16,2,1,14,1,78,12
502,Hash Three Points #502,956,194.66520283792045,1,1,17,24,1,14,20,3,5,17,1,13,73
291,Hash Three Points #291,957,193.54031874122165,1,1,15,53,3,1,14,3,1,13,2,68,12
285,Hash Three Points #285,958,192.08937841111867,1,1,15,20,1,22,13,3,1,17,2,13,78
644,Hash Three Points #644,959,188.32277491614917,1,16,17,85,1,1,17,3,1,15,2,13,12
462,Hash Three Points #462,960,183.3613819089356,1,1,15,26,1,17,17,3,1,13,1,13,68
215,Hash Three Points #215,961,179.68077984944028,1,1,17,27,1,1,16,3,1,14,1,78,12
411,Hash Three Points #411,962,168.90844802050617,1,1,7,24,1,1,13,2,1,14,1,13,85
483,Hash Three Points #483,963,159.7118884709983,1,1,7,24,1,13,16,3,1,17,2,13,56
854,Hash Three Points #854,964,155.8558527656525,1,16,15,33,1,17,16,3,5,18,1,13,12
742,Hash Three Points #742,965,152.99399416035772,1,16,15,39,1,14,13,2,5,16,1,13,12
694,Hash Three Points #694,966,151.38404384574997,1,16,17,46,3,1,16,3,1,15,2,13,12
60,Hash Three Points #60,967,150.2333063369138,1,1,15,24,3,1,16,3,1,15,1,51,12
805,Hash Three Points #805,968,148.25623230584816,1,16,14,33,1,17,16,2,5,14,1,13,12
1005,Hash Three Points #1005,969,147.5435502151217,1,16,18,22,3,15,16,3,5,16,1,13,12
427,Hash Three Points #427,970,147.2539620815702,1,16,17,22,3,22,16,2,1,16,2,13,12
52,Hash Three Points #52,971,145.36030913507446,1,16,15,33,1,13,16,2,1,17,1,13,12
666,Hash Three Points #666,972,144.89567441390957,1,16,15,22,1,22,16,3,1,16,2,13,12
993,Hash Three Points #993,973,144.24680521546568,1,16,16,39,3,1,13,3,1,18,1,13,12
597,Hash Three Points #597,974,144.0572342380034,1,16,14,22,1,22,16,2,1,18,2,13,12
354,Hash Three Points #354,975,143.9919385196579,1,16,14,39,3,1,13,3,1,20,1,13,12
566,Hash Three Points #566,976,141.8717441459685,1,16,17,17,1,22,17,3,1,16,1,13,12
146,Hash Three Points #146,977,140.83315730017262,1,16,15,22,3,17,13,3,5,14,1,13,12
897,Hash Three Points #897,978,140.7146781320359,1,16,17,22,3,17,14,2,5,13,1,13,12
68,Hash Three Points #68,979,138.17126484429633,1,16,15,22,3,14,13,2,5,16,2,13,12
41,Hash Three Points #41,980,138.09310787293063,1,16,17,22,1,15,14,3,1,16,1,13,12
616,Hash Three Points #616,981,138.01489710926558,1,16,7,22,1,17,20,3,5,15,2,13,12
549,Hash Three Points #549,982,137.75870126518765,1,16,14,22,1,17,16,3,1,15,2,13,12
706,Hash Three Points #706,983,137.61375420656356,1,16,7,22,1,22,14,3,1,18,1,13,12
621,Hash Three Points #621,984,137.49914549746322,1,16,15,39,1,1,13,2,1,17,1,13,12
250,Hash Three Points #250,985,137.08703830962926,1,16,16,22,1,13,13,2,1,20,1,13,12
359,Hash Three Points #359,986,137.0592468723483,1,16,15,22,3,13,17,2,1,16,2,13,12
910,Hash Three Points #910,987,136.69010895492437,1,16,18,17,1,15,17,2,5,13,1,13,12
229,Hash Three Points #229,988,136.07656447992548,1,16,15,22,1,15,16,3,1,13,2,13,12
950,Hash Three Points #950,989,134.68549841409578,1,16,7,22,1,15,16,3,5,16,1,13,12
794,Hash Three Points #794,990,134.44909446419453,1,16,16,30,1,1,17,3,1,16,1,13,12
847,Hash Three Points #847,991,133.65135344520021,1,16,7,22,3,13,20,3,1,16,1,13,12
762,Hash Three Points #762,992,132.86384217333952,1,16,14,30,1,1,17,3,1,17,1,13,12
796,Hash Three Points #796,993,132.16404694949037,1,16,7,22,1,13,16,3,1,20,1,13,12
341,Hash Three Points #341,994,131.6175316286369,1,16,15,33,1,1,16,3,1,13,1,13,12
826,Hash Three Points #826,995,129.45178446868815,1,16,17,22,1,1,20,3,1,15,2,13,12
71,Hash Three Points #71,996,127.35136945034641,1,16,17,22,3,1,16,3,1,15,2,13,12
162,Hash Three Points #162,997,127.11770647550104,1,16,18,22,1,1,13,3,1,17,1,13,12
768,Hash Three Points #768,998,126.92451662450566,1,16,17,22,1,1,16,3,1,17,1,13,12
115,Hash Three Points #115,999,126.54867526278245,1,16,17,22,1,1,17,2,1,17,1,13,12
412,Hash Three Points #412,1000,126.40902028390208,1,16,18,22,1,1,17,3,1,14,1,13,12
574,Hash Three Points #574,1001,126.08613958166443,1,16,16,22,1,1,17,2,1,17,2,13,12
113,Hash Three Points #113,1002,125.97839510988472,1,16,18,17,1,1,17,2,1,20,1,13,12
249,Hash Three Points #249,1003,125.42647446847955,1,16,17,22,1,1,16,3,1,15,1,13,12
415,Hash Three Points #415,1004,125.30502515839791,1,16,16,22,3,1,16,2,1,15,2,13,12
801,Hash Three Points #801,1005,125.02735951326942,1,16,14,22,3,1,17,2,1,16,2,13,12
422,Hash Three Points #422,1006,124.29601040752881,1,16,17,22,1,1,14,3,1,16,2,13,12
274,Hash Three Points #274,1007,124.23371728641092,1,16,17,22,1,1,13,2,1,17,2,13,12
754,Hash Three Points #754,1008,124.01444198394377,1,16,16,22,1,1,16,2,1,16,2,13,12
672,Hash Three Points #672,1009,124.00591972954116,1,16,17,22,1,1,16,2,1,15,2,13,12
716,Hash Three Points #716,1010,122.85716494257305,1,16,15,22,1,1,17,3,1,14,1,13,12
135,Hash Three Points #135,1011,122.69138229567015,1,16,15,22,3,1,17,2,1,13,1,13,12
977,Hash Three Points #977,1012,121.60890240722013,1,16,17,22,1,1,13,2,1,16,1,13,12
388,Hash Three Points #388,1013,120.9463621988936,1,16,14,22,1,1,14,3,1,16,1,13,12
283,Hash Three Points #283,1014,120.83132287637007,1,16,14,22,1,1,17,3,1,13,2,13,12
991,Hash Three Points #991,1015,120.32974854778344,1,16,17,17,1,1,17,3,1,15,1,13,12
817,Hash Three Points #817,1016,119.96154075985847,1,16,14,22,1,1,17,2,1,14,1,13,12
570,Hash Three Points #570,1017,119.8387863141147,1,16,15,22,1,1,13,3,1,14,2,13,12
353,Hash Three Points #353,1018,118.84741901753945,1,16,14,22,1,1,13,2,1,16,2,13,12
375,Hash Three Points #375,1019,118.6698335125573,1,16,14,22,1,1,14,2,1,15,2,13,12
458,Hash Three Points #458,1020,118.53023178276318,1,16,14,22,1,1,13,3,1,14,1,13,12
940,Hash Three Points #940,1021,117.29272845068525,1,16,15,22,1,1,13,2,1,13,2,13,12
271,Hash Three Points #271,1022,115.01209947796937,1,16,7,22,1,1,16,2,1,16,1,13,12
944,Hash Three Points #944,1023,114.68186576969129,1,16,7,22,1,1,13,3,1,17,1,13,12
451,Hash Three Points #451,1024,114.57305834351227,1,16,7,22,3,1,17,2,1,13,1,13,12
