ID,Name,Rank,Rarity_Score,Accessory-Scores,Attributes-Scores,Background-Scores,Clothes-Scores,Eyes-Scores,Head-Scores,Legendary-Scores,Mouth-Scores,Skin-Scores,Tattoo-Scores
2935,SadPython #2935,1,1966.0,,983,,,,,983,,,
721,SadPython #721,2,334.0626884884751,65,29,4,140,9,25,,21,10,27
814,SadPython #814,3,307.25910187183723,61,2,5,81,9,122,,11,12,
1714,SadPython #1714,4,302.79096518543,46,2,4,140,19,65,,15,8,
1672,SadPython #1672,5,296.4946518845868,70,29,4,51,9,75,,17,10,27
149,SadPython #149,6,281.8523760712314,28,2,5,140,12,65,,14,12,
1065,SadPython #1065,7,278.5626429468577,70,2,5,140,9,28,,12,10,
3076,SadPython #3076,8,260.60222458314564,40,29,5,51,12,61,,12,8,37
3237,SadPython #3237,9,255.99997044989195,65,2,5,20,11,122,,15,12,
1503,SadPython #1503,10,249.34530744746587,65,2,4,20,8,122,,16,8,
3425,SadPython #3425,11,247.6656797202267,54,29,4,20,9,65,,17,7,37
3087,SadPython #3087,12,247.20729710897592,21,2,5,54,16,122,,16,7,
2795,SadPython #2795,13,247.16929214550888,98,29,4,12,19,30,,16,7,27
2285,SadPython #2285,14,246.05621014157197,65,29,4,18,11,54,,15,8,37
1745,SadPython #1745,15,245.6748339780212,70,29,5,12,13,51,,13,11,37
451,SadPython #451,16,240.47944310792016,28,2,5,140,13,22,,19,8,
2721,SadPython #2721,17,240.11327209086284,39,29,5,65,11,28,,14,8,37
1053,SadPython #1053,18,237.71281359558643,30,2,4,46,9,122,,12,8,
2652,SadPython #2652,19,237.10460798681137,28,29,4,81,16,27,,13,8,27
639,SadPython #639,20,233.76005642830012,44,29,4,51,11,40,,14,8,27
970,SadPython #970,21,232.80982603184484,44,2,5,21,12,122,,14,8,
900,SadPython #900,22,230.83440926448662,42,2,4,89,8,51,,21,10,
2766,SadPython #2766,23,230.44504035366623,39,29,4,17,11,75,,12,11,27
3130,SadPython #3130,24,226.77979467133358,21,29,4,65,11,33,,14,8,37
493,SadPython #493,25,226.43219032067498,,2,4,89,8,98,,13,10,
2855,SadPython #2855,26,225.96612695468343,70,2,5,12,11,98,,13,12,
1895,SadPython #1895,27,224.57896736079184,28,2,4,46,16,98,,16,11,
459,SadPython #459,28,223.3805685361408,61,2,4,81,16,27,,21,7,
311,SadPython #311,29,223.09567756646595,39,2,4,12,11,122,,17,12,
1567,SadPython #1567,30,222.9929539759886,70,2,5,54,11,54,,16,8,
362,SadPython #362,31,222.2370085558132,65,29,4,15,8,39,,13,8,37
2360,SadPython #2360,32,221.18891066155317,81,2,5,54,11,,,19,7,37
3218,SadPython #3218,33,221.12923505039387,65,29,4,12,11,33,,14,10,37
2331,SadPython #2331,34,218.23120035422335,29,2,4,46,9,98,,15,11,
396,SadPython #396,35,216.64539205186873,40,29,4,18,8,51,,16,7,37
1826,SadPython #1826,36,215.85411445589187,98,2,4,20,9,51,,19,8,
3097,SadPython #3097,37,214.18744997674847,42,29,5,20,16,31,,17,12,37
1699,SadPython #1699,38,210.50051582075665,27,29,4,12,16,49,,19,12,37
2176,SadPython #2176,39,209.60290084641235,98,2,4,25,16,36,,14,11,
2148,SadPython #2148,40,209.59455947865257,28,2,5,14,9,122,,14,12,
2085,SadPython #2085,41,209.42956815871844,28,2,5,12,13,122,,16,7,
2932,SadPython #2932,42,208.62682254551788,28,2,4,11,11,122,,15,12,
1603,SadPython #1603,43,207.5932517783416,46,2,5,81,19,30,,12,8,
3135,SadPython #3135,44,205.65455076177668,,2,4,140,9,27,,13,8,
1569,SadPython #1569,45,205.13432821107827,65,2,4,23,11,75,,14,8,
2681,SadPython #2681,46,203.3865891286119,70,2,4,21,13,49,,31,10,
3282,SadPython #3282,47,202.92289422844752,65,2,5,35,11,54,,17,11,
3371,SadPython #3371,48,202.79173175291103,25,2,5,140,9,,,11,8,
2484,SadPython #2484,49,202.20783498906752,49,2,5,65,13,40,,12,12,
444,SadPython #444,50,201.4542193157062,81,2,5,46,8,22,,19,14,
889,SadPython #889,51,201.43768284123354,39,29,5,12,9,40,,14,12,37
3312,SadPython #3312,52,200.9555779713868,40,29,5,25,9,28,,14,10,37
1231,SadPython #1231,53,200.54701211100894,40,2,5,18,9,98,,17,8,
1302,SadPython #1302,54,199.79093112117806,21,2,4,11,9,122,,13,14,
245,SadPython #245,55,199.5203835824956,98,2,5,51,19,,,14,8,
6,SadPython #6,56,198.81113873759665,42,29,5,12,19,27,,12,11,37
705,SadPython #705,57,198.72891984455515,42,2,5,89,8,25,,14,10,
1446,SadPython #1446,58,197.44741940909745,61,2,5,51,19,33,,15,8,
3201,SadPython #3201,59,197.06494591643818,30,29,5,15,8,22,,33,12,37
1474,SadPython #1474,60,196.8839138802636,70,2,5,46,11,,,14,8,37
2798,SadPython #2798,61,196.6906887285385,30,29,4,27,9,27,,21,8,37
1441,SadPython #1441,62,196.60002146819954,,2,4,81,8,49,,12,10,27
1276,SadPython #1276,63,195.8447952896402,21,2,5,12,8,122,,14,8,
1765,SadPython #1765,64,194.75670496333728,28,29,5,20,19,33,,11,8,37
1122,SadPython #1122,65,193.80315901490917,98,2,4,20,16,28,,14,8,
95,SadPython #95,66,193.44322043182586,70,2,5,25,13,54,,14,7,
325,SadPython #325,67,193.26237718606325,61,2,5,18,13,65,,12,14,
2998,SadPython #2998,68,193.24569900072737,46,2,4,81,9,25,,14,8,
1114,SadPython #1114,69,192.97701025401966,40,29,4,20,12,22,,15,8,37
316,SadPython #316,70,191.94987055314888,25,29,4,35,8,27,,15,8,37
2876,SadPython #2876,71,191.85861247066674,98,2,5,18,19,27,,13,7,
54,SadPython #54,72,191.73338622529732,46,29,4,21,12,22,,13,12,27
1306,SadPython #1306,73,191.4588936230047,25,2,5,89,9,31,,19,8,
1962,SadPython #1962,74,191.0795878289286,44,2,5,25,9,75,,14,14,
2961,SadPython #2961,75,190.51183141995858,81,2,5,20,8,28,,33,10,
135,SadPython #135,76,190.50281442732438,65,2,4,17,19,61,,11,8,
555,SadPython #555,77,190.11064064379545,29,2,4,18,13,98,,14,8,
3090,SadPython #3090,78,189.8561143244108,,2,5,20,9,122,,16,12,
180,SadPython #180,79,189.32636404938862,39,2,5,65,12,39,,12,12,
2347,SadPython #2347,80,189.1126425584009,29,2,5,89,9,30,,14,8,
815,SadPython #815,81,188.87925047110434,54,2,5,12,8,75,,21,8,
1140,SadPython #1140,82,188.01897768354553,28,2,4,21,8,98,,14,10,
3023,SadPython #3023,83,187.71610032374284,49,2,5,18,11,75,,17,7,
2376,SadPython #2376,84,187.7138797069206,29,2,5,89,8,27,,15,10,
1808,SadPython #1808,85,187.4002209008108,21,29,4,46,9,22,,17,8,27
2065,SadPython #2065,86,187.38488137120484,28,29,4,17,13,40,,17,7,27
1557,SadPython #1557,87,187.26434030060096,28,29,5,35,13,21,,16,10,27
891,SadPython #891,88,187.09929733552144,70,2,4,46,12,27,,11,11,
2037,SadPython #2037,89,186.75604353279357,81,2,4,12,9,49,,12,14,
2415,SadPython #2415,90,186.37280575755767,70,2,5,20,8,54,,12,12,
755,SadPython #755,91,185.77245166621003,,2,5,15,13,122,,14,12,
2465,SadPython #2465,92,185.41366362832207,98,2,4,23,9,22,,16,8,
18,SadPython #18,93,185.3062631778801,27,2,5,21,8,98,,11,10,
934,SadPython #934,94,185.23699279677646,28,2,4,65,8,33,,33,7,
1072,SadPython #1072,95,185.23371916560188,70,2,5,23,8,33,,33,7,
2522,SadPython #2522,96,184.8049935464772,,2,5,21,8,98,,11,10,27
426,SadPython #426,97,184.7994827516777,30,2,5,46,8,49,,33,8,
2486,SadPython #2486,98,184.67842345812477,27,2,5,81,9,36,,14,7,
2437,SadPython #2437,99,183.9010290880111,81,2,5,35,8,25,,16,8,
1560,SadPython #1560,100,182.8719691188266,29,2,5,81,13,21,,15,12,
806,SadPython #806,101,182.79647953868673,98,2,5,32,19,,,12,12,
2092,SadPython #2092,102,182.62158154431688,21,29,4,15,8,33,,33,8,27
267,SadPython #267,103,182.5504278993302,28,2,5,81,11,25,,16,11,
365,SadPython #365,104,182.10871102636818,46,29,5,14,9,28,,13,7,27
439,SadPython #439,105,182.00294503973598,61,2,5,23,9,54,,17,8,
3194,SadPython #3194,106,181.89854893103472,98,2,4,12,13,27,,14,8,
1526,SadPython #1526,107,181.89787132771306,39,2,5,81,8,22,,13,8,
1150,SadPython #1150,108,181.77413222125145,54,2,5,89,9,,,12,7,
3236,SadPython #3236,109,181.40660420316735,40,2,4,65,9,33,,15,10,
1602,SadPython #1602,110,181.40574495968715,28,2,4,18,8,98,,13,7,
3088,SadPython #3088,111,181.1469957596712,25,2,5,81,9,28,,19,8,
3250,SadPython #3250,112,180.81780627268955,81,2,5,17,9,40,,14,8,
3094,SadPython #3094,113,180.61743066640378,46,2,5,65,9,28,,13,10,
614,SadPython #614,114,180.55255819775894,,2,5,11,8,122,,21,8,
1866,SadPython #1866,115,180.19156288399552,70,2,4,20,9,51,,11,10,
509,SadPython #509,116,180.18048345078464,49,2,5,51,9,40,,11,10,
1507,SadPython #1507,117,180.02938047911195,61,2,5,20,8,61,,11,8,
2115,SadPython #2115,118,179.75252940903835,81,2,5,27,9,21,,21,10,
1460,SadPython #1460,119,179.51298106663063,54,2,5,15,9,65,,15,12,
2049,SadPython #2049,120,178.87521200786773,21,29,4,20,11,30,,21,11,27
3324,SadPython #3324,121,178.65325771859048,61,2,5,54,9,22,,14,8,
44,SadPython #44,122,178.62591499105116,42,2,4,21,9,54,,33,8,
1432,SadPython #1432,123,178.48780128137793,65,2,5,35,8,39,,12,10,
1754,SadPython #1754,124,178.32990679343422,30,2,4,14,9,75,,33,8,
994,SadPython #994,125,178.32001038497413,98,2,5,12,8,31,,11,7,
1170,SadPython #1170,126,178.20361984136045,81,2,4,54,9,,,14,10,
2419,SadPython #2419,127,178.1721932765709,44,2,4,51,13,31,,15,14,
1926,SadPython #1926,128,177.81225271505417,70,2,5,27,9,,,16,8,37
2598,SadPython #2598,129,177.62388231467747,28,29,5,20,9,21,,16,8,37
2227,SadPython #2227,130,177.52249833213574,70,2,5,35,11,31,,12,8,
2421,SadPython #2421,131,177.51343506313853,65,2,4,46,11,22,,11,12,
84,SadPython #84,132,177.3220692536298,39,2,4,25,9,51,,33,11,
2566,SadPython #2566,133,177.24186302428387,65,2,4,12,11,54,,11,14,
2621,SadPython #2621,134,176.83497511050675,28,2,5,54,11,51,,15,7,
910,SadPython #910,135,175.9148158501362,,2,5,11,12,122,,13,7,
2752,SadPython #2752,136,175.55008165003048,65,2,5,20,8,51,,13,8,
216,SadPython #216,137,174.89965770815917,98,2,5,14,8,25,,12,8,
3404,SadPython #3404,138,174.77297280984212,28,2,4,65,11,21,,31,8,
811,SadPython #811,139,174.7219001420416,81,2,5,12,11,31,,16,12,
3263,SadPython #3263,140,174.61884185529456,49,2,4,32,16,,,19,11,37
3386,SadPython #3386,141,174.60709610920048,70,2,5,12,16,33,,21,12,
326,SadPython #326,142,174.0554359153103,28,2,4,32,9,75,,13,7,
1397,SadPython #1397,143,173.4166692395291,40,2,5,65,9,28,,14,7,
2489,SadPython #2489,144,171.68410050033714,70,2,4,11,9,51,,14,8,
253,SadPython #253,145,170.90613949625163,40,2,5,23,11,61,,14,11,
196,SadPython #196,146,170.50399435611396,40,2,5,20,9,61,,21,8,
1163,SadPython #1163,147,170.15969845612253,42,2,4,89,8,,,14,7,
2840,SadPython #2840,148,169.52753964933612,27,2,4,25,9,75,,12,12,
824,SadPython #824,149,168.9676279922757,,2,4,14,12,75,,11,10,37
2491,SadPython #2491,150,168.64060525544522,21,2,4,46,9,61,,14,8,
2214,SadPython #2214,151,167.70457856010512,42,2,4,21,9,65,,13,7,
3424,SadPython #3424,152,167.62672617329355,40,2,4,81,11,,,13,12,
771,SadPython #771,153,166.76502270373646,70,2,4,18,8,,,15,10,37
48,SadPython #48,154,166.61004430856545,39,2,5,15,13,61,,21,8,
2490,SadPython #2490,155,166.1215003095249,81,2,4,12,11,28,,13,12,
1289,SadPython #1289,156,166.05671346492636,46,2,5,20,12,49,,17,11,
2015,SadPython #2015,157,166.04108996655395,54,2,5,27,16,,,19,12,27
156,SadPython #156,158,165.69567053278615,42,2,5,11,11,65,,15,12,
2844,SadPython #2844,159,165.12594462206525,98,2,5,27,9,,,14,8,
1550,SadPython #1550,160,164.80564080737173,,2,4,32,13,49,,16,8,37
1059,SadPython #1059,161,164.35083488629996,98,2,5,20,12,,,16,8,
1486,SadPython #1486,162,164.31970446863193,61,2,4,12,9,28,,31,14,
409,SadPython #409,163,164.24961418874142,70,2,5,15,13,36,,13,8,
1256,SadPython #1256,164,164.23270893550435,98,2,4,18,9,,,19,12,
592,SadPython #592,165,163.9197509271643,98,2,5,23,9,,,17,7,
629,SadPython #629,166,163.7239139334964,,2,4,81,11,36,,16,10,
1430,SadPython #1430,167,163.13542429623953,70,2,5,20,8,30,,12,12,
363,SadPython #363,168,163.05482112955198,98,2,5,21,9,,,17,8,
1738,SadPython #1738,169,162.99513036415817,28,2,5,27,8,65,,17,8,
85,SadPython #85,170,162.97831510925005,70,2,5,25,9,21,,16,12,
2305,SadPython #2305,171,162.77439145272416,70,2,4,20,11,,,15,10,27
1056,SadPython #1056,172,162.7249585641577,54,2,5,15,9,51,,16,7,
1071,SadPython #1071,173,162.72361410030618,65,2,5,25,16,22,,13,12,
336,SadPython #336,174,162.61131197224907,39,2,4,18,8,49,,31,8,
463,SadPython #463,175,162.09641337652363,27,2,5,14,19,51,,33,8,
1043,SadPython #1043,176,161.93226918435636,70,2,4,21,8,25,,14,14,
2333,SadPython #2333,177,161.83119000187753,21,2,5,20,16,75,,11,8,
2908,SadPython #2908,178,161.8062278119873,54,2,4,17,8,31,,33,8,
251,SadPython #251,179,161.70763588042195,46,2,5,46,8,22,,21,8,
2955,SadPython #2955,180,161.46397930386496,70,2,4,17,16,27,,14,8,
1935,SadPython #1935,181,161.27047189890345,61,2,5,35,11,22,,11,12,
2366,SadPython #2366,182,161.25721920896925,65,2,4,27,11,,,14,8,27
2198,SadPython #2198,183,161.20612445984008,70,2,4,51,9,,,14,8,
518,SadPython #518,184,160.99779964490043,65,2,5,46,16,,,14,10,
111,SadPython #111,185,160.85460139107454,40,2,5,12,12,61,,15,10,
2543,SadPython #2543,186,160.57600003362003,65,2,4,51,8,,,19,8,
2822,SadPython #2822,187,160.28112570996552,70,2,5,15,19,21,,17,8,
778,SadPython #778,188,160.2690250234337,54,2,4,25,12,31,,14,14,
2617,SadPython #2617,189,160.24628384361225,65,2,5,25,9,27,,12,12,
1134,SadPython #1134,190,160.18517046138425,40,2,5,18,8,61,,13,10,
1685,SadPython #1685,191,160.17492511272053,28,2,5,81,12,,,17,12,
2552,SadPython #2552,192,159.81958567068622,98,2,5,20,9,,,16,8,
691,SadPython #691,193,159.8152833592603,44,2,4,46,9,27,,15,10,
79,SadPython #79,194,159.6151113317321,81,2,4,12,8,28,,11,10,
2387,SadPython #2387,195,159.5751853691623,49,2,5,12,12,54,,12,10,
32,SadPython #32,196,159.27390241079704,65,2,5,21,11,28,,16,8,
3403,SadPython #3403,197,158.9341427236227,27,2,5,20,19,61,,14,8,
2809,SadPython #2809,198,158.9038980853627,,2,5,81,19,22,,13,14,
594,SadPython #594,199,158.86671603122437,28,2,5,23,11,65,,14,8,
1888,SadPython #1888,200,158.74977801758345,28,2,5,54,19,22,,16,10,
1645,SadPython #1645,201,158.71130883788152,70,2,4,15,9,28,,14,14,
3071,SadPython #3071,202,158.69171071306818,70,2,4,15,8,33,,11,12,
1652,SadPython #1652,203,158.646028827539,65,2,4,14,9,33,,16,12,
2818,SadPython #2818,204,158.31352671544218,,2,5,89,13,22,,16,8,
1986,SadPython #1986,205,158.14004074048563,27,2,4,51,19,27,,14,11,
2195,SadPython #2195,206,157.86002584266834,70,2,5,14,9,36,,12,7,
831,SadPython #831,207,157.5939209120505,65,2,5,46,12,,,16,8,
2117,SadPython #2117,208,157.57899154178696,,2,4,35,12,75,,15,12,
2642,SadPython #2642,209,157.33985575716076,,2,4,32,16,40,,14,7,37
696,SadPython #696,210,157.12213206620225,65,2,4,18,19,21,,16,8,
2952,SadPython #2952,211,156.73850331163064,70,2,5,27,9,,,31,10,
2783,SadPython #2783,212,156.44882973216178,,2,5,89,9,22,,14,12,
2716,SadPython #2716,213,155.8277613920131,,2,4,81,8,33,,16,8,
146,SadPython #146,214,155.4770044211973,65,2,5,20,8,27,,12,12,
1899,SadPython #1899,215,155.4101275296611,54,2,4,14,8,27,,31,12,
2500,SadPython #2500,216,155.38354931095452,,2,5,65,8,49,,16,8,
1456,SadPython #1456,217,155.3771715465752,65,2,5,15,11,31,,14,10,
3063,SadPython #3063,218,155.09921203639698,30,2,5,35,11,40,,16,12,
2135,SadPython #2135,219,154.74988475333345,28,2,5,54,8,31,,11,12,
2636,SadPython #2636,220,154.4365365506638,28,2,5,46,13,30,,17,10,
681,SadPython #681,221,154.15120884020564,70,2,5,12,9,28,,17,8,
2806,SadPython #2806,222,153.65280572371324,42,2,5,25,9,49,,11,7,
2019,SadPython #2019,223,153.57892111804517,28,2,5,27,8,54,,14,12,
924,SadPython #924,224,153.25008818136175,49,2,5,35,9,27,,14,10,
1542,SadPython #1542,225,153.00411202311247,40,2,4,46,8,25,,15,8,
1317,SadPython #1317,226,152.83352460968476,40,2,4,27,16,36,,12,12,
2192,SadPython #2192,227,152.58098400940926,,2,4,27,11,65,,31,10,
2492,SadPython #2492,228,152.4205150110809,54,2,4,20,8,30,,16,14,
1881,SadPython #1881,229,152.24599548513183,28,2,5,51,16,21,,16,10,
1314,SadPython #1314,230,152.1414142602129,28,2,5,81,8,,,17,8,
270,SadPython #270,231,151.6002558220523,70,2,4,15,9,22,,15,12,
2392,SadPython #2392,232,151.4787350147721,54,2,5,11,9,49,,11,8,
2516,SadPython #2516,233,151.36617258877078,65,2,4,11,11,28,,19,8,
2712,SadPython #2712,234,151.3584262847245,46,2,5,35,8,31,,11,10,
682,SadPython #682,235,150.93461872006642,,2,4,23,16,61,,33,8,
1953,SadPython #1953,236,150.84960863511483,29,2,5,46,19,25,,11,10,
1981,SadPython #1981,237,150.7134232466069,70,2,5,15,9,25,,12,10,
86,SadPython #86,238,150.63733003876692,98,2,4,14,11,,,11,8,
3438,SadPython #3438,239,150.53836120359193,28,2,5,46,11,31,,13,11,
127,SadPython #127,240,150.52921783253873,46,2,4,23,16,28,,15,12,
2638,SadPython #2638,241,150.52065547230418,28,2,5,27,8,51,,16,11,
3361,SadPython #3361,242,150.45842140418569,44,2,5,32,8,33,,12,10,
1805,SadPython #1805,243,150.4122870817005,,2,5,54,9,49,,21,7,
2771,SadPython #2771,244,149.97046003125112,40,2,5,32,9,28,,19,11,
1712,SadPython #1712,245,149.57759781751378,54,2,5,27,9,27,,15,8,
1916,SadPython #1916,246,149.275207023998,28,2,5,12,9,61,,21,8,
689,SadPython #689,247,149.2401751361963,49,2,5,20,9,33,,16,12,
2816,SadPython #2816,248,149.10896650478435,40,2,5,27,8,,,12,14,37
2368,SadPython #2368,249,149.002423253831,39,2,4,21,8,36,,21,14,
2469,SadPython #2469,250,148.9982650312876,28,2,4,51,13,25,,14,8,
1565,SadPython #1565,251,148.9655613312839,98,2,4,14,8,,,11,10,
338,SadPython #338,252,148.94205096143554,70,2,4,11,8,28,,13,10,
1930,SadPython #1930,253,148.94163157338096,28,2,4,46,12,30,,15,7,
2837,SadPython #2837,254,148.90011372730905,54,2,5,11,16,33,,16,8,
3041,SadPython #3041,255,148.86830912386242,40,2,4,35,9,28,,17,11,
263,SadPython #263,256,148.5124756708358,54,2,5,12,8,22,,33,8,
2589,SadPython #2589,257,148.267727479989,54,2,5,20,11,28,,15,10,
1842,SadPython #1842,258,148.2416918101708,42,2,4,25,8,39,,17,8,
308,SadPython #308,259,148.1574612632029,65,2,5,12,9,28,,14,10,
1035,SadPython #1035,260,148.07929302357275,,2,5,81,9,21,,17,10,
1434,SadPython #1434,261,147.92733020636354,44,2,5,20,8,40,,12,12,
586,SadPython #586,262,147.74846606368362,40,2,5,12,9,51,,12,12,
361,SadPython #361,263,147.6944239678652,65,2,5,14,12,22,,15,10,
1845,SadPython #1845,264,147.6147873730747,25,2,4,46,16,30,,12,8,
1731,SadPython #1731,265,147.55701923891002,27,2,5,11,13,61,,16,10,
3180,SadPython #3180,266,147.53326278697912,,2,5,20,11,25,,31,12,37
1272,SadPython #1272,267,147.44749342058728,98,2,5,11,8,,,11,10,
795,SadPython #795,268,147.22163196897623,42,2,5,35,11,21,,16,12,
3049,SadPython #3049,269,147.03441837390216,65,2,4,11,9,27,,16,10,
1329,SadPython #1329,270,146.64601639954628,39,2,5,65,8,,,17,8,
3343,SadPython #3343,271,146.52281427146005,39,2,5,15,12,31,,31,8,
2533,SadPython #2533,272,146.405061192183,21,2,4,18,16,54,,16,12,
4,SadPython #4,273,146.30310363704467,25,2,4,46,11,31,,15,8,
45,SadPython #45,274,146.07372632859088,54,2,5,20,9,30,,14,8,
913,SadPython #913,275,146.04177957738705,21,2,4,23,9,65,,11,7,
1937,SadPython #1937,276,145.3096396767629,28,2,4,17,8,49,,21,12,
3429,SadPython #3429,277,145.25526022008634,61,2,5,12,16,22,,14,10,
1040,SadPython #1040,278,145.01961636834275,39,2,5,21,16,30,,14,14,
3098,SadPython #3098,279,144.94969094161863,46,2,5,32,8,,,14,7,27
3068,SadPython #3068,280,144.88247572608162,40,2,4,11,8,49,,16,12,
711,SadPython #711,281,144.76239720925471,49,2,5,18,13,28,,15,12,
359,SadPython #359,282,144.36939468757276,61,2,4,15,9,30,,12,8,
2539,SadPython #2539,283,144.33417188585136,39,2,4,20,9,28,,31,7,
2201,SadPython #2201,284,144.2850320747109,,2,5,51,8,49,,12,14,
923,SadPython #923,285,144.17337951071406,46,2,5,46,16,,,17,8,
739,SadPython #739,286,144.17185069081927,70,2,4,11,9,21,,16,8,
2478,SadPython #2478,287,144.09833410315218,39,2,5,11,19,,,14,14,37
457,SadPython #457,288,144.0747115814883,28,2,5,54,9,,,31,12,
2557,SadPython #2557,289,143.9828518737492,40,2,4,35,11,22,,14,12,
202,SadPython #202,290,143.36682463844375,28,2,4,35,9,36,,14,12,
3254,SadPython #3254,291,143.2603489010513,,2,4,54,9,49,,11,12,
571,SadPython #571,292,142.98575965667624,49,2,4,11,13,21,,31,8,
2045,SadPython #2045,293,142.9067943691782,25,2,4,25,8,36,,31,8,
2616,SadPython #2616,294,142.68861820326367,49,2,5,14,11,,,14,8,37
2812,SadPython #2812,295,142.61372014267607,61,2,4,14,9,28,,14,8,
502,SadPython #502,296,142.32077325856176,25,2,5,46,9,30,,14,7,
2324,SadPython #2324,297,142.01746672105165,30,2,5,21,11,39,,21,10,
1703,SadPython #1703,298,141.89139051581859,28,2,4,46,11,27,,12,8,
776,SadPython #776,299,141.7079137518907,,2,5,12,11,49,,12,10,37
513,SadPython #513,300,141.67030730479266,54,2,5,18,16,21,,14,8,
3330,SadPython #3330,301,141.5042732583627,28,2,5,51,8,21,,11,12,
1880,SadPython #1880,302,141.50152285081379,29,2,5,46,9,27,,12,8,
554,SadPython #554,303,141.50077594560258,54,2,5,15,8,30,,15,10,
906,SadPython #906,304,141.33058871342115,54,2,5,23,8,21,,16,8,
1052,SadPython #1052,305,141.24914638160143,28,2,4,12,12,54,,17,8,
2823,SadPython #2823,306,141.08029830844234,28,2,5,32,9,,,14,11,37
1031,SadPython #1031,307,140.61173280133096,54,2,5,12,12,27,,15,10,
1077,SadPython #1077,308,140.31594050430613,27,2,4,20,9,51,,15,8,
345,SadPython #345,309,139.83239185476626,46,2,4,20,11,28,,17,7,
1841,SadPython #1841,310,139.7614268356721,54,2,5,12,8,31,,14,10,
389,SadPython #389,311,139.71004220582344,61,2,4,11,11,22,,12,12,
3008,SadPython #3008,312,139.45223128064424,28,2,5,17,13,49,,13,10,
981,SadPython #981,313,139.38030698182982,44,2,4,12,12,40,,12,8,
2142,SadPython #2142,314,139.2212279727489,65,2,4,35,9,,,14,8,
1349,SadPython #1349,315,139.04484716097954,,8,5,81,19,,,11,12,
3117,SadPython #3117,316,138.99029735114988,,2,4,20,12,75,,14,8,
2943,SadPython #2943,317,138.94723528951093,44,2,4,23,12,31,,11,8,
3001,SadPython #3001,318,138.65859604383218,,8,5,81,16,,,14,12,
908,SadPython #908,319,138.5708735478363,65,2,4,32,11,,,12,8,
2573,SadPython #2573,320,138.50051799232136,54,2,4,18,8,27,,15,7,
2230,SadPython #2230,321,138.4518527085006,54,2,4,20,13,22,,11,8,
2334,SadPython #2334,322,138.3277761917537,,2,4,65,8,27,,15,14,
2100,SadPython #2100,323,138.2166577737221,46,2,5,20,11,21,,21,7,
1803,SadPython #1803,324,137.78745283137974,81,2,5,11,12,,,16,7,
3054,SadPython #3054,325,137.78535261882018,42,2,5,14,13,27,,21,11,
1480,SadPython #1480,326,137.5375589504835,27,2,5,46,11,22,,13,7,
297,SadPython #297,327,137.29156263240185,,2,5,18,19,31,,14,8,37
313,SadPython #313,328,136.83386991686342,40,2,5,51,16,,,11,8,
1267,SadPython #1267,329,136.68388462648136,49,2,5,12,8,36,,14,7,
2793,SadPython #2793,330,136.6606249022432,46,2,4,46,8,,,19,7,
1258,SadPython #1258,331,136.53147927982374,44,2,4,23,9,25,,17,8,
2838,SadPython #2838,332,136.48145108820114,39,2,4,12,12,,,12,14,37
2880,SadPython #2880,333,136.45158164125306,54,2,5,25,9,,,31,8,
1080,SadPython #1080,334,136.43969070972534,28,2,5,20,9,40,,15,14,
3030,SadPython #3030,335,136.4364514854246,49,2,5,17,11,27,,12,10,
1155,SadPython #1155,336,136.18847515627226,40,2,4,35,19,,,21,12,
175,SadPython #175,337,136.06711453648495,54,2,5,15,11,22,,12,12,
2848,SadPython #2848,338,135.91025733369855,54,2,4,12,9,27,,15,10,
2224,SadPython #2224,339,135.86762352579564,29,2,4,65,9,,,11,12,
2545,SadPython #2545,340,135.6331683746255,54,2,5,20,11,,,31,10,
1205,SadPython #1205,341,135.38465204636736,70,2,4,12,16,,,14,14,
2246,SadPython #2246,342,135.37526212057833,,2,4,46,9,21,,15,8,27
1086,SadPython #1086,343,135.13874881959046,44,2,4,17,11,25,,16,12,
624,SadPython #624,344,134.93605287953383,28,2,4,23,11,40,,16,7,
2245,SadPython #2245,345,134.65795651809037,28,2,5,32,12,28,,15,10,
1373,SadPython #1373,346,134.6435706538206,65,2,5,20,8,,,21,11,
1903,SadPython #1903,347,134.2782249778132,29,2,5,20,13,,,12,12,37
2889,SadPython #2889,348,134.0199482270588,28,2,5,46,9,21,,12,7,
1363,SadPython #1363,349,134.00421292431196,40,2,5,17,11,25,,16,14,
2665,SadPython #2665,350,133.76742291849905,27,2,5,20,16,39,,14,8,
2698,SadPython #2698,351,133.7577980100862,30,2,5,54,9,,,21,10,
1477,SadPython #1477,352,133.3954019236337,42,2,5,20,9,22,,16,12,
2173,SadPython #2173,353,133.35973701519922,,8,4,81,11,,,17,10,
66,SadPython #66,354,133.0088344243472,70,2,4,20,9,,,14,12,
786,SadPython #786,355,132.72902978380787,40,2,4,18,11,33,,12,8,
2622,SadPython #2622,356,132.56365590320448,,2,4,23,9,65,,14,12,
1330,SadPython #1330,357,132.47467552933256,49,2,5,11,9,28,,12,14,
2688,SadPython #2688,358,132.4469965884186,70,2,4,20,8,,,14,12,
3163,SadPython #3163,359,132.26619335664836,65,2,5,20,12,,,13,12,
28,SadPython #28,360,132.19680820559753,,8,5,89,9,,,11,8,
714,SadPython #714,361,132.1630124979415,44,2,5,15,9,27,,19,8,
3213,SadPython #3213,362,132.04956104531135,,2,5,15,19,65,,14,10,
167,SadPython #167,363,132.04171261685104,65,2,5,21,13,,,11,12,
2868,SadPython #2868,364,131.95623957100696,44,2,4,18,16,22,,14,8,
3295,SadPython #3295,365,131.9220511650555,40,2,5,23,8,28,,15,7,
3252,SadPython #3252,366,131.8548561599027,28,2,5,20,19,31,,16,8,
706,SadPython #706,367,131.7808002797209,44,2,5,12,19,22,,15,10,
1233,SadPython #1233,368,131.3664597503837,28,2,4,12,16,39,,15,12,
1658,SadPython #1658,369,131.25701648158073,21,2,4,17,9,51,,12,11,
847,SadPython #847,370,131.06076549675527,,2,4,20,9,30,,14,11,37
1361,SadPython #1361,371,131.00177468429615,42,2,4,12,12,31,,15,8,
2820,SadPython #2820,372,130.97613461471127,40,2,5,23,8,28,,12,10,
1654,SadPython #1654,373,130.84774754209693,28,2,5,20,8,39,,16,10,
2789,SadPython #2789,374,130.8334571845532,28,2,4,12,13,40,,19,8,
1097,SadPython #1097,375,130.68814436287562,39,2,4,18,9,28,,14,14,
2412,SadPython #2412,376,130.64615712735096,28,2,4,18,9,25,,33,8,
1050,SadPython #1050,377,130.56557180689487,,2,4,32,11,25,,16,10,27
2237,SadPython #2237,378,130.42922677880162,21,2,4,20,8,49,,12,11,
3004,SadPython #3004,379,130.42883456241069,28,2,5,17,16,,,14,8,37
1092,SadPython #1092,380,130.3581167862608,29,2,5,15,11,40,,14,11,
896,SadPython #896,381,130.30249245596534,,2,5,20,9,33,,12,8,37
2629,SadPython #2629,382,130.12714260937162,21,2,4,12,16,40,,21,10,
727,SadPython #727,383,130.02805723166793,28,2,4,54,19,,,12,8,
1145,SadPython #1145,384,129.86762706565202,,2,5,54,8,31,,17,10,
990,SadPython #990,385,129.64006456970955,40,2,4,20,9,22,,21,8,
1711,SadPython #1711,386,129.51647691227973,70,2,5,17,9,,,14,10,
241,SadPython #241,387,129.4973956206077,40,2,5,46,11,,,12,10,
1820,SadPython #1820,388,129.20717086483924,65,2,5,23,8,,,16,8,
2098,SadPython #2098,389,129.12794957640452,28,2,5,20,9,39,,16,7,
1515,SadPython #1515,390,129.105579409358,40,2,4,20,9,21,,14,14,
356,SadPython #356,391,128.76679974093923,27,2,5,11,13,36,,19,12,
337,SadPython #337,392,128.72871272580178,42,2,5,46,11,,,11,8,
212,SadPython #212,393,128.72416697642103,,8,5,81,8,,,14,10,
1920,SadPython #1920,394,128.6966701808708,,2,4,32,19,39,,21,8,
335,SadPython #335,395,128.65747114882802,54,2,5,35,9,,,11,10,
3214,SadPython #3214,396,128.56464698747422,,2,4,20,9,22,,16,14,37
638,SadPython #638,397,128.30557420028447,30,2,5,15,12,39,,11,11,
1518,SadPython #1518,398,127.91218537335136,21,2,4,25,19,31,,14,8,
3298,SadPython #3298,399,127.72304879164463,,8,5,81,11,,,12,7,
3340,SadPython #3340,400,127.69013751340499,,2,5,21,9,28,,15,7,37
1779,SadPython #1779,401,127.58449074671806,28,2,4,32,9,22,,15,12,
3073,SadPython #3073,402,127.57235876232,28,2,5,25,19,28,,11,7,
1690,SadPython #1690,403,127.54907521939144,28,2,5,18,9,40,,15,8,
1325,SadPython #1325,404,127.54840661676533,28,2,5,17,12,36,,16,8,
142,SadPython #142,405,127.43066000995093,29,2,5,18,9,39,,15,8,
582,SadPython #582,406,127.32816550089557,30,2,5,51,13,,,15,8,
1840,SadPython #1840,407,127.27824417436481,70,2,5,14,8,,,12,14,
1352,SadPython #1352,408,127.13607366585174,30,2,4,14,8,22,,33,10,
2784,SadPython #2784,409,127.08825653765363,,2,4,12,9,39,,12,8,37
2309,SadPython #2309,410,126.85656042094446,54,2,4,11,8,22,,14,8,
106,SadPython #106,411,126.74203251550479,42,2,5,35,11,,,21,8,
506,SadPython #506,412,126.73514525201205,27,2,4,12,19,39,,12,8,
580,SadPython #580,413,126.72060069625826,65,2,5,20,9,,,15,8,
123,SadPython #123,414,126.63169884929103,,2,5,46,9,36,,16,10,
58,SadPython #58,415,126.4932138018233,,2,5,23,16,51,,12,14,
204,SadPython #204,416,126.4902892207607,65,2,4,15,13,,,12,12,
3265,SadPython #3265,417,126.41200299792641,,8,5,81,8,,,14,7,
521,SadPython #521,418,126.28592811483941,27,2,5,27,9,22,,21,11,
2375,SadPython #2375,419,126.27821439539456,,2,4,65,8,22,,14,8,
2724,SadPython #2724,420,126.06268670957063,40,2,4,17,11,,,11,10,27
1106,SadPython #1106,421,125.76304412241008,40,2,5,20,12,,,33,10,
3221,SadPython #3221,422,125.72626822227078,39,2,5,14,16,28,,11,8,
36,SadPython #36,423,125.7068836173476,40,2,5,14,11,21,,16,12,
2977,SadPython #2977,424,125.70474072402045,65,2,5,18,11,,,12,10,
1476,SadPython #1476,425,125.69260077557031,27,2,5,32,11,25,,12,8,
748,SadPython #748,426,125.60479820766516,,2,5,11,11,36,,12,8,37
2027,SadPython #2027,427,125.47958148659559,,2,5,46,11,33,,11,14,
2034,SadPython #2034,428,125.47945679278416,,2,5,54,11,21,,17,12,
3118,SadPython #3118,429,125.39073521884755,61,2,4,20,8,,,17,10,
384,SadPython #384,430,125.30868631288159,65,2,4,14,8,,,16,14,
403,SadPython #403,431,125.13568206321237,44,2,4,32,13,,,14,12,
1133,SadPython #1133,432,124.9723857882576,30,2,5,14,9,39,,15,8,
865,SadPython #865,433,124.80401316847582,65,2,5,15,9,,,16,11,
1590,SadPython #1590,434,124.73761329935502,,2,5,18,8,61,,16,12,
3367,SadPython #3367,435,124.70955948082678,28,2,4,20,9,30,,21,8,
2357,SadPython #2357,436,124.67402484688472,28,2,5,17,11,,,14,7,37
498,SadPython #498,437,124.59108359375819,,2,4,14,8,65,,16,12,
1821,SadPython #1821,438,124.3632606434819,28,2,5,46,8,,,21,12,
783,SadPython #783,439,124.35845656949657,65,2,5,20,8,,,14,7,
3399,SadPython #3399,440,124.16909831884418,30,2,4,27,8,,,15,8,27
105,SadPython #105,441,123.98400841401681,,2,5,51,9,27,,19,7,
5,SadPython #5,442,123.97541544135687,,2,4,54,9,22,,16,14,
2832,SadPython #2832,443,123.96080503230111,28,2,4,23,8,30,,15,11,
3235,SadPython #3235,444,123.96039309195257,25,2,4,35,8,21,,14,11,
1847,SadPython #1847,445,123.74243628895117,28,2,5,20,11,28,,14,12,
3245,SadPython #3245,446,123.71885613383098,28,2,4,20,12,28,,14,12,
2959,SadPython #2959,447,123.70913595989386,70,2,4,11,11,,,15,8,
286,SadPython #286,448,123.68565313471494,70,2,5,15,9,,,13,8,
1836,SadPython #1836,449,123.60351971711522,21,2,5,12,9,51,,12,7,
675,SadPython #675,450,123.47446894450123,61,2,4,21,8,,,12,12,
3402,SadPython #3402,451,123.42454455764762,,2,5,35,13,40,,17,8,
132,SadPython #132,452,123.41532755434413,65,2,5,14,8,,,17,10,
1523,SadPython #1523,453,123.3208162281726,29,2,5,14,16,27,,16,11,
2328,SadPython #2328,454,123.1127738170195,,2,5,21,8,28,,19,10,27
2316,SadPython #2316,455,123.06175843865668,,2,4,12,9,65,,15,12,
2975,SadPython #2975,456,123.04679804605476,27,2,5,11,8,36,,17,14,
1221,SadPython #1221,457,122.91548800021364,65,2,4,11,12,,,16,10,
893,SadPython #893,458,122.76862349507793,28,2,4,27,8,22,,14,14,
1593,SadPython #1593,459,122.58549600868294,,2,4,27,12,25,,14,8,27
613,SadPython #613,460,121.94271011091281,25,2,5,27,11,27,,11,11,
1008,SadPython #1008,461,121.76366815208031,25,2,5,27,8,27,,15,10,
719,SadPython #719,462,121.75010097551441,70,2,5,11,9,,,15,7,
702,SadPython #702,463,121.70599010676996,21,2,5,11,13,21,,33,12,
1989,SadPython #1989,464,121.62881752987398,30,2,5,15,12,30,,12,12,
2116,SadPython #2116,465,121.56639118969657,46,2,4,32,9,,,14,11,
1997,SadPython #1997,466,121.53936081705506,21,2,5,18,12,33,,13,14,
2633,SadPython #2633,467,121.37523544600612,,2,5,12,11,36,,14,11,27
1299,SadPython #1299,468,121.2678794070343,65,2,4,14,11,,,15,8,
3116,SadPython #3116,469,120.95304924851878,25,2,4,20,9,,,12,8,37
1528,SadPython #1528,470,120.86542220743773,28,2,5,11,19,33,,12,7,
2488,SadPython #2488,471,120.8328910970094,61,2,5,21,8,,,13,7,
1709,SadPython #1709,472,120.67015533918311,27,2,5,12,8,40,,15,8,
3144,SadPython #3144,473,120.65522631881846,,2,4,12,8,27,,14,12,37
47,SadPython #47,474,120.52060885603389,54,2,4,17,13,,,13,14,
679,SadPython #679,475,120.4472151881467,,2,4,11,9,28,,15,12,37
2275,SadPython #2275,476,120.43334806840006,,2,4,35,9,39,,21,8,
1815,SadPython #1815,477,120.39459656264732,28,2,4,20,13,22,,17,10,
2000,SadPython #2000,478,120.24430286607914,40,2,5,14,9,25,,14,7,
2263,SadPython #2263,479,120.17952066048359,30,2,4,12,9,33,,11,14,
3122,SadPython #3122,480,120.10947202740702,21,2,4,25,9,28,,16,12,
2613,SadPython #2613,481,119.92953791156178,29,2,5,15,19,22,,14,11,
402,SadPython #402,482,119.85656448567649,40,2,4,12,9,28,,11,10,
2799,SadPython #2799,483,119.82382804410086,28,2,4,25,8,28,,12,10,
3149,SadPython #3149,484,119.79592523196231,28,2,5,25,12,22,,15,8,
404,SadPython #404,485,119.6689347107492,28,2,5,25,13,,,33,11,
2662,SadPython #2662,486,119.62669309874703,28,2,5,32,8,,,33,8,
1882,SadPython #1882,487,119.54041959884592,,2,5,20,8,61,,12,8,
2108,SadPython #2108,488,119.52950001786058,30,2,5,15,9,36,,12,7,
1728,SadPython #1728,489,119.41694198853784,27,2,4,17,16,28,,11,11,
3165,SadPython #3165,490,119.29362947542391,28,2,5,14,8,31,,21,8,
2099,SadPython #2099,491,119.25023741865223,,2,5,12,8,54,,21,14,
2479,SadPython #2479,492,119.15094140841269,,2,4,18,9,40,,31,11,
1488,SadPython #1488,493,119.06107256795403,,2,4,27,9,54,,13,7,
2958,SadPython #2958,494,119.02032490643003,28,2,5,12,16,25,,19,8,
117,SadPython #117,495,118.83577718851406,30,2,4,18,12,27,,14,8,
3021,SadPython #3021,496,118.29917190175539,28,2,5,23,11,21,,16,10,
1360,SadPython #1360,497,118.28875451951448,29,2,5,11,19,27,,12,10,
2021,SadPython #2021,498,118.25210818576424,,2,4,20,8,33,,12,7,27
3109,SadPython #3109,499,117.92195754915824,,2,5,25,9,30,,31,12,
1702,SadPython #1702,500,117.64117499347253,28,2,5,20,9,21,,16,12,
2713,SadPython #2713,501,117.61038043655839,25,2,5,21,11,21,,14,14,
965,SadPython #965,502,117.61022114355877,30,2,5,20,9,28,,12,8,
1662,SadPython #1662,503,117.5422566339109,65,2,4,11,11,,,14,8,
1601,SadPython #1601,504,117.46401197551708,,2,5,14,9,27,,21,10,27
61,SadPython #61,505,117.37183084394786,28,2,5,12,11,28,,21,8,
169,SadPython #169,506,117.33754017351131,,2,4,32,9,28,,31,8,
159,SadPython #159,507,117.30239806607707,28,2,5,12,9,36,,12,10,
1217,SadPython #1217,508,117.01058237280209,,2,5,51,8,28,,12,8,
1509,SadPython #1509,509,116.92827545797677,,2,5,12,9,27,,14,7,37
3284,SadPython #3284,510,116.88370482646839,28,2,5,12,11,33,,14,8,
787,SadPython #787,511,116.81208048539571,30,2,5,21,8,21,,13,12,
397,SadPython #397,512,116.80567162795774,,2,5,35,9,22,,33,8,
1693,SadPython #1693,513,116.7463176132411,28,2,5,12,13,25,,14,14,
11,SadPython #11,514,116.73470556544378,30,2,5,20,13,22,,13,7,
1906,SadPython #1906,515,116.66931086325305,29,2,4,21,8,21,,19,7,
937,SadPython #937,516,116.44333941122133,25,2,5,14,11,33,,12,11,
1823,SadPython #1823,517,116.29496827543686,21,2,5,23,11,,,17,7,27
1372,SadPython #1372,518,116.04775079121056,46,2,4,21,16,,,12,11,
1605,SadPython #1605,519,115.72526861868751,,2,4,32,9,39,,15,11,
1428,SadPython #1428,520,115.50537706980639,44,2,4,25,16,,,13,8,
2441,SadPython #2441,521,115.48032812617515,25,2,5,20,9,22,,19,10,
1574,SadPython #1574,522,115.41434654283499,,2,4,21,9,51,,16,8,
2350,SadPython #2350,523,115.40406763908518,28,2,5,25,12,22,,11,7,
200,SadPython #200,524,115.39690320309226,,2,4,27,11,27,,31,10,
2571,SadPython #2571,525,115.38033872789568,,2,5,14,9,54,,21,8,
59,SadPython #59,526,115.21734524294278,21,2,4,12,8,40,,16,8,
399,SadPython #399,527,115.1576299772025,25,2,4,25,9,28,,11,8,
2671,SadPython #2671,528,115.05388073454395,25,2,4,14,16,27,,12,11,
1889,SadPython #1889,529,115.03511807402292,,2,5,54,9,21,,12,8,
699,SadPython #699,530,114.92241157769641,,8,4,65,11,,,14,10,
342,SadPython #342,531,114.76808431629642,54,2,4,12,12,,,17,10,
2003,SadPython #2003,532,114.75236616441596,27,2,4,20,8,22,,15,12,
1400,SadPython #1400,533,114.75172794823959,54,2,4,14,11,,,17,10,
3287,SadPython #3287,534,114.74025467262375,65,2,5,12,9,,,11,8,
2996,SadPython #2996,535,114.73518870684352,49,2,5,27,9,,,11,10,
2403,SadPython #2403,536,114.70199681856123,,2,5,20,9,54,,13,8,
626,SadPython #626,537,114.49206979706382,28,2,5,46,11,,,12,8,
2296,SadPython #2296,538,113.92179586981885,27,2,4,12,9,28,,17,11,
2191,SadPython #2191,539,113.87562851462353,30,2,4,12,11,25,,14,11,
742,SadPython #742,540,113.75126412090158,25,2,4,21,13,21,,15,8,
1941,SadPython #1941,541,113.54648865140798,21,2,5,11,9,22,,31,10,
2112,SadPython #2112,542,113.49640366743425,29,2,4,46,8,,,12,8,
2038,SadPython #2038,543,113.3553192231361,29,2,4,15,9,28,,15,8,
1671,SadPython #1671,544,113.22766872773963,25,2,5,11,12,27,,15,12,
176,SadPython #176,545,113.0968300834069,,2,5,12,11,27,,16,10,27
2391,SadPython #2391,546,112.98181709422535,21,2,5,17,13,30,,13,8,
2785,SadPython #2785,547,112.97808844681165,25,2,4,14,9,31,,16,8,
3043,SadPython #3043,548,112.9621535073132,21,2,4,46,13,,,14,10,
1553,SadPython #1553,549,112.88737237068948,29,2,4,12,11,27,,13,11,
1946,SadPython #1946,550,112.86346186811888,28,2,4,11,11,30,,14,10,
767,SadPython #767,551,112.84613574544048,,2,4,12,9,61,,14,7,
1673,SadPython #1673,552,112.83791280079596,,2,5,12,12,51,,19,8,
3327,SadPython #3327,553,112.68678323313299,27,2,5,15,8,27,,12,14,
1297,SadPython #1297,554,112.67613721116727,40,2,5,23,9,,,19,11,
3223,SadPython #3223,555,112.67469565165842,54,2,4,17,9,,,15,8,
3112,SadPython #3112,556,112.56174974784038,28,2,5,18,11,25,,11,10,
1589,SadPython #1589,557,112.543613652189,21,2,5,20,8,27,,15,12,
2072,SadPython #2072,558,112.49453419426506,46,2,5,25,9,,,15,8,
3032,SadPython #3032,559,112.325897174959,49,2,5,21,12,,,12,8,
604,SadPython #604,560,111.85411604981904,25,2,5,18,11,25,,14,8,
887,SadPython #887,561,111.84926945459362,46,2,4,25,9,,,12,11,
1624,SadPython #1624,562,111.79924870542447,30,2,5,11,11,27,,14,8,
2553,SadPython #2553,563,111.78966739980123,,2,5,15,9,27,,15,10,27
2462,SadPython #2462,564,111.76667893898502,27,2,5,14,11,25,,16,8,
3300,SadPython #3300,565,111.65410310196297,27,2,5,18,9,27,,14,7,
656,SadPython #656,566,111.64493163920834,29,2,5,20,9,,,31,12,
2866,SadPython #2866,567,111.49895690775996,27,2,4,15,8,28,,15,10,
1966,SadPython #1966,568,111.35842431530578,28,2,4,46,9,,,12,7,
2317,SadPython #2317,569,111.34986401999983,,8,5,46,9,,,31,10,
3167,SadPython #3167,570,111.23431218099766,29,2,4,14,13,27,,11,7,
383,SadPython #383,571,111.02679171402292,27,2,5,20,8,22,,14,10,
550,SadPython #550,572,110.99322953857857,28,2,4,20,8,,,33,12,
2133,SadPython #2133,573,110.75164115022643,28,2,5,12,8,30,,15,7,
1846,SadPython #1846,574,110.727927074448,,2,5,17,11,39,,19,14,
3315,SadPython #3315,575,110.69768740696715,49,2,5,15,9,,,19,10,
3040,SadPython #3040,576,110.58611370268137,27,2,5,14,9,28,,14,10,
909,SadPython #909,577,110.10835179523325,39,2,4,27,11,,,17,7,
3184,SadPython #3184,578,109.95553130845728,28,2,5,20,9,,,33,10,
1992,SadPython #1992,579,109.88500329447096,,2,5,12,11,36,,33,7,
2007,SadPython #2007,580,109.48917501194514,,2,4,18,8,33,,33,8,
1120,SadPython #1120,581,109.38641006803012,49,2,4,25,8,,,11,7,
1576,SadPython #1576,582,109.32306932340909,44,2,4,20,9,,,17,10,
112,SadPython #112,583,109.16627541932064,25,2,4,23,8,,,33,10,
1844,SadPython #1844,584,109.12852269634952,29,2,5,15,8,,,12,8,27
91,SadPython #91,585,109.02529863486897,21,2,4,12,9,30,,15,12,
1381,SadPython #1381,586,109.0166091087953,54,2,5,11,12,,,14,8,
1659,SadPython #1659,587,108.91717775830327,28,2,4,12,8,25,,14,12,
3065,SadPython #3065,588,108.90820896652606,28,2,4,18,9,22,,12,11,
734,SadPython #734,589,108.9053702992256,28,2,5,12,11,21,,14,12,
1999,SadPython #1999,590,108.70879760785944,,2,5,12,12,54,,12,8,
3227,SadPython #3227,591,108.64147949177493,46,2,4,20,9,,,13,12,
796,SadPython #796,592,108.61744005499231,54,2,4,18,9,,,11,7,
2659,SadPython #2659,593,108.50542606060257,28,2,4,11,9,27,,16,8,
3267,SadPython #3267,594,108.39468027829524,,2,4,11,8,40,,31,8,
2459,SadPython #2459,595,108.18271047550591,,2,5,27,9,39,,12,12,
801,SadPython #801,596,108.09044887515809,42,2,4,18,19,,,12,7,
3353,SadPython #3353,597,107.95023271397194,,2,5,12,8,39,,31,8,
1917,SadPython #1917,598,107.8101849140387,28,2,5,12,8,30,,11,8,
1261,SadPython #1261,599,107.76431894330256,28,2,5,20,8,21,,11,10,
249,SadPython #249,600,107.750143393273,40,2,5,25,9,,,16,8,
2329,SadPython #2329,601,107.5784597549186,44,2,4,20,9,,,12,12,
2150,SadPython #2150,602,107.55316201652822,29,2,5,35,13,,,13,8,
826,SadPython #826,603,107.41571977113098,28,2,4,12,8,31,,11,8,
620,SadPython #620,604,107.38894589657404,28,2,4,32,8,,,16,14,
2667,SadPython #2667,605,107.1468961178813,42,2,5,15,16,,,16,8,
16,SadPython #16,606,107.1345598720939,,2,4,11,8,54,,13,12,
1850,SadPython #1850,607,107.06972994495688,30,2,5,15,9,21,,12,10,
456,SadPython #456,608,107.00106712465033,21,2,5,18,13,25,,12,7,
642,SadPython #642,609,106.89773394385459,54,2,5,12,9,,,14,8,
1391,SadPython #1391,610,106.76713417557555,21,2,5,12,11,27,,14,12,
992,SadPython #992,611,106.7656416821528,,2,4,46,8,21,,14,8,
1892,SadPython #1892,612,106.73087295472892,28,2,4,14,9,25,,14,8,
120,SadPython #120,613,106.27197635984282,27,2,5,32,16,,,13,8,
907,SadPython #907,614,106.23506871063707,28,2,5,11,8,22,,19,7,
1336,SadPython #1336,615,106.10035053635342,28,2,5,11,9,22,,12,14,
863,SadPython #863,616,106.04427652094527,28,2,5,11,9,22,,14,12,
78,SadPython #78,617,105.90243285100824,44,2,5,20,8,,,14,10,
534,SadPython #534,618,105.86610458155961,,2,5,20,9,40,,15,12,
80,SadPython #80,619,105.57006762256894,40,2,4,23,9,,,12,12,
3222,SadPython #3222,620,105.47695022289939,44,2,4,18,9,,,15,11,
2916,SadPython #2916,621,105.40296730077434,,2,4,20,19,30,,19,7,
1722,SadPython #1722,622,105.28652948646278,,2,4,32,13,25,,16,10,
2332,SadPython #2332,623,105.10459524077949,39,2,4,21,9,,,15,12,
914,SadPython #914,624,105.04685829132968,46,2,5,20,9,,,11,8,
864,SadPython #864,625,105.03097673487487,40,2,5,15,13,,,19,8,
262,SadPython #262,626,104.91635889293306,30,2,4,27,9,,,19,11,
2157,SadPython #2157,627,104.8009462170706,30,2,4,12,11,22,,12,7,
1027,SadPython #1027,628,104.64760498610117,21,2,4,15,8,22,,17,12,
1192,SadPython #1192,629,104.61022558393542,49,2,5,11,11,,,14,10,
1139,SadPython #1139,630,104.5839096815107,25,2,4,23,8,,,31,7,
1374,SadPython #1374,631,104.4905140858756,28,2,4,35,9,,,16,8,
33,SadPython #33,632,104.44427689628348,,2,5,20,12,27,,21,14,
46,SadPython #46,633,104.37701073855827,42,2,5,20,9,,,15,8,
1585,SadPython #1585,634,104.24460476608586,28,2,5,32,9,,,15,11,
2608,SadPython #2608,635,104.20224123405949,21,2,5,11,11,28,,13,11,
1984,SadPython #1984,636,104.17784933634591,42,2,5,17,13,,,14,7,
2992,SadPython #2992,637,104.15369350887038,21,2,5,20,11,22,,12,8,
2683,SadPython #2683,638,104.09345410719814,28,2,5,27,11,,,19,10,
314,SadPython #314,639,104.05710122325807,42,2,4,18,16,,,11,8,
1858,SadPython #1858,640,103.98626550026846,28,2,4,12,13,22,,11,8,
797,SadPython #797,641,103.89955374940645,39,2,4,21,9,,,14,11,
657,SadPython #657,642,103.87574511680671,28,2,4,12,9,22,,16,8,
1426,SadPython #1426,643,103.85309083755295,39,2,4,25,11,,,12,8,
2718,SadPython #2718,644,103.65336350141114,,2,5,32,11,25,,15,10,
897,SadPython #897,645,103.59978785204375,21,2,4,15,12,,,11,8,27
2934,SadPython #2934,646,103.38840079383583,28,2,4,12,8,22,,13,11,
388,SadPython #388,647,103.26026683428843,27,2,4,32,12,,,14,8,
1759,SadPython #1759,648,103.1967093820001,44,2,5,11,9,,,15,14,
1409,SadPython #1409,649,103.0827763857914,21,2,5,11,12,27,,14,8,
3181,SadPython #3181,650,103.07499655014787,,2,4,20,8,22,,31,12,
218,SadPython #218,651,102.95610998927464,27,2,4,11,8,22,,14,11,
2834,SadPython #2834,652,102.84038753584973,,8,5,46,12,,,19,10,
3406,SadPython #3406,653,102.77686567812346,39,2,4,21,11,,,14,8,
2129,SadPython #2129,654,102.7400683593481,,2,5,32,9,28,,15,10,
1904,SadPython #1904,655,102.73813951439664,30,2,4,32,8,,,15,7,
834,SadPython #834,656,102.73787803353991,25,2,4,14,9,22,,11,12,
536,SadPython #536,657,102.71138573544756,40,2,5,23,9,,,13,8,
804,SadPython #804,658,102.57988322046266,49,2,4,15,8,,,12,10,
1198,SadPython #1198,659,102.4975415504085,28,2,5,11,11,22,,13,8,
1125,SadPython #1125,660,102.43994552900257,,2,4,27,19,27,,13,7,
334,SadPython #334,661,102.3677535944502,42,2,5,17,9,,,14,10,
500,SadPython #500,662,102.02796946488647,28,2,4,35,8,,,14,8,
1177,SadPython #1177,663,101.9786174906954,,8,5,51,13,,,15,7,
417,SadPython #417,664,101.95486101635048,,2,5,25,9,30,,21,7,
2413,SadPython #2413,665,101.7717673496343,28,2,5,15,9,21,,11,8,
3241,SadPython #3241,666,101.72114898324534,25,2,4,11,8,22,,17,8,
2869,SadPython #2869,667,101.70781450340323,,2,5,15,8,40,,15,14,
567,SadPython #567,668,101.63461646863253,40,2,5,21,8,,,14,8,
460,SadPython #460,669,101.50448376033631,,2,4,18,8,40,,14,12,
741,SadPython #741,670,101.3914365742075,30,2,5,21,9,,,17,14,
2154,SadPython #2154,671,101.35445030870905,40,2,5,20,9,,,14,8,
880,SadPython #880,672,100.93666573821153,25,2,5,14,8,21,,15,7,
2106,SadPython #2106,673,100.8883000069191,,2,5,20,11,39,,11,10,
2852,SadPython #2852,674,100.87030653329028,,2,5,20,9,39,,12,11,
163,SadPython #163,675,100.85029971309515,,2,5,18,11,,,13,12,37
1696,SadPython #1696,676,100.84935329270776,,2,4,20,9,36,,12,14,
672,SadPython #672,677,100.57090304719678,,2,4,14,9,49,,12,8,
812,SadPython #812,678,100.52067171183644,,2,4,20,9,36,,13,12,
121,SadPython #121,679,100.1900330072142,,2,4,11,9,22,,11,11,27
486,SadPython #486,680,99.90046119250769,28,2,5,11,12,,,31,8,
759,SadPython #759,681,99.88569622540837,,2,5,21,9,36,,11,12,
150,SadPython #150,682,99.8700310007643,40,2,5,17,8,,,16,8,
2058,SadPython #2058,683,99.59664970212752,21,2,5,12,9,25,,12,10,
2525,SadPython #2525,684,99.27792549142076,25,2,4,27,11,,,12,14,
2248,SadPython #2248,685,98.87113261020109,21,2,5,20,19,,,16,12,
2009,SadPython #2009,686,98.86129075862438,29,2,5,23,13,,,14,10,
2780,SadPython #2780,687,98.58298154857881,,8,4,54,9,,,11,10,
1047,SadPython #1047,688,98.42681790923324,40,2,5,14,9,,,16,10,
2576,SadPython #2576,689,98.41240619496999,,2,5,17,13,33,,14,11,
2655,SadPython #2655,690,98.39542652253245,49,2,5,11,8,,,13,8,
3000,SadPython #3000,691,98.32704701340161,42,2,5,11,11,,,12,12,
585,SadPython #585,692,98.11486704190732,21,2,5,15,9,21,,14,8,
1636,SadPython #1636,693,97.95668472079623,,2,4,18,9,36,,16,10,
3240,SadPython #3240,694,97.83030803413752,27,2,5,15,13,,,21,12,
1244,SadPython #1244,695,97.74185840379602,,2,4,14,16,28,,21,10,
2600,SadPython #2600,696,97.70741222741002,,2,5,27,11,31,,11,7,
452,SadPython #452,697,97.53630437010304,,2,5,25,8,28,,19,8,
3394,SadPython #3394,698,97.42696252958639,28,2,4,17,19,,,15,10,
2612,SadPython #2612,699,97.37467913420417,,2,4,20,12,27,,21,8,
2402,SadPython #2402,700,97.36520621074779,40,2,5,14,9,,,14,11,
777,SadPython #777,701,97.34389903264305,27,2,5,23,9,,,19,10,
2481,SadPython #2481,702,97.30236062619858,25,2,4,20,19,,,12,11,
2744,SadPython #2744,703,97.24003961406724,,2,5,27,8,28,,11,14,
1358,SadPython #1358,704,97.07393602557114,,8,4,25,16,,,33,8,
1019,SadPython #1019,705,97.07160936193493,40,2,4,17,8,,,14,8,
2618,SadPython #2618,706,96.99260481207251,40,2,5,17,8,,,13,8,
3335,SadPython #3335,707,96.65175160318849,,2,5,32,9,27,,11,8,
2719,SadPython #2719,708,96.61919057778535,,2,5,20,8,31,,13,14,
919,SadPython #919,709,96.53808711996858,,2,5,12,12,,,17,7,37
2672,SadPython #2672,710,96.49286606232816,30,2,4,17,11,,,19,10,
1384,SadPython #1384,711,96.35114344771081,28,2,4,21,9,,,17,12,
3447,SadPython #3447,712,96.14496805003739,,2,5,20,19,27,,12,8,
183,SadPython #183,713,95.96721042602782,39,2,4,12,9,,,16,10,
1431,SadPython #1431,714,95.94796720601255,,2,4,14,16,28,,15,14,
3224,SadPython #3224,715,95.94731987741194,,2,5,12,9,39,,14,12,
1801,SadPython #1801,716,95.89580257778788,,8,4,46,11,,,14,10,
1533,SadPython #1533,717,95.55536495213552,,2,5,12,13,36,,16,8,
1545,SadPython #1545,718,95.51455313979581,28,2,5,21,13,,,14,10,
1578,SadPython #1578,719,95.49147186136493,,2,4,20,9,31,,15,11,
1282,SadPython #1282,720,95.15339497215943,44,2,5,11,8,,,14,8,
685,SadPython #685,721,95.12365886175768,,2,4,20,11,31,,15,8,
606,SadPython #606,722,95.01458422673892,,2,5,12,8,25,,31,8,
3113,SadPython #3113,723,94.931019240962,28,2,4,20,16,,,14,8,
1582,SadPython #1582,724,94.86673455320971,,2,4,23,8,,,14,14,27
2220,SadPython #2220,725,94.79263013637743,,2,4,17,8,39,,14,8,
2298,SadPython #2298,726,94.56902922521829,,2,4,14,9,22,,31,10,
2644,SadPython #2644,727,94.07115666766832,29,2,4,25,9,,,12,10,
2068,SadPython #2068,728,93.62714473613035,40,2,5,12,9,,,12,10,
2235,SadPython #2235,729,93.58566325683033,,2,5,12,8,39,,12,12,
3382,SadPython #3382,730,93.57474206157644,,2,5,17,19,25,,12,10,
2252,SadPython #2252,731,93.45053383423034,,2,4,21,19,22,,14,8,
1949,SadPython #1949,732,93.18421192929904,,2,5,21,12,27,,15,8,
1741,SadPython #1741,733,93.12993127421102,,2,5,12,11,36,,15,10,
483,SadPython #483,734,92.7828155389998,,2,4,17,12,27,,15,12,
3400,SadPython #3400,735,92.74204581404196,,2,5,20,9,22,,21,11,
3124,SadPython #3124,736,92.68802893390442,28,2,4,20,11,,,15,10,
2897,SadPython #2897,737,92.64189453815231,,2,4,17,8,27,,17,14,
2534,SadPython #2534,738,92.5387890486695,21,2,4,18,13,,,21,11,
2811,SadPython #2811,739,92.52416761974881,,2,4,12,9,30,,19,12,
1987,SadPython #1987,740,92.41820066455666,,2,5,14,8,30,,21,10,
1260,SadPython #1260,741,92.31335444805741,29,2,5,14,11,,,16,12,
3188,SadPython #3188,742,92.23525548677642,28,2,5,18,11,,,12,14,
22,SadPython #22,743,91.90562368078973,27,2,5,20,12,,,15,7,
661,SadPython #661,744,91.77016089834005,,2,5,12,8,33,,17,11,
2468,SadPython #2468,745,91.73128194550642,25,2,5,20,11,,,16,10,
655,SadPython #655,746,91.73009971816839,28,2,4,23,9,,,16,8,
3377,SadPython #3377,747,91.66445139097233,29,2,4,18,9,,,13,14,
282,SadPython #282,748,91.6468442724372,28,2,5,23,8,,,12,11,
758,SadPython #758,749,91.55451524921516,30,2,5,18,9,,,15,10,
588,SadPython #588,750,91.38240883455906,,2,5,27,8,22,,17,7,
330,SadPython #330,751,91.31759792095046,39,2,4,12,9,,,14,8,
1269,SadPython #1269,752,91.09102207634243,,2,5,11,11,,,15,7,37
3101,SadPython #3101,753,91.07300027169177,28,2,5,12,19,,,13,10,
1747,SadPython #1747,754,91.00203564759762,27,2,5,21,9,,,13,11,
390,SadPython #390,755,90.92229683082728,,2,5,25,8,22,,16,11,
126,SadPython #126,756,90.59801458091557,40,2,5,11,9,,,13,8,
2393,SadPython #2393,757,90.57275384985978,27,2,5,27,8,,,11,8,
1556,SadPython #1556,758,90.55646894680567,,2,5,20,9,25,,14,12,
3339,SadPython #3339,759,90.5289365783172,,2,4,17,19,22,,15,8,
1642,SadPython #1642,760,90.50278901558445,,2,4,27,9,21,,13,12,
3420,SadPython #3420,761,90.35003077913792,,2,4,17,9,33,,14,8,
2769,SadPython #2769,762,90.3152166134388,30,2,5,20,9,,,14,7,
3059,SadPython #3059,763,90.05977853642953,29,2,5,18,12,,,11,10,
1804,SadPython #1804,764,89.96011027177578,,2,5,14,16,28,,15,8,
2941,SadPython #2941,765,89.95478818818106,28,2,5,20,8,,,16,8,
3271,SadPython #3271,766,89.91704446120256,28,2,5,14,12,,,14,12,
1283,SadPython #1283,767,89.85166330001584,,2,4,15,8,36,,14,8,
1719,SadPython #1719,768,89.84889945632209,25,2,4,25,9,,,12,10,
2979,SadPython #2979,769,89.81871122715351,,2,5,12,9,33,,15,11,
902,SadPython #902,770,89.60009015259793,,2,5,20,8,28,,14,10,
1188,SadPython #1188,771,89.40298361568061,27,2,4,20,9,,,16,8,
1928,SadPython #1928,772,89.21497166658997,,2,4,23,8,27,,15,7,
437,SadPython #437,773,89.15501839582504,,2,5,21,12,22,,14,10,
144,SadPython #144,774,89.08141097402665,,2,5,20,9,27,,16,7,
2708,SadPython #2708,775,89.07756824158382,21,2,5,20,11,,,19,8,
2914,SadPython #2914,776,89.04783934440671,,2,4,18,11,27,,12,12,
1695,SadPython #1695,777,88.99258083262649,28,2,4,20,9,,,13,10,
2454,SadPython #2454,778,88.89575795986327,,2,4,12,11,31,,11,14,
942,SadPython #942,779,88.87151976247546,,2,5,15,8,28,,21,8,
2197,SadPython #2197,780,88.87137261306717,,2,4,14,12,27,,16,11,
89,SadPython #89,781,88.85004211964164,,2,4,23,8,27,,14,7,
2094,SadPython #2094,782,88.78510241964347,28,2,5,20,9,,,15,7,
227,SadPython #227,783,88.73496102777284,28,2,5,21,8,,,12,10,
2306,SadPython #2306,784,88.33420789406216,28,2,4,15,11,,,14,12,
548,SadPython #548,785,88.26830132625587,,2,5,17,9,25,,17,10,
1837,SadPython #1837,786,88.17070829249798,,2,5,18,11,28,,14,8,
331,SadPython #331,787,88.11855009563752,,2,5,18,8,27,,16,10,
137,SadPython #137,788,88.07460110103798,28,2,4,25,8,,,11,8,
2146,SadPython #2146,789,88.00580749775911,28,2,4,20,8,,,15,8,
472,SadPython #472,790,87.89746534237872,,2,5,20,11,28,,12,7,
1318,SadPython #1318,791,87.85824359763556,28,2,5,12,8,,,19,11,
700,SadPython #700,792,87.85134741845324,,2,5,17,9,21,,21,10,
1377,SadPython #1377,793,87.82166269166,,2,5,14,12,30,,14,8,
414,SadPython #414,794,87.65758602103593,,2,5,25,9,22,,12,10,
1496,SadPython #1496,795,87.556012672751,28,2,4,12,11,,,14,14,
350,SadPython #350,796,87.31042756847654,,2,5,20,12,21,,16,7,
173,SadPython #173,797,87.01924566304432,,2,5,21,8,27,,13,8,
72,SadPython #72,798,86.72663401710382,,2,5,15,8,27,,16,12,
737,SadPython #737,799,86.68590528882021,28,2,5,14,11,,,14,11,
2495,SadPython #2495,800,86.67703083141295,29,2,4,17,8,,,15,7,
2560,SadPython #2560,801,86.3073716131935,29,2,5,11,11,,,14,11,
1809,SadPython #1809,802,86.26666562738784,30,2,5,12,12,,,14,7,
3226,SadPython #3226,803,86.11219130048912,,2,4,14,13,22,,14,14,
1319,SadPython #1319,804,86.07818396538138,28,2,5,12,16,,,12,8,
844,SadPython #844,805,86.07730910919253,,2,4,12,11,28,,16,10,
3393,SadPython #3393,806,85.9860621331371,,2,5,11,9,36,,12,8,
272,SadPython #272,807,85.93274309137442,,2,5,11,11,30,,11,12,
1076,SadPython #1076,808,85.8498521626476,,2,4,17,9,,,12,12,27
1166,SadPython #1166,809,85.84517255831442,,2,5,11,9,28,,16,12,
3234,SadPython #3234,810,85.78554476482265,,2,5,20,8,28,,12,7,
2359,SadPython #2359,811,85.77162297680398,21,2,4,21,8,,,14,12,
449,SadPython #449,812,85.71655559644442,,2,5,12,11,31,,14,8,
2200,SadPython #2200,813,85.7119231973739,,2,4,11,12,30,,15,8,
1963,SadPython #1963,814,85.58164226163628,30,2,5,12,9,,,15,10,
381,SadPython #381,815,85.51588289102133,28,2,5,12,13,,,11,12,
842,SadPython #842,816,85.48191338458368,25,2,5,12,11,,,16,11,
3256,SadPython #3256,817,85.47610854882493,,2,4,20,8,22,,12,14,
2048,SadPython #2048,818,85.15892534672079,28,2,5,12,11,,,13,12,
2805,SadPython #2805,819,85.06029320349082,,2,4,20,8,22,,14,11,
2163,SadPython #2163,820,85.00215375453675,27,2,5,15,9,,,14,11,
2675,SadPython #2675,821,84.99723128097911,,2,5,14,11,21,,19,10,
2549,SadPython #2549,822,84.95958163852193,,2,5,21,11,21,,14,7,
2791,SadPython #2791,823,84.66134806781267,,2,5,12,19,22,,14,8,
1631,SadPython #1631,824,84.65876316448534,25,2,4,15,11,,,15,10,
600,SadPython #600,825,84.6122313750255,,2,5,15,13,25,,14,8,
2145,SadPython #2145,826,84.46480507751434,,8,5,17,13,,,31,7,
2398,SadPython #2398,827,84.39152216505207,28,2,5,17,9,,,13,8,
695,SadPython #695,828,84.31209932454735,,2,5,20,9,27,,11,7,
429,SadPython #429,829,84.14126322745021,,2,5,17,9,22,,15,11,
3297,SadPython #3297,830,84.1290883970184,,2,5,11,16,22,,14,11,
505,SadPython #505,831,84.09549165551485,28,2,4,14,13,,,11,10,
2942,SadPython #2942,832,83.64006078912261,28,2,5,12,11,,,15,8,
2707,SadPython #2707,833,83.61374187498589,,2,5,12,11,30,,12,8,
871,SadPython #871,834,83.60885231313706,,2,4,12,12,28,,14,8,
1371,SadPython #1371,835,83.5344772369545,25,2,5,17,8,,,15,8,
3323,SadPython #3323,836,83.50087142015116,28,2,5,12,11,,,13,10,
1421,SadPython #1421,837,83.33385819477151,,8,4,32,11,,,17,8,
1454,SadPython #1454,838,83.28516383518101,25,2,5,14,11,,,14,10,
802,SadPython #802,839,83.20149240538645,21,2,4,20,11,,,14,7,
1806,SadPython #1806,840,83.16899043259102,,2,5,14,9,28,,16,8,
1800,SadPython #1800,841,83.15637719366464,25,2,4,20,8,,,13,7,
1497,SadPython #1497,842,82.96061324678698,28,2,4,11,8,,,19,8,
3288,SadPython #3288,843,82.44093981206045,28,2,5,12,11,,,14,8,
1449,SadPython #1449,844,82.43578343083522,,8,5,35,9,,,16,8,
1555,SadPython #1555,845,82.40145124491748,29,2,4,11,9,,,12,12,
348,SadPython #348,846,82.32787924110423,,8,5,27,19,,,14,7,
1628,SadPython #1628,847,81.88775532928186,29,2,5,12,8,,,14,8,
2440,SadPython #2440,848,81.82430611305341,,2,5,15,9,27,,14,8,
3452,SadPython #3452,849,81.80940196856814,,2,4,12,8,28,,16,8,
1002,SadPython #1002,850,81.6691955030515,21,2,5,20,11,,,12,8,
3238,SadPython #3238,851,81.66073586761733,28,2,4,12,12,,,13,7,
442,SadPython #442,852,81.52509535950365,,2,5,12,8,31,,12,8,
1505,SadPython #1505,853,81.38336609592291,28,2,4,12,9,,,15,8,
185,SadPython #185,854,81.3687179381114,21,2,5,15,9,,,15,12,
239,SadPython #239,855,81.36038501466976,,2,4,12,11,22,,13,14,
976,SadPython #976,856,81.35844290181905,,2,4,20,8,21,,12,10,
244,SadPython #244,857,81.26139187731012,,2,4,11,9,27,,14,11,
3311,SadPython #3311,858,81.20456892087313,,2,4,17,8,22,,12,12,
41,SadPython #41,859,81.19504573037534,25,2,4,11,11,,,15,10,
2400,SadPython #2400,860,80.9548108940901,29,2,5,12,8,,,14,8,
3391,SadPython #3391,861,80.73021226657858,25,2,4,12,8,,,15,11,
523,SadPython #523,862,80.64109972629777,,2,4,15,8,22,,16,10,
1570,SadPython #1570,863,80.55816946263157,29,2,4,14,9,,,12,8,
1839,SadPython #1839,864,79.72627642547538,,2,5,12,8,27,,15,8,
704,SadPython #704,865,79.68835030377775,,8,4,35,8,,,15,7,
2900,SadPython #2900,866,79.6847300739978,25,2,5,18,8,,,11,7,
2213,SadPython #2213,867,79.3594213384474,,2,4,15,11,22,,12,10,
1924,SadPython #1924,868,79.08564383828168,28,2,5,15,8,,,11,8,
1522,SadPython #1522,869,79.02757249860306,28,2,4,14,8,,,12,8,
659,SadPython #659,870,79.0252791219905,,2,4,11,13,22,,16,8,
2399,SadPython #2399,871,78.99025769437303,,2,4,20,8,22,,11,8,
729,SadPython #729,872,78.86427043053376,,8,4,14,9,,,33,8,
3453,SadPython #3453,873,78.7359439613574,,2,4,11,9,28,,15,7,
1629,SadPython #1629,874,78.65035530750137,,8,5,21,19,,,16,7,
2626,SadPython #2626,875,78.5908535740219,,2,5,12,9,22,,16,10,
408,SadPython #408,876,78.28691035349486,21,2,4,17,8,,,14,8,
1758,SadPython #1758,877,78.03115868088955,,2,5,12,9,27,,12,8,
3079,SadPython #3079,878,78.01620207746544,,2,5,12,9,25,,14,8,
2530,SadPython #2530,879,77.63355633142413,,8,5,17,12,,,21,12,
29,SadPython #29,880,77.58437342273581,,8,5,12,9,,,33,8,
1263,SadPython #1263,881,77.32816552816553,,8,5,25,9,,,14,14,
3024,SadPython #3024,882,77.04752019310843,,8,5,23,19,,,12,8,
17,SadPython #17,883,77.04525965479138,21,2,5,11,8,,,19,8,
3260,SadPython #3260,884,76.99627136864605,,2,5,11,8,28,,12,8,
2991,SadPython #2991,885,76.6741224945761,,8,5,14,9,,,31,8,
2343,SadPython #2343,886,76.6624028456394,,8,4,23,13,,,14,12,
2888,SadPython #2888,887,76.40994092572268,,8,5,12,8,,,33,7,
247,SadPython #247,888,76.2166818552791,,8,5,23,16,,,14,8,
1861,SadPython #1861,889,75.7219190272432,,2,4,14,9,21,,12,11,
2407,SadPython #2407,890,75.65533990963188,21,2,4,14,8,,,14,10,
2428,SadPython #2428,891,74.5644997492761,,8,5,20,9,,,19,11,
514,SadPython #514,892,74.34599080278211,21,2,4,12,9,,,14,10,
1737,SadPython #1737,893,74.32440317523228,,8,4,12,19,,,16,12,
3070,SadPython #3070,894,74.29650857493256,,8,4,23,13,,,16,8,
83,SadPython #83,895,73.72000129730024,,2,5,11,8,22,,12,11,
304,SadPython #304,896,73.51890028913058,,2,4,12,8,22,,14,8,
3313,SadPython #3313,897,72.38539943148662,,8,4,25,9,,,15,10,
2336,SadPython #2336,898,72.35099507172052,,8,5,20,11,,,16,10,
2294,SadPython #2294,899,72.35017879424375,,8,5,23,9,,,16,10,
2040,SadPython #2040,900,72.06513919864325,,8,5,27,8,,,14,8,
3321,SadPython #3321,901,71.75348195779402,,8,5,18,16,,,15,8,
838,SadPython #838,902,71.5668140782593,,8,5,23,12,,,13,8,
1230,SadPython #1230,903,71.56010366351258,,8,4,21,9,,,16,11,
1682,SadPython #1682,904,71.02821522384933,,8,5,20,8,,,15,12,
2161,SadPython #2161,905,70.7117882064685,,8,5,17,13,,,17,8,
3231,SadPython #3231,906,70.63655485753335,,8,5,20,11,,,16,8,
3255,SadPython #3255,907,70.58240150376115,,8,4,23,12,,,13,7,
1401,SadPython #1401,908,70.35587352612612,,8,4,20,13,,,15,7,
2352,SadPython #2352,909,70.28273627776345,,8,5,11,16,,,14,14,
1304,SadPython #1304,910,69.5161534790742,,8,5,20,9,,,15,10,
382,SadPython #382,911,69.13812840246663,,8,5,12,19,,,13,10,
1001,SadPython #1001,912,68.7444523520422,,8,5,20,9,,,15,10,
469,SadPython #469,913,68.395726109299,,8,5,20,12,,,12,8,
1681,SadPython #1681,914,68.13886704202169,,8,5,20,11,,,14,7,
2447,SadPython #2447,915,68.10844419293943,,8,4,12,16,,,17,7,
545,SadPython #545,916,68.04777273254611,,8,4,18,13,,,15,8,
1617,SadPython #1617,917,67.77330885252455,,8,5,12,9,,,19,12,
1103,SadPython #1103,918,67.65753731405526,,8,4,20,9,,,16,8,
2586,SadPython #2586,919,67.60029880664963,,8,5,20,9,,,16,8,
2475,SadPython #2475,920,67.47626990040803,,8,4,20,8,,,12,12,
3019,SadPython #3019,921,67.40297291916144,,8,5,12,16,,,14,10,
601,SadPython #601,922,67.20681401162379,,8,5,11,11,,,16,14,
3147,SadPython #3147,923,67.10137457931576,,8,4,12,9,,,17,14,
1907,SadPython #1907,924,67.06870024969434,,8,5,21,9,,,12,10,
1764,SadPython #1764,925,67.05663018155666,,8,4,12,11,,,19,10,
3141,SadPython #3141,926,66.9321875708647,,8,4,23,9,,,12,8,
780,SadPython #780,927,66.8930080952284,,8,4,11,13,,,16,12,
2276,SadPython #2276,928,66.84013240545748,,8,5,12,19,,,12,8,
2348,SadPython #2348,929,66.60587881187291,,8,5,12,12,,,17,10,
2164,SadPython #2164,930,66.38177231588183,,8,5,12,8,,,19,12,
617,SadPython #617,931,66.20203901571615,,8,4,15,11,,,17,8,
265,SadPython #265,932,66.13709650616146,,8,5,15,11,,,16,10,
546,SadPython #546,933,65.79351304442636,,8,5,12,11,,,19,8,
206,SadPython #206,934,65.71155644760199,,8,4,17,9,,,12,12,
2727,SadPython #2727,935,65.3678060449956,,8,5,20,8,,,12,10,
1437,SadPython #1437,936,65.35769176072361,,8,5,17,13,,,12,7,
2304,SadPython #2304,937,65.2943036072355,,8,4,12,9,,,19,10,
2753,SadPython #2753,938,65.29281922732747,,8,4,17,9,,,13,11,
2226,SadPython #2226,939,65.28030888030888,,8,4,14,9,,,14,14,
722,SadPython #722,940,65.25689655735495,,8,5,12,9,,,19,10,
2885,SadPython #2885,941,65.01718599332968,,8,4,15,11,,,16,8,
3114,SadPython #3114,942,64.65817210229984,,8,5,17,12,,,12,7,
2300,SadPython #2300,943,64.36479029525248,,8,4,17,11,,,12,10,
3026,SadPython #3026,944,64.24969683991081,,8,4,20,9,,,12,8,
1954,SadPython #1954,945,64.13252600183806,,8,4,15,8,,,19,8,
2238,SadPython #2238,946,64.12162393780041,,8,4,17,12,,,12,8,
2322,SadPython #2322,947,64.06162226780434,,8,5,18,8,,,15,8,
2646,SadPython #2646,948,63.94158137619674,,8,5,11,11,,,19,8,
1160,SadPython #1160,949,63.924775718606305,,8,5,14,13,,,12,10,
2278,SadPython #2278,950,63.749455970963325,,8,4,17,9,,,15,8,
2749,SadPython #2749,951,63.72978445566429,,8,4,11,13,,,16,10,
274,SadPython #274,952,63.549131512336515,,8,4,14,9,,,14,12,
2679,SadPython #2679,953,63.25959030373868,,8,5,12,13,,,15,8,
692,SadPython #692,954,63.09640714758429,,8,4,20,8,,,12,8,
2627,SadPython #2627,955,62.81574401506832,,8,4,11,9,,,16,12,
556,SadPython #556,956,62.7115786129798,,8,5,12,12,,,15,8,
1359,SadPython #1359,957,62.59777180296703,,8,5,15,8,,,15,10,
3428,SadPython #3428,958,62.08568297066583,,8,4,11,16,,,12,8,
1790,SadPython #1790,959,62.04100667741771,,8,5,14,8,,,11,14,
2427,SadPython #2427,960,61.70757194526223,,8,4,14,9,,,15,10,
2312,SadPython #2312,961,61.3723031723449,,8,5,14,9,,,12,12,
2630,SadPython #2630,962,61.08584100202757,,8,5,14,11,,,14,7,
197,SadPython #197,963,60.99396221308996,,8,5,15,11,,,13,7,
2745,SadPython #2745,964,60.94998279492832,,8,4,12,12,,,11,11,
3448,SadPython #3448,965,60.8795013152775,,8,5,12,11,,,15,8,
2182,SadPython #2182,966,60.15219985912563,,8,5,15,9,,,14,8,
2047,SadPython #2047,967,59.936584706200065,,8,5,11,11,,,15,8,
860,SadPython #860,968,59.51300544071442,,8,4,15,8,,,14,8,
3303,SadPython #3303,969,59.51065251736274,,8,4,11,9,,,14,11,
1013,SadPython #1013,970,59.012837439656195,,8,5,11,9,,,16,8,
2833,SadPython #2833,971,58.67170925270335,,8,5,12,9,,,13,10,
3191,SadPython #3191,972,58.427752790408874,,8,4,11,9,,,14,10,
2287,SadPython #2287,973,57.955899375027116,,8,5,12,11,,,12,7,
2006,SadPython #2006,974,57.720415825611056,,8,5,12,8,,,12,10,
3405,SadPython #3405,975,57.539943785142285,,8,5,12,8,,,14,8,
1865,SadPython #1865,976,57.50180353032971,,8,4,15,9,,,11,8,
524,SadPython #524,977,56.54809597662215,,8,5,11,9,,,13,8,
3095,SadPython #3095,978,56.53676393947791,,8,4,12,9,,,12,8,
1245,SadPython #1245,979,56.30917239030485,,8,4,11,9,,,14,8,
2886,SadPython #2886,980,55.78208618614427,,8,5,11,9,,,12,8,
561,SadPython #561,981,55.69176517174628,,8,4,12,8,,,13,8,
2388,SadPython #2388,982,55.302844033494196,,8,4,12,8,,,12,8,
3138,SadPython #3138,983,53.142826283396886,,8,4,12,8,,,11,7,
