ID,Name,Rank,Rarity_Score,Attributes-Scores,color-Scores,rarity-Scores
1,Absolute Zero,1,1743.8125,1,1690,52
25,Amazon,1,1743.8125,1,1690,52
77,Awesome,1,1743.8125,1,1690,52
79,Azure,1,1743.8125,1,1690,52
108,Beer,1,1743.8125,1,1690,52
344,Coffee,1,1743.8125,1,1690,52
345,Cola,1,1743.8125,1,1690,52
378,Crystal,1,1743.8125,1,1690,52
504,Denim,1,1743.8125,1,1690,52
509,Diamond,1,1743.8125,1,1690,52
578,Ferrari red,1,1743.8125,1,1690,52
641,Gold,1,1743.8125,1,1690,52
680,Green slime,1,1743.8125,1,1690,52
691,Gunmetal,1,1743.8125,1,1690,52
696,Halloween orange,1,1743.8125,1,1690,52
747,Iris,1,1743.8125,1,1690,52
774,Jelly bean,1,1743.8125,1,1690,52
914,Marigold,1,1743.8125,1,1690,52
1093,Outer space,1,1743.8125,1,1690,52
1095,Outrageous Orange,1,1743.8125,1,1690,52
1211,Platinum,1,1743.8125,1,1690,52
1280,Red cola,1,1743.8125,1,1690,52
1299,Rhythm,1,1743.8125,1,1690,52
1315,Root beer,1,1743.8125,1,1690,52
1342,Ruby,1,1743.8125,1,1690,52
1434,Snow,1,1743.8125,1,1690,52
1551,Twitter blue,1,1743.8125,1,1690,52
1573,Vampire black,1,1743.8125,1,1690,52
1632,Water,1,1743.8125,1,1690,52
1651,Wild Strawberry,1,1743.8125,1,1690,52
1685,Youtube red,1,1743.8125,1,1690,52
1689,Zomp,1,1743.8125,1,1690,52
4,Aero,33,1704.203125,1,1690,13
8,Air Force blue (USAF),33,1704.203125,1,1690,13
15,Almond,33,1704.203125,1,1690,13
26,Amber,33,1704.203125,1,1690,13
29,American blue,33,1704.203125,1,1690,13
51,Apple,33,1704.203125,1,1690,13
60,Artichoke,33,1704.203125,1,1690,13
73,Auburn,33,1704.203125,1,1690,13
74,Aureolin,33,1704.203125,1,1690,13
76,Avocado,33,1704.203125,1,1690,13
83,Baby blue,33,1704.203125,1,1690,13
93,Barbie Pink,33,1704.203125,1,1690,13
105,Bazaar,33,1704.203125,1,1690,13
121,Bittersweet,33,1704.203125,1,1690,13
123,Black,33,1704.203125,1,1690,13
128,Black coffee,33,1704.203125,1,1690,13
136,Bleu de France,33,1704.203125,1,1690,13
137,Blizzard blue,33,1704.203125,1,1690,13
139,Blood,33,1704.203125,1,1690,13
156,Blue jeans,33,1704.203125,1,1690,13
176,Bone,33,1704.203125,1,1690,13
202,Bronze,33,1704.203125,1,1690,13
211,Brown sugar,33,1704.203125,1,1690,13
217,Bubbles,33,1704.203125,1,1690,13
228,Byzantine,33,1704.203125,1,1690,13
246,Camel,33,1704.203125,1,1690,13
251,Candy apple red,33,1704.203125,1,1690,13
255,Caput mortuum,33,1704.203125,1,1690,13
257,Cardinal,33,1704.203125,1,1690,13
267,Carrot orange,33,1704.203125,1,1690,13
272,Cedar Chest,33,1704.203125,1,1690,13
281,Cerise,33,1704.203125,1,1690,13
291,Charcoal,33,1704.203125,1,1690,13
330,Cinnamon,33,1704.203125,1,1690,13
331,Cinnamon Satin,33,1704.203125,1,1690,13
341,Coconut,33,1704.203125,1,1690,13
409,Dark coral,33,1704.203125,1,1690,13
463,Dartmouth green,33,1704.203125,1,1690,13
464,Davy's grey,33,1704.203125,1,1690,13
502,Deer,33,1704.203125,1,1690,13
507,Desert sand,33,1704.203125,1,1690,13
515,Disappearing purple (Metsushi),33,1704.203125,1,1690,13
519,Dollar bill,33,1704.203125,1,1690,13
530,Dust storm,33,1704.203125,1,1690,13
537,Eerie black,33,1704.203125,1,1690,13
557,Emerald,33,1704.203125,1,1690,13
566,Facebook Blue,33,1704.203125,1,1690,13
571,Fandango,33,1704.203125,1,1690,13
582,Fire engine red,33,1704.203125,1,1690,13
585,Flame,33,1704.203125,1,1690,13
592,Flirt,33,1704.203125,1,1690,13
616,French wine,33,1704.203125,1,1690,13
617,Fresh Air,33,1704.203125,1,1690,13
619,Frostbite,33,1704.203125,1,1690,13
626,Gainsboro,33,1704.203125,1,1690,13
630,Gargoyle Gas,33,1704.203125,1,1690,13
633,Ghost white,33,1704.203125,1,1690,13
634,Giant's Club,33,1704.203125,1,1690,13
636,Gin,33,1704.203125,1,1690,13
640,GO green,33,1704.203125,1,1690,13
663,Granny Smith apple,33,1704.203125,1,1690,13
664,Grape,33,1704.203125,1,1690,13
678,Green Lizard,33,1704.203125,1,1690,13
704,Hawaii blue,33,1704.203125,1,1690,13
707,Heliotrope,33,1704.203125,1,1690,13
711,Honolulu blue,33,1704.203125,1,1690,13
719,Iceberg,33,1704.203125,1,1690,13
720,Iced tea,33,1704.203125,1,1690,13
739,Infra red,33,1704.203125,1,1690,13
743,Interdimensional blue,33,1704.203125,1,1690,13
749,Iron,33,1704.203125,1,1690,13
763,Jade,33,1704.203125,1,1690,13
776,Jet,33,1704.203125,1,1690,13
785,Key lime,33,1704.203125,1,1690,13
787,Kiwi,33,1704.203125,1,1690,13
788,Kobe,33,1704.203125,1,1690,13
796,Lapis lazuli,33,1704.203125,1,1690,13
798,Laser lemon,33,1704.203125,1,1690,13
800,Lava,33,1704.203125,1,1690,13
811,Lawn green,33,1704.203125,1,1690,13
813,Lemon,33,1704.203125,1,1690,13
824,Liberty,33,1704.203125,1,1690,13
867,Lilac Luster,33,1704.203125,1,1690,13
870,Limerick,33,1704.203125,1,1690,13
882,Lotion,33,1704.203125,1,1690,13
886,Lust,33,1704.203125,1,1690,13
889,Macaroni and Cheese,33,1704.203125,1,1690,13
890,Madder Lake,33,1704.203125,1,1690,13
898,Magnolia,33,1704.203125,1,1690,13
905,Mango,33,1704.203125,1,1690,13
907,Mango Tango,33,1704.203125,1,1690,13
911,Mardi Gras,33,1704.203125,1,1690,13
920,Maximum blue,33,1704.203125,1,1690,13
934,Meat-color (Shishi-iro),33,1704.203125,1,1690,13
960,Menthol,33,1704.203125,1,1690,13
989,Midnight,33,1704.203125,1,1690,13
994,Milk,33,1704.203125,1,1690,13
996,Mimi pink,33,1704.203125,1,1690,13
1006,Moonstone,33,1704.203125,1,1690,13
1024,Mustard,33,1704.203125,1,1690,13
1043,New York pink,33,1704.203125,1,1690,13
1046,Nintendo red,33,1704.203125,1,1690,13
1056,Ogre Odor,33,1704.203125,1,1690,13
1071,Onyx,33,1704.203125,1,1690,13
1100,Painite,33,1704.203125,1,1690,13
1134,Papaya whip,33,1704.203125,1,1690,13
1209,Pixie Powder,33,1704.203125,1,1690,13
1224,Poppy Petal,33,1704.203125,1,1690,13
1237,Pumpkin,33,1704.203125,1,1690,13
1243,Purple Heart,33,1704.203125,1,1690,13
1254,Quick Silver,33,1704.203125,1,1690,13
1265,Raspberry,33,1704.203125,1,1690,13
1298,Resolution blue,33,1704.203125,1,1690,13
1364,Saffron,33,1704.203125,1,1690,13
1365,Sage,33,1704.203125,1,1690,13
1370,Sandstorm,33,1704.203125,1,1690,13
1383,School bus yellow,33,1704.203125,1,1690,13
1397,Shadow,33,1704.203125,1,1690,13
1408,Silver (Metallic),33,1704.203125,1,1690,13
1428,Smashed Pumpkin,33,1704.203125,1,1690,13
1459,Sponge,33,1704.203125,1,1690,13
1476,Strawberry,33,1704.203125,1,1690,13
1528,Tomato sauce,33,1704.203125,1,1690,13
1531,Tractor red,33,1704.203125,1,1690,13
1576,Vegas gold,33,1704.203125,1,1690,13
1578,Venetian red,33,1704.203125,1,1690,13
1599,Violets Are Blue,33,1704.203125,1,1690,13
1642,White,33,1704.203125,1,1690,13
0,New Bridge color (Shinbashi-iro),161,1692.1045751633987,1,1690,1
2,Acajou,161,1692.1045751633987,1,1690,1
3,Acid green,161,1692.1045751633987,1,1690,1
5,Aero blue,161,1692.1045751633987,1,1690,1
6,African violet,161,1692.1045751633987,1,1690,1
7,Air Force blue (RAF),161,1692.1045751633987,1,1690,1
9,Air superiority blue,161,1692.1045751633987,1,1690,1
10,Alabama crimson,161,1692.1045751633987,1,1690,1
11,Alabaster,161,1692.1045751633987,1,1690,1
12,Alice blue,161,1692.1045751633987,1,1690,1
13,Alizarin crimson,161,1692.1045751633987,1,1690,1
14,Alloy orange,161,1692.1045751633987,1,1690,1
16,Aloeswood brown (Tonocha),161,1692.1045751633987,1,1690,1
17,Aloewood-color (Kyara-iro),161,1692.1045751633987,1,1690,1
18,Aluminum,161,1692.1045751633987,1,1690,1
19,Aluminum foil,161,1692.1045751633987,1,1690,1
20,Amaranth,161,1692.1045751633987,1,1690,1
21,Amaranth deep purple,161,1692.1045751633987,1,1690,1
22,Amaranth pink,161,1692.1045751633987,1,1690,1
23,Amaranth purple,161,1692.1045751633987,1,1690,1
24,Amaranth red,161,1692.1045751633987,1,1690,1
27,Amber (Kohaku-iro),161,1692.1045751633987,1,1690,1
28,Amber (SAE/ECE),161,1692.1045751633987,1,1690,1
30,American bronze,161,1692.1045751633987,1,1690,1
31,American brown,161,1692.1045751633987,1,1690,1
32,American gold,161,1692.1045751633987,1,1690,1
33,American green,161,1692.1045751633987,1,1690,1
34,American orange,161,1692.1045751633987,1,1690,1
35,American pink,161,1692.1045751633987,1,1690,1
36,American purple,161,1692.1045751633987,1,1690,1
37,American red,161,1692.1045751633987,1,1690,1
38,American rose,161,1692.1045751633987,1,1690,1
39,American silver,161,1692.1045751633987,1,1690,1
40,American violet,161,1692.1045751633987,1,1690,1
41,American yellow,161,1692.1045751633987,1,1690,1
42,Amethyst,161,1692.1045751633987,1,1690,1
43,Amur cork tree (Phellodendron amurense) (Kihada),161,1692.1045751633987,1,1690,1
44,Anti-flash white,161,1692.1045751633987,1,1690,1
45,Antique brass,161,1692.1045751633987,1,1690,1
46,Antique bronze,161,1692.1045751633987,1,1690,1
47,Antique fuchsia,161,1692.1045751633987,1,1690,1
48,Antique ruby,161,1692.1045751633987,1,1690,1
49,Antique white,161,1692.1045751633987,1,1690,1
50,Ao (English),161,1692.1045751633987,1,1690,1
52,Apple green,161,1692.1045751633987,1,1690,1
53,Apricot,161,1692.1045751633987,1,1690,1
54,Aqua,161,1692.1045751633987,1,1690,1
55,Aqua Blue color (Mizu-iro),161,1692.1045751633987,1,1690,1
56,Aquamarine,161,1692.1045751633987,1,1690,1
57,Arctic lime,161,1692.1045751633987,1,1690,1
58,Argent,161,1692.1045751633987,1,1690,1
59,Army green,161,1692.1045751633987,1,1690,1
61,Arylide yellow,161,1692.1045751633987,1,1690,1
62,Asda Green,161,1692.1045751633987,1,1690,1
63,Asda Green (1985),161,1692.1045751633987,1,1690,1
64,Asda Green (1994),161,1692.1045751633987,1,1690,1
65,Asda Green (1999),161,1692.1045751633987,1,1690,1
66,Asda Green (2002),161,1692.1045751633987,1,1690,1
67,Asda Orange,161,1692.1045751633987,1,1690,1
68,Asda Orange (1968),161,1692.1045751633987,1,1690,1
69,Ash gray,161,1692.1045751633987,1,1690,1
70,Asparagus,161,1692.1045751633987,1,1690,1
71,Ateneo blue,161,1692.1045751633987,1,1690,1
72,Atomic tangerine,161,1692.1045751633987,1,1690,1
75,AuroMetalSaurus,161,1692.1045751633987,1,1690,1
78,Axolotl,161,1692.1045751633987,1,1690,1
80,Azure mist,161,1692.1045751633987,1,1690,1
81,Azureish white,161,1692.1045751633987,1,1690,1
82,B'dazzled blue,161,1692.1045751633987,1,1690,1
84,Baby blue eyes,161,1692.1045751633987,1,1690,1
85,Baby pink,161,1692.1045751633987,1,1690,1
86,Baby powder,161,1692.1045751633987,1,1690,1
87,Baiko brown (Baikōcha),161,1692.1045751633987,1,1690,1
88,Baker-Miller pink,161,1692.1045751633987,1,1690,1
89,Ball blue,161,1692.1045751633987,1,1690,1
90,Banana Mania,161,1692.1045751633987,1,1690,1
91,Banana yellow,161,1692.1045751633987,1,1690,1
92,Bangladesh green,161,1692.1045751633987,1,1690,1
94,Barbie Pink (1959-1975),161,1692.1045751633987,1,1690,1
95,Barbie Pink (1975-1990),161,1692.1045751633987,1,1690,1
96,Barbie Pink (1990-1999),161,1692.1045751633987,1,1690,1
97,Barbie Pink (1999-2004),161,1692.1045751633987,1,1690,1
98,Barbie Pink (2004-2005),161,1692.1045751633987,1,1690,1
99,Barbie Pink (2005-2009),161,1692.1045751633987,1,1690,1
100,Barbie Pink (Pantone),161,1692.1045751633987,1,1690,1
101,Barn red,161,1692.1045751633987,1,1690,1
102,Battery charged blue,161,1692.1045751633987,1,1690,1
103,Battleship grey,161,1692.1045751633987,1,1690,1
104,Bayside,161,1692.1045751633987,1,1690,1
106,Beau blue,161,1692.1045751633987,1,1690,1
107,Beaver,161,1692.1045751633987,1,1690,1
109,Begonia,161,1692.1045751633987,1,1690,1
110,Beige,161,1692.1045751633987,1,1690,1
111,Bellflower color (Kikyō-iro),161,1692.1045751633987,1,1690,1
112,Betel nut dye (Binrōjizome),161,1692.1045751633987,1,1690,1
113,Big dip o’ruby,161,1692.1045751633987,1,1690,1
114,Big Foot Feet,161,1692.1045751633987,1,1690,1
115,Birch brown (Kabacha),161,1692.1045751633987,1,1690,1
116,Bisque,161,1692.1045751633987,1,1690,1
117,Bistre,161,1692.1045751633987,1,1690,1
118,Bistre brown,161,1692.1045751633987,1,1690,1
119,Bitter lemon,161,1692.1045751633987,1,1690,1
120,Bitter lime,161,1692.1045751633987,1,1690,1
122,Bittersweet shimmer,161,1692.1045751633987,1,1690,1
124,Black (Kokushoku),161,1692.1045751633987,1,1690,1
125,Black bean,161,1692.1045751633987,1,1690,1
126,Black chestnut oak (Kurotsurubami),161,1692.1045751633987,1,1690,1
127,Black chocolate,161,1692.1045751633987,1,1690,1
129,Black coral,161,1692.1045751633987,1,1690,1
130,Black kite (bird species) (Kurotobi),161,1692.1045751633987,1,1690,1
131,Black leather jacket,161,1692.1045751633987,1,1690,1
132,Black olive,161,1692.1045751633987,1,1690,1
133,Black Shadows,161,1692.1045751633987,1,1690,1
134,Blanched almond,161,1692.1045751633987,1,1690,1
135,Blast-off bronze,161,1692.1045751633987,1,1690,1
138,Blond,161,1692.1045751633987,1,1690,1
140,Blood (Animal),161,1692.1045751633987,1,1690,1
141,Blood (organ),161,1692.1045751633987,1,1690,1
142,Blood orange,161,1692.1045751633987,1,1690,1
143,Blood red,161,1692.1045751633987,1,1690,1
144,Blood red (Benihi),161,1692.1045751633987,1,1690,1
145,Blue,161,1692.1045751633987,1,1690,1
146,Blue (Crayola),161,1692.1045751633987,1,1690,1
147,Blue (Munsell),161,1692.1045751633987,1,1690,1
148,Blue (NCS),161,1692.1045751633987,1,1690,1
149,Blue (Pantone),161,1692.1045751633987,1,1690,1
150,Blue (pigment),161,1692.1045751633987,1,1690,1
151,Blue (RYB),161,1692.1045751633987,1,1690,1
152,Blue bell,161,1692.1045751633987,1,1690,1
153,Blue Black Crayfish (Aoni),161,1692.1045751633987,1,1690,1
154,Blue bolt,161,1692.1045751633987,1,1690,1
155,Blue cola,161,1692.1045751633987,1,1690,1
157,Blue lagoon,161,1692.1045751633987,1,1690,1
158,Blue raspberry,161,1692.1045751633987,1,1690,1
159,Blue sapphire,161,1692.1045751633987,1,1690,1
160,Blue violet (Shikon),161,1692.1045751633987,1,1690,1
161,Blue yonder,161,1692.1045751633987,1,1690,1
162,Blue-gray,161,1692.1045751633987,1,1690,1
163,Blue-green,161,1692.1045751633987,1,1690,1
164,Blue-green (color wheel),161,1692.1045751633987,1,1690,1
165,Blue-green (Seiheki),161,1692.1045751633987,1,1690,1
166,Blue-magenta violet,161,1692.1045751633987,1,1690,1
167,Blue-violet,161,1692.1045751633987,1,1690,1
168,Blue-violet (color wheel),161,1692.1045751633987,1,1690,1
169,Blue-violet (Crayola),161,1692.1045751633987,1,1690,1
170,Blueberry,161,1692.1045751633987,1,1690,1
171,Bluebonnet,161,1692.1045751633987,1,1690,1
172,Blush,161,1692.1045751633987,1,1690,1
173,Boiled red bean brown (Momoshiocha),161,1692.1045751633987,1,1690,1
174,Bole,161,1692.1045751633987,1,1690,1
175,Bondi blue,161,1692.1045751633987,1,1690,1
177,Bored accent green,161,1692.1045751633987,1,1690,1
178,Boy red,161,1692.1045751633987,1,1690,1
179,Boysenberry,161,1692.1045751633987,1,1690,1
180,Brandeis blue,161,1692.1045751633987,1,1690,1
181,Brandy,161,1692.1045751633987,1,1690,1
182,Brass,161,1692.1045751633987,1,1690,1
183,Brave orange,161,1692.1045751633987,1,1690,1
184,Brewed mustard-brown (Tokigaracha),161,1692.1045751633987,1,1690,1
185,Brick red,161,1692.1045751633987,1,1690,1
186,Bright gray,161,1692.1045751633987,1,1690,1
187,Bright green,161,1692.1045751633987,1,1690,1
188,Bright lavender,161,1692.1045751633987,1,1690,1
189,Bright lilac,161,1692.1045751633987,1,1690,1
190,Bright maroon,161,1692.1045751633987,1,1690,1
191,Bright navy blue,161,1692.1045751633987,1,1690,1
192,Bright pink,161,1692.1045751633987,1,1690,1
193,Bright turquoise,161,1692.1045751633987,1,1690,1
194,Bright ube,161,1692.1045751633987,1,1690,1
195,Bright yellow (Crayola),161,1692.1045751633987,1,1690,1
196,Brilliant azure,161,1692.1045751633987,1,1690,1
197,Brilliant lavender,161,1692.1045751633987,1,1690,1
198,Brilliant rose,161,1692.1045751633987,1,1690,1
199,Brink pink,161,1692.1045751633987,1,1690,1
200,British racing green,161,1692.1045751633987,1,1690,1
201,Bronze,161,1692.1045751633987,1,1690,1
203,Bronze (metallic),161,1692.1045751633987,1,1690,1
204,Bronze yellow,161,1692.1045751633987,1,1690,1
205,Brown,161,1692.1045751633987,1,1690,1
206,Brown (Crayola),161,1692.1045751633987,1,1690,1
207,Brown (traditional),161,1692.1045751633987,1,1690,1
208,Brown Chocolate,161,1692.1045751633987,1,1690,1
209,Brown Coffee,161,1692.1045751633987,1,1690,1
210,Brown rat grey (Dobunezumi),161,1692.1045751633987,1,1690,1
212,Brown Yellow,161,1692.1045751633987,1,1690,1
213,Brown-nose,161,1692.1045751633987,1,1690,1
214,Brunswick green,161,1692.1045751633987,1,1690,1
215,Brushwood-dyed (Fushizome),161,1692.1045751633987,1,1690,1
216,Bubble gum,161,1692.1045751633987,1,1690,1
218,Bud green,161,1692.1045751633987,1,1690,1
219,Buff,161,1692.1045751633987,1,1690,1
220,Bulgarian rose,161,1692.1045751633987,1,1690,1
221,Burgundy,161,1692.1045751633987,1,1690,1
222,Burlywood,161,1692.1045751633987,1,1690,1
223,Burnished brown,161,1692.1045751633987,1,1690,1
224,Burnt orange,161,1692.1045751633987,1,1690,1
225,Burnt sienna,161,1692.1045751633987,1,1690,1
226,Burnt umber,161,1692.1045751633987,1,1690,1
227,Button blue,161,1692.1045751633987,1,1690,1
229,Byzantium,161,1692.1045751633987,1,1690,1
230,Cadet,161,1692.1045751633987,1,1690,1
231,Cadet blue,161,1692.1045751633987,1,1690,1
232,Cadet blue (Crayola),161,1692.1045751633987,1,1690,1
233,Cadet grey,161,1692.1045751633987,1,1690,1
234,Cadmium blue,161,1692.1045751633987,1,1690,1
235,Cadmium green,161,1692.1045751633987,1,1690,1
236,Cadmium orange,161,1692.1045751633987,1,1690,1
237,Cadmium purple,161,1692.1045751633987,1,1690,1
238,Cadmium red,161,1692.1045751633987,1,1690,1
239,Cadmium violet,161,1692.1045751633987,1,1690,1
240,Cadmium yellow,161,1692.1045751633987,1,1690,1
241,Café au lait,161,1692.1045751633987,1,1690,1
242,Café noir,161,1692.1045751633987,1,1690,1
243,Cal Poly Pomona green,161,1692.1045751633987,1,1690,1
244,Calamansi,161,1692.1045751633987,1,1690,1
245,Cambridge blue,161,1692.1045751633987,1,1690,1
247,Cameo pink,161,1692.1045751633987,1,1690,1
248,Camouflage green,161,1692.1045751633987,1,1690,1
249,Canary,161,1692.1045751633987,1,1690,1
250,Canary yellow,161,1692.1045751633987,1,1690,1
252,Candy pink,161,1692.1045751633987,1,1690,1
253,Cape jasmine or gardenia (Kuchinashi),161,1692.1045751633987,1,1690,1
254,Capri,161,1692.1045751633987,1,1690,1
256,Caramel,161,1692.1045751633987,1,1690,1
258,Caribbean blue,161,1692.1045751633987,1,1690,1
259,Caribbean green,161,1692.1045751633987,1,1690,1
260,Carmine,161,1692.1045751633987,1,1690,1
261,Carmine (M&amp;P),161,1692.1045751633987,1,1690,1
262,Carmine pink,161,1692.1045751633987,1,1690,1
263,Carmine red,161,1692.1045751633987,1,1690,1
264,Carnation pink,161,1692.1045751633987,1,1690,1
265,Carnelian,161,1692.1045751633987,1,1690,1
266,Carolina blue,161,1692.1045751633987,1,1690,1
268,Castleton green,161,1692.1045751633987,1,1690,1
269,Catalina blue,161,1692.1045751633987,1,1690,1
270,Catawba,161,1692.1045751633987,1,1690,1
271,Cattail color (the plant) (Kaba-iro),161,1692.1045751633987,1,1690,1
273,Ceil,161,1692.1045751633987,1,1690,1
274,Celadon,161,1692.1045751633987,1,1690,1
275,Celadon blue,161,1692.1045751633987,1,1690,1
276,Celadon color (Seiji-iro),161,1692.1045751633987,1,1690,1
277,Celadon green,161,1692.1045751633987,1,1690,1
278,Celeste,161,1692.1045751633987,1,1690,1
279,Celestial blue,161,1692.1045751633987,1,1690,1
280,Celtic blue,161,1692.1045751633987,1,1690,1
282,Cerise pink,161,1692.1045751633987,1,1690,1
283,Cerulean blue,161,1692.1045751633987,1,1690,1
284,Cerulean frost,161,1692.1045751633987,1,1690,1
285,Cetacean blue,161,1692.1045751633987,1,1690,1
286,CG blue,161,1692.1045751633987,1,1690,1
287,CG red,161,1692.1045751633987,1,1690,1
288,Chamoisee,161,1692.1045751633987,1,1690,1
289,Champagne,161,1692.1045751633987,1,1690,1
290,Champagne pink,161,1692.1045751633987,1,1690,1
292,Charleston green,161,1692.1045751633987,1,1690,1
293,Charm,161,1692.1045751633987,1,1690,1
294,Charm pink,161,1692.1045751633987,1,1690,1
295,Chartreuse (traditional),161,1692.1045751633987,1,1690,1
296,Cheese,161,1692.1045751633987,1,1690,1
297,Cherry blossom color (Sakura-iro),161,1692.1045751633987,1,1690,1
298,Cherry blossom mouse (Sakuranezumi),161,1692.1045751633987,1,1690,1
299,Cherry blossom pink,161,1692.1045751633987,1,1690,1
300,Chestnut,161,1692.1045751633987,1,1690,1
301,Chestnut-leather brown (Kurikawacha),161,1692.1045751633987,1,1690,1
302,Chickadee,161,1692.1045751633987,1,1690,1
303,China pink,161,1692.1045751633987,1,1690,1
304,China rose,161,1692.1045751633987,1,1690,1
305,Chinese black,161,1692.1045751633987,1,1690,1
306,Chinese blue,161,1692.1045751633987,1,1690,1
307,Chinese bronze,161,1692.1045751633987,1,1690,1
308,Chinese brown,161,1692.1045751633987,1,1690,1
309,Chinese gold,161,1692.1045751633987,1,1690,1
310,Chinese green,161,1692.1045751633987,1,1690,1
311,Chinese orange,161,1692.1045751633987,1,1690,1
312,Chinese pink,161,1692.1045751633987,1,1690,1
313,Chinese purple,161,1692.1045751633987,1,1690,1
314,Chinese red,161,1692.1045751633987,1,1690,1
315,Chinese red,161,1692.1045751633987,1,1690,1
316,Chinese silver,161,1692.1045751633987,1,1690,1
317,Chinese violet,161,1692.1045751633987,1,1690,1
318,Chinese white,161,1692.1045751633987,1,1690,1
319,Chinese yellow,161,1692.1045751633987,1,1690,1
320,Chinese yellow tea-colored (Kigaracha),161,1692.1045751633987,1,1690,1
321,Chlorophyll green,161,1692.1045751633987,1,1690,1
322,Chocolate (traditional),161,1692.1045751633987,1,1690,1
323,Chocolate brown,161,1692.1045751633987,1,1690,1
324,Chocolate cosmos,161,1692.1045751633987,1,1690,1
325,Chocolate Kisses,161,1692.1045751633987,1,1690,1
326,Chrome aluminum,161,1692.1045751633987,1,1690,1
327,Chrome yellow,161,1692.1045751633987,1,1690,1
328,Cinereous,161,1692.1045751633987,1,1690,1
329,Cinnabar,161,1692.1045751633987,1,1690,1
332,Citrine,161,1692.1045751633987,1,1690,1
333,Citrine Brown,161,1692.1045751633987,1,1690,1
334,Citron,161,1692.1045751633987,1,1690,1
335,Claret,161,1692.1045751633987,1,1690,1
336,Classic rose,161,1692.1045751633987,1,1690,1
337,Clove-brown (Chōjicha),161,1692.1045751633987,1,1690,1
338,Clove-dyed (Chōjizome),161,1692.1045751633987,1,1690,1
339,Coarse wool color (Kachi-iro),161,1692.1045751633987,1,1690,1
340,Cobalt blue,161,1692.1045751633987,1,1690,1
342,Coconut White,161,1692.1045751633987,1,1690,1
343,Codium fragile seaweed color (Miru-iro),161,1692.1045751633987,1,1690,1
346,Columbia Blue,161,1692.1045751633987,1,1690,1
347,Conditioner,161,1692.1045751633987,1,1690,1
348,Congo pink,161,1692.1045751633987,1,1690,1
349,Contemplation in a tea garden (Rokōcha),161,1692.1045751633987,1,1690,1
350,Cookies and cream,161,1692.1045751633987,1,1690,1
351,Cool black,161,1692.1045751633987,1,1690,1
352,Cool grey,161,1692.1045751633987,1,1690,1
353,Copper,161,1692.1045751633987,1,1690,1
354,Copper (Crayola),161,1692.1045751633987,1,1690,1
355,Copper penny,161,1692.1045751633987,1,1690,1
356,Copper red,161,1692.1045751633987,1,1690,1
357,Copper rose,161,1692.1045751633987,1,1690,1
358,Coquelicot,161,1692.1045751633987,1,1690,1
359,Coral,161,1692.1045751633987,1,1690,1
360,Coral color (Sango-iro),161,1692.1045751633987,1,1690,1
361,Coral red,161,1692.1045751633987,1,1690,1
362,Coral reef,161,1692.1045751633987,1,1690,1
363,Coral Reef (Valspar Paint Color),161,1692.1045751633987,1,1690,1
364,Cordovan,161,1692.1045751633987,1,1690,1
365,Corn,161,1692.1045751633987,1,1690,1
366,Corn-colored (Tōmorokoshi-iro),161,1692.1045751633987,1,1690,1
367,Cornflower,161,1692.1045751633987,1,1690,1
368,Cornflower blue,161,1692.1045751633987,1,1690,1
369,Cornsilk,161,1692.1045751633987,1,1690,1
370,Cosmic cobalt,161,1692.1045751633987,1,1690,1
371,Cosmic latte,161,1692.1045751633987,1,1690,1
372,Cotton candy,161,1692.1045751633987,1,1690,1
373,Coyote brown,161,1692.1045751633987,1,1690,1
374,Cream,161,1692.1045751633987,1,1690,1
375,Crimson,161,1692.1045751633987,1,1690,1
376,Crimson glory,161,1692.1045751633987,1,1690,1
377,Crimson red,161,1692.1045751633987,1,1690,1
379,Crystal blue,161,1692.1045751633987,1,1690,1
380,Cultured,161,1692.1045751633987,1,1690,1
381,Cyan (process),161,1692.1045751633987,1,1690,1
382,Cyan azure,161,1692.1045751633987,1,1690,1
383,Cyan cobalt blue,161,1692.1045751633987,1,1690,1
384,Cyan cornflower blue,161,1692.1045751633987,1,1690,1
385,Cyan-blue azure,161,1692.1045751633987,1,1690,1
386,Cyber grape,161,1692.1045751633987,1,1690,1
387,Cyber yellow,161,1692.1045751633987,1,1690,1
388,Cyclamen,161,1692.1045751633987,1,1690,1
389,Cypress bark color (Hihada-iro),161,1692.1045751633987,1,1690,1
390,Cypress bark red (Benihibata),161,1692.1045751633987,1,1690,1
391,Daffodil,161,1692.1045751633987,1,1690,1
392,Dandelion,161,1692.1045751633987,1,1690,1
393,Dandelion (Crayola),161,1692.1045751633987,1,1690,1
394,Dark blue,161,1692.1045751633987,1,1690,1
395,Dark blue (Kon),161,1692.1045751633987,1,1690,1
396,Dark blue lapis lazuli (Rurikon),161,1692.1045751633987,1,1690,1
397,Dark blue-gray,161,1692.1045751633987,1,1690,1
398,Dark bronze,161,1692.1045751633987,1,1690,1
399,Dark bronze (Coin),161,1692.1045751633987,1,1690,1
400,Dark brown,161,1692.1045751633987,1,1690,1
401,Dark brown-tangelo,161,1692.1045751633987,1,1690,1
402,Dark byzantium,161,1692.1045751633987,1,1690,1
403,Dark candy apple red,161,1692.1045751633987,1,1690,1
404,Dark cerulean,161,1692.1045751633987,1,1690,1
405,Dark charcoal,161,1692.1045751633987,1,1690,1
406,Dark chestnut,161,1692.1045751633987,1,1690,1
407,Dark chocolate,161,1692.1045751633987,1,1690,1
408,Dark chocolate (Hershey's),161,1692.1045751633987,1,1690,1
410,Dark cornflower blue,161,1692.1045751633987,1,1690,1
411,Dark cyan,161,1692.1045751633987,1,1690,1
412,Dark electric blue,161,1692.1045751633987,1,1690,1
413,Dark gold,161,1692.1045751633987,1,1690,1
414,Dark goldenrod,161,1692.1045751633987,1,1690,1
415,Dark gray (X11),161,1692.1045751633987,1,1690,1
416,Dark green,161,1692.1045751633987,1,1690,1
417,Dark green (X11),161,1692.1045751633987,1,1690,1
418,Dark gunmetal,161,1692.1045751633987,1,1690,1
419,Dark imperial blue,161,1692.1045751633987,1,1690,1
420,Dark imperial blue,161,1692.1045751633987,1,1690,1
421,Dark indigo (Futaai),161,1692.1045751633987,1,1690,1
422,Dark jungle green,161,1692.1045751633987,1,1690,1
423,Dark khaki,161,1692.1045751633987,1,1690,1
424,Dark lava,161,1692.1045751633987,1,1690,1
425,Dark lavender,161,1692.1045751633987,1,1690,1
426,Dark lemon lime,161,1692.1045751633987,1,1690,1
427,Dark liver,161,1692.1045751633987,1,1690,1
428,Dark liver (horses),161,1692.1045751633987,1,1690,1
429,Dark magenta,161,1692.1045751633987,1,1690,1
430,Dark midnight blue,161,1692.1045751633987,1,1690,1
431,Dark moss green,161,1692.1045751633987,1,1690,1
432,Dark Navy,161,1692.1045751633987,1,1690,1
433,Dark olive green,161,1692.1045751633987,1,1690,1
434,Dark orange,161,1692.1045751633987,1,1690,1
435,Dark orchid,161,1692.1045751633987,1,1690,1
436,Dark pastel blue,161,1692.1045751633987,1,1690,1
437,Dark pastel green,161,1692.1045751633987,1,1690,1
438,Dark pastel purple,161,1692.1045751633987,1,1690,1
439,Dark pastel red,161,1692.1045751633987,1,1690,1
440,Dark pink,161,1692.1045751633987,1,1690,1
441,Dark powder blue,161,1692.1045751633987,1,1690,1
442,Dark puce,161,1692.1045751633987,1,1690,1
443,Dark purple,161,1692.1045751633987,1,1690,1
444,Dark raspberry,161,1692.1045751633987,1,1690,1
445,Dark red,161,1692.1045751633987,1,1690,1
446,Dark red (Kurobeni),161,1692.1045751633987,1,1690,1
447,Dark salmon,161,1692.1045751633987,1,1690,1
448,Dark scarlet,161,1692.1045751633987,1,1690,1
449,Dark sea green,161,1692.1045751633987,1,1690,1
450,Dark sienna,161,1692.1045751633987,1,1690,1
451,Dark silver,161,1692.1045751633987,1,1690,1
452,Dark sky blue,161,1692.1045751633987,1,1690,1
453,Dark slate blue,161,1692.1045751633987,1,1690,1
454,Dark slate gray,161,1692.1045751633987,1,1690,1
455,Dark spring green,161,1692.1045751633987,1,1690,1
456,Dark tan,161,1692.1045751633987,1,1690,1
457,Dark tangerine,161,1692.1045751633987,1,1690,1
458,Dark terra cotta,161,1692.1045751633987,1,1690,1
459,Dark turquoise,161,1692.1045751633987,1,1690,1
460,Dark vanilla,161,1692.1045751633987,1,1690,1
461,Dark violet,161,1692.1045751633987,1,1690,1
462,Dark yellow,161,1692.1045751633987,1,1690,1
465,Dawn-color (Akebono-iro),161,1692.1045751633987,1,1690,1
466,Daylily-colored (Kanzō-iro),161,1692.1045751633987,1,1690,1
467,Debian red,161,1692.1045751633987,1,1690,1
468,Decaying leaves color (Kuchiba-iro),161,1692.1045751633987,1,1690,1
469,Deep amethyst,161,1692.1045751633987,1,1690,1
470,Deep aquamarine,161,1692.1045751633987,1,1690,1
471,Deep carmine,161,1692.1045751633987,1,1690,1
472,Deep carmine pink,161,1692.1045751633987,1,1690,1
473,Deep carrot orange,161,1692.1045751633987,1,1690,1
474,Deep cerise,161,1692.1045751633987,1,1690,1
475,Deep champagne,161,1692.1045751633987,1,1690,1
476,Deep chestnut,161,1692.1045751633987,1,1690,1
477,Deep coffee,161,1692.1045751633987,1,1690,1
478,Deep dumpling,161,1692.1045751633987,1,1690,1
479,Deep fuchsia,161,1692.1045751633987,1,1690,1
480,Deep green,161,1692.1045751633987,1,1690,1
481,Deep green-cyan turquoise,161,1692.1045751633987,1,1690,1
482,Deep jungle green,161,1692.1045751633987,1,1690,1
483,Deep koamaru,161,1692.1045751633987,1,1690,1
484,Deep lemon,161,1692.1045751633987,1,1690,1
485,Deep lilac,161,1692.1045751633987,1,1690,1
486,Deep magenta,161,1692.1045751633987,1,1690,1
487,Deep maroon,161,1692.1045751633987,1,1690,1
488,Deep mauve,161,1692.1045751633987,1,1690,1
489,Deep moss green,161,1692.1045751633987,1,1690,1
490,Deep peach,161,1692.1045751633987,1,1690,1
491,Deep pink,161,1692.1045751633987,1,1690,1
492,Deep puce,161,1692.1045751633987,1,1690,1
493,Deep purple (Kokimurasaki),161,1692.1045751633987,1,1690,1
494,Deep red,161,1692.1045751633987,1,1690,1
495,Deep ruby,161,1692.1045751633987,1,1690,1
496,Deep saffron,161,1692.1045751633987,1,1690,1
497,Deep scarlet (Kokiake),161,1692.1045751633987,1,1690,1
498,Deep Space Sparkle,161,1692.1045751633987,1,1690,1
499,Deep taupe,161,1692.1045751633987,1,1690,1
500,Deep Tuscan red,161,1692.1045751633987,1,1690,1
501,Deep violet,161,1692.1045751633987,1,1690,1
503,Delicate girl blue,161,1692.1045751633987,1,1690,1
505,Denim blue,161,1692.1045751633987,1,1690,1
506,Desaturated cyan,161,1692.1045751633987,1,1690,1
508,Desire,161,1692.1045751633987,1,1690,1
510,Dim gray,161,1692.1045751633987,1,1690,1
511,Dingy Dungeon,161,1692.1045751633987,1,1690,1
512,Dirt,161,1692.1045751633987,1,1690,1
513,Dirty brown,161,1692.1045751633987,1,1690,1
514,Dirty white,161,1692.1045751633987,1,1690,1
516,Dodger blue,161,1692.1045751633987,1,1690,1
517,Dodie yellow,161,1692.1045751633987,1,1690,1
518,Dogwood rose,161,1692.1045751633987,1,1690,1
520,Dolphin gray,161,1692.1045751633987,1,1690,1
521,Douban Blue,161,1692.1045751633987,1,1690,1
522,Douban Green,161,1692.1045751633987,1,1690,1
523,Douban Light Yellow,161,1692.1045751633987,1,1690,1
524,Dove feather grey (Hatobanezumi),161,1692.1045751633987,1,1690,1
525,Duke blue,161,1692.1045751633987,1,1690,1
526,Dull blue (Aonibi),161,1692.1045751633987,1,1690,1
527,Durian,161,1692.1045751633987,1,1690,1
528,Durian White,161,1692.1045751633987,1,1690,1
529,Durian Yellow,161,1692.1045751633987,1,1690,1
531,Dutch white,161,1692.1045751633987,1,1690,1
532,Dyestalk red (lit. the color from dying with the stalk of the beni plant) (Bengara-iro),161,1692.1045751633987,1,1690,1
533,Earth yellow,161,1692.1045751633987,1,1690,1
534,Earthtone,161,1692.1045751633987,1,1690,1
535,Ebony,161,1692.1045751633987,1,1690,1
536,Ecru,161,1692.1045751633987,1,1690,1
538,Egg-colored (Tamago-iro),161,1692.1045751633987,1,1690,1
539,Eggplant,161,1692.1045751633987,1,1690,1
540,Eggshell,161,1692.1045751633987,1,1690,1
541,Eggshell paper-colored (Torinoko-iro),161,1692.1045751633987,1,1690,1
542,Egyptian blue,161,1692.1045751633987,1,1690,1
543,Elderberry,161,1692.1045751633987,1,1690,1
544,Electric blue,161,1692.1045751633987,1,1690,1
545,Electric brown,161,1692.1045751633987,1,1690,1
546,Electric crimson,161,1692.1045751633987,1,1690,1
547,Electric green,161,1692.1045751633987,1,1690,1
548,Electric indigo,161,1692.1045751633987,1,1690,1
549,Electric lime,161,1692.1045751633987,1,1690,1
550,Electric orange,161,1692.1045751633987,1,1690,1
551,Electric pink,161,1692.1045751633987,1,1690,1
552,Electric purple,161,1692.1045751633987,1,1690,1
553,Electric red,161,1692.1045751633987,1,1690,1
554,Electric ultramarine,161,1692.1045751633987,1,1690,1
555,Electric violet,161,1692.1045751633987,1,1690,1
556,Electric yellow,161,1692.1045751633987,1,1690,1
558,Emerald green,161,1692.1045751633987,1,1690,1
559,Eminence,161,1692.1045751633987,1,1690,1
560,English lavender,161,1692.1045751633987,1,1690,1
561,English red,161,1692.1045751633987,1,1690,1
562,English vermillion,161,1692.1045751633987,1,1690,1
563,English violet,161,1692.1045751633987,1,1690,1
564,Eton blue,161,1692.1045751633987,1,1690,1
565,Eucalyptus,161,1692.1045751633987,1,1690,1
567,Faded Sen no Rikyu's tea (Rikyūshiracha),161,1692.1045751633987,1,1690,1
568,Faded spicy red-brown (Sōdenkaracha),161,1692.1045751633987,1,1690,1
569,Fake purple (Nisemurasaki),161,1692.1045751633987,1,1690,1
570,Falu red,161,1692.1045751633987,1,1690,1
572,Fandango pink,161,1692.1045751633987,1,1690,1
573,Fashion fuchsia,161,1692.1045751633987,1,1690,1
574,Fawn,161,1692.1045751633987,1,1690,1
575,Feldgrau,161,1692.1045751633987,1,1690,1
576,Feldspar,161,1692.1045751633987,1,1690,1
577,Fern green,161,1692.1045751633987,1,1690,1
579,Field drab,161,1692.1045751633987,1,1690,1
580,Fiery rose,161,1692.1045751633987,1,1690,1
581,Finch-brown (Cardueline finch) (Hiwacha),161,1692.1045751633987,1,1690,1
583,Fire opal,161,1692.1045751633987,1,1690,1
584,Firebrick,161,1692.1045751633987,1,1690,1
586,Flamingo pink,161,1692.1045751633987,1,1690,1
587,Flavescent,161,1692.1045751633987,1,1690,1
588,Flax,161,1692.1045751633987,1,1690,1
589,Flesh,161,1692.1045751633987,1,1690,1
590,Flickr Blue,161,1692.1045751633987,1,1690,1
591,Flickr Pink,161,1692.1045751633987,1,1690,1
593,Flirtatious indigo tea (Aikobicha),161,1692.1045751633987,1,1690,1
594,Floral leaf-colored (Hanaba-iro or kayou-iro),161,1692.1045751633987,1,1690,1
595,Floral white,161,1692.1045751633987,1,1690,1
596,Flower girl,161,1692.1045751633987,1,1690,1
597,Fluorescent blue,161,1692.1045751633987,1,1690,1
598,Folly,161,1692.1045751633987,1,1690,1
599,Foreign crimson (Karakurenai),161,1692.1045751633987,1,1690,1
600,Forest Green,161,1692.1045751633987,1,1690,1
601,Forest green (Crayola),161,1692.1045751633987,1,1690,1
602,Forest green (traditional),161,1692.1045751633987,1,1690,1
603,Fox-color (Kitsune-iro),161,1692.1045751633987,1,1690,1
604,French bistre,161,1692.1045751633987,1,1690,1
605,French blue,161,1692.1045751633987,1,1690,1
606,French fuchsia,161,1692.1045751633987,1,1690,1
607,French lilac,161,1692.1045751633987,1,1690,1
608,French lime,161,1692.1045751633987,1,1690,1
609,French pink,161,1692.1045751633987,1,1690,1
610,French plum,161,1692.1045751633987,1,1690,1
611,French puce,161,1692.1045751633987,1,1690,1
612,French raspberry,161,1692.1045751633987,1,1690,1
613,French rose,161,1692.1045751633987,1,1690,1
614,French sky blue,161,1692.1045751633987,1,1690,1
615,French violet,161,1692.1045751633987,1,1690,1
618,Fresh onion (Moegi),161,1692.1045751633987,1,1690,1
620,Fuchsia,161,1692.1045751633987,1,1690,1
621,Fuchsia pink,161,1692.1045751633987,1,1690,1
622,Fuchsia purple,161,1692.1045751633987,1,1690,1
623,Fuchsia rose,161,1692.1045751633987,1,1690,1
624,Fulvous,161,1692.1045751633987,1,1690,1
625,Fuzzy Wuzzy,161,1692.1045751633987,1,1690,1
627,Gamboge,161,1692.1045751633987,1,1690,1
628,Gamboge (Tōō),161,1692.1045751633987,1,1690,1
629,Gamboge orange (brown),161,1692.1045751633987,1,1690,1
631,Garnet,161,1692.1045751633987,1,1690,1
632,Generic viridian,161,1692.1045751633987,1,1690,1
635,Giants orange,161,1692.1045751633987,1,1690,1
637,Glaucous,161,1692.1045751633987,1,1690,1
638,Glazed persimmon (Terigaki),161,1692.1045751633987,1,1690,1
639,Glossy grape,161,1692.1045751633987,1,1690,1
642,Gold (Crayola),161,1692.1045751633987,1,1690,1
643,Gold (metallic),161,1692.1045751633987,1,1690,1
644,Gold foil,161,1692.1045751633987,1,1690,1
645,Gold Fusion,161,1692.1045751633987,1,1690,1
646,Gold-brown (Yamabukicha),161,1692.1045751633987,1,1690,1
647,Golden,161,1692.1045751633987,1,1690,1
648,Golden brown,161,1692.1045751633987,1,1690,1
649,Golden brown (Kincha),161,1692.1045751633987,1,1690,1
650,Golden fallen leaves (Kikuchiba),161,1692.1045751633987,1,1690,1
651,Golden oak (Kitsurubami),161,1692.1045751633987,1,1690,1
652,Golden poppy,161,1692.1045751633987,1,1690,1
653,Golden yellow,161,1692.1045751633987,1,1690,1
654,Golden yellow (and a particular rose varietal) (Yamabuki-iro),161,1692.1045751633987,1,1690,1
655,Golden-grey bamboo (dried and weathered) (Kinsusutake),161,1692.1045751633987,1,1690,1
656,Goldenrod,161,1692.1045751633987,1,1690,1
657,Google Chrome blue,161,1692.1045751633987,1,1690,1
658,Google Chrome green,161,1692.1045751633987,1,1690,1
659,Google Chrome red,161,1692.1045751633987,1,1690,1
660,Google Chrome yellow,161,1692.1045751633987,1,1690,1
661,Goryeo storeroom (Kōrainando),161,1692.1045751633987,1,1690,1
662,Granite gray,161,1692.1045751633987,1,1690,1
665,Grape mouse (Budōnezumi),161,1692.1045751633987,1,1690,1
666,Gray (X11 gray),161,1692.1045751633987,1,1690,1
667,Gray-asparagus,161,1692.1045751633987,1,1690,1
668,Green,161,1692.1045751633987,1,1690,1
669,Green (Crayola),161,1692.1045751633987,1,1690,1
670,Green (Midori),161,1692.1045751633987,1,1690,1
671,Green (Munsell),161,1692.1045751633987,1,1690,1
672,Green (NCS),161,1692.1045751633987,1,1690,1
673,Green (Pantone),161,1692.1045751633987,1,1690,1
674,Green (pigment),161,1692.1045751633987,1,1690,1
675,Green (RYB),161,1692.1045751633987,1,1690,1
676,Green bamboo color (Aotake-iro),161,1692.1045751633987,1,1690,1
677,Green Cola,161,1692.1045751633987,1,1690,1
679,Green Sheen,161,1692.1045751633987,1,1690,1
681,Green tea-colored (Sencha-iro),161,1692.1045751633987,1,1690,1
682,Green-blue,161,1692.1045751633987,1,1690,1
683,Green-blue (Crayola),161,1692.1045751633987,1,1690,1
684,Green-cyan,161,1692.1045751633987,1,1690,1
685,Green-yellow,161,1692.1045751633987,1,1690,1
686,Green-yellow (Crayola),161,1692.1045751633987,1,1690,1
687,Greenfinch color (Hiwa-iro),161,1692.1045751633987,1,1690,1
688,Greyed red (lit. silvered red) (Ginshu),161,1692.1045751633987,1,1690,1
689,Greyish dark green (Rikyūnezumi),161,1692.1045751633987,1,1690,1
690,Grullo,161,1692.1045751633987,1,1690,1
692,Guppie green,161,1692.1045751633987,1,1690,1
693,Guyabano,161,1692.1045751633987,1,1690,1
694,Halayà úbe,161,1692.1045751633987,1,1690,1
695,Half color (Hashita-iro),161,1692.1045751633987,1,1690,1
697,Han blue,161,1692.1045751633987,1,1690,1
698,Han purple,161,1692.1045751633987,1,1690,1
699,Harbor rat (Minatonezumi),161,1692.1045751633987,1,1690,1
700,Harlequin,161,1692.1045751633987,1,1690,1
701,Harlequin green,161,1692.1045751633987,1,1690,1
702,Harmonious rose,161,1692.1045751633987,1,1690,1
703,Harvest gold,161,1692.1045751633987,1,1690,1
705,Heart gold,161,1692.1045751633987,1,1690,1
706,Heat Wave,161,1692.1045751633987,1,1690,1
708,Heliotrope gray,161,1692.1045751633987,1,1690,1
709,Heliotrope magenta,161,1692.1045751633987,1,1690,1
710,Honeydew,161,1692.1045751633987,1,1690,1
712,Hooker's green,161,1692.1045751633987,1,1690,1
713,Horsetail color (Tokusa-iro),161,1692.1045751633987,1,1690,1
714,Hot magenta,161,1692.1045751633987,1,1690,1
715,Hot pink,161,1692.1045751633987,1,1690,1
716,Huawei Red,161,1692.1045751633987,1,1690,1
717,Huawei Red (1987-2018),161,1692.1045751633987,1,1690,1
718,Ibis wing color (Tokiha-iro),161,1692.1045751633987,1,1690,1
721,Icterine,161,1692.1045751633987,1,1690,1
722,Iguana green,161,1692.1045751633987,1,1690,1
723,Illuminating emerald,161,1692.1045751633987,1,1690,1
724,Imperial,161,1692.1045751633987,1,1690,1
725,Imperial blue,161,1692.1045751633987,1,1690,1
726,Imperial purple,161,1692.1045751633987,1,1690,1
727,Imperial red,161,1692.1045751633987,1,1690,1
728,Inchworm,161,1692.1045751633987,1,1690,1
729,Independence,161,1692.1045751633987,1,1690,1
730,India green,161,1692.1045751633987,1,1690,1
731,Indian red,161,1692.1045751633987,1,1690,1
732,Indian yellow,161,1692.1045751633987,1,1690,1
733,Indigo,161,1692.1045751633987,1,1690,1
734,Indigo (rainbow),161,1692.1045751633987,1,1690,1
735,Indigo Codium fragile seaweed brown (Aimirucha),161,1692.1045751633987,1,1690,1
736,Indigo dye,161,1692.1045751633987,1,1690,1
737,Indigo ink brown (Aisumicha),161,1692.1045751633987,1,1690,1
738,Indigo white (Aijiro),161,1692.1045751633987,1,1690,1
740,Ink color (Sumi-iro),161,1692.1045751633987,1,1690,1
741,Insect screen (Mushiao),161,1692.1045751633987,1,1690,1
742,Inside of a bottle (Kamenozoki),161,1692.1045751633987,1,1690,1
744,International orange (aerospace),161,1692.1045751633987,1,1690,1
745,International orange (engineering),161,1692.1045751633987,1,1690,1
746,International orange (Golden Gate Bridge),161,1692.1045751633987,1,1690,1
748,Iris color (Ayame-iro),161,1692.1045751633987,1,1690,1
750,Iron color (Tetsu-iro),161,1692.1045751633987,1,1690,1
751,Iron head flower color (Noshimehana-iro),161,1692.1045751633987,1,1690,1
752,Iron storage (Tetsuonando),161,1692.1045751633987,1,1690,1
753,Irresistible,161,1692.1045751633987,1,1690,1
754,Isabelline,161,1692.1045751633987,1,1690,1
755,Islamic green,161,1692.1045751633987,1,1690,1
756,Italian ice,161,1692.1045751633987,1,1690,1
757,Italian leather,161,1692.1045751633987,1,1690,1
758,Italian roast,161,1692.1045751633987,1,1690,1
759,Ivory,161,1692.1045751633987,1,1690,1
760,Iwai brown (Iwaicha),161,1692.1045751633987,1,1690,1
761,Jacarta,161,1692.1045751633987,1,1690,1
762,Jacko bean,161,1692.1045751633987,1,1690,1
764,Japanese carmine,161,1692.1045751633987,1,1690,1
765,Japanese indigo,161,1692.1045751633987,1,1690,1
766,Japanese iris and sooty bamboo (Higosusutake),161,1692.1045751633987,1,1690,1
767,Japanese laurel,161,1692.1045751633987,1,1690,1
768,Japanese triandra grass (Themeda japonica) (Kariyasu),161,1692.1045751633987,1,1690,1
769,Japanese violet,161,1692.1045751633987,1,1690,1
770,Jasmine,161,1692.1045751633987,1,1690,1
771,Jasper,161,1692.1045751633987,1,1690,1
772,Jasper orange,161,1692.1045751633987,1,1690,1
773,Jazzberry jam,161,1692.1045751633987,1,1690,1
775,Jelly bean blue,161,1692.1045751633987,1,1690,1
777,Jet stream,161,1692.1045751633987,1,1690,1
778,Jonquil,161,1692.1045751633987,1,1690,1
779,Jordy blue,161,1692.1045751633987,1,1690,1
780,June bud,161,1692.1045751633987,1,1690,1
781,Jungle green,161,1692.1045751633987,1,1690,1
782,Kelly green,161,1692.1045751633987,1,1690,1
783,Kenyan copper,161,1692.1045751633987,1,1690,1
784,Keppel,161,1692.1045751633987,1,1690,1
786,Kimono storage (Omeshionando),161,1692.1045751633987,1,1690,1
789,Kobi,161,1692.1045751633987,1,1690,1
790,Kombu green,161,1692.1045751633987,1,1690,1
791,KSU purple,161,1692.1045751633987,1,1690,1
792,KU crimson,161,1692.1045751633987,1,1690,1
793,Kumquat,161,1692.1045751633987,1,1690,1
794,Languid lavender,161,1692.1045751633987,1,1690,1
795,Lanzones,161,1692.1045751633987,1,1690,1
797,Lapis lazuli color (Ruri-iro),161,1692.1045751633987,1,1690,1
799,Laurel green,161,1692.1045751633987,1,1690,1
801,Lavender (floral),161,1692.1045751633987,1,1690,1
802,Lavender blue,161,1692.1045751633987,1,1690,1
803,Lavender blush,161,1692.1045751633987,1,1690,1
804,Lavender gray,161,1692.1045751633987,1,1690,1
805,Lavender indigo,161,1692.1045751633987,1,1690,1
806,Lavender magenta,161,1692.1045751633987,1,1690,1
807,Lavender mist,161,1692.1045751633987,1,1690,1
808,Lavender pink,161,1692.1045751633987,1,1690,1
809,Lavender purple,161,1692.1045751633987,1,1690,1
810,Lavender rose,161,1692.1045751633987,1,1690,1
812,Legal dye (from when color use was regulated by class) (Kenpōzome),161,1692.1045751633987,1,1690,1
814,Lemon chiffon,161,1692.1045751633987,1,1690,1
815,Lemon curry,161,1692.1045751633987,1,1690,1
816,Lemon glacier,161,1692.1045751633987,1,1690,1
817,Lemon iced tea,161,1692.1045751633987,1,1690,1
818,Lemon lime,161,1692.1045751633987,1,1690,1
819,Lemon lime,161,1692.1045751633987,1,1690,1
820,Lemon meringue,161,1692.1045751633987,1,1690,1
821,Lemon yellow,161,1692.1045751633987,1,1690,1
822,Lemon yellow (Crayola),161,1692.1045751633987,1,1690,1
823,Lenurple,161,1692.1045751633987,1,1690,1
825,Licorice,161,1692.1045751633987,1,1690,1
826,Light blue,161,1692.1045751633987,1,1690,1
827,Light blue color (Asagi-iro),161,1692.1045751633987,1,1690,1
828,Light blue flower (Hanaasagi),161,1692.1045751633987,1,1690,1
829,Light blue silk (Hanada),161,1692.1045751633987,1,1690,1
830,Light brown,161,1692.1045751633987,1,1690,1
831,Light carmine pink,161,1692.1045751633987,1,1690,1
832,Light chocolate cosmos,161,1692.1045751633987,1,1690,1
833,Light cobalt blue,161,1692.1045751633987,1,1690,1
834,Light coral,161,1692.1045751633987,1,1690,1
835,Light crimson,161,1692.1045751633987,1,1690,1
836,Light cyan,161,1692.1045751633987,1,1690,1
837,Light deep pink,161,1692.1045751633987,1,1690,1
838,Light French beige,161,1692.1045751633987,1,1690,1
839,Light fuchsia pink,161,1692.1045751633987,1,1690,1
840,Light gold,161,1692.1045751633987,1,1690,1
841,Light goldenrod yellow,161,1692.1045751633987,1,1690,1
842,Light gray,161,1692.1045751633987,1,1690,1
843,Light grayish magenta,161,1692.1045751633987,1,1690,1
844,Light green,161,1692.1045751633987,1,1690,1
845,Light hot pink,161,1692.1045751633987,1,1690,1
846,Light khaki,161,1692.1045751633987,1,1690,1
847,Light magenta,161,1692.1045751633987,1,1690,1
848,Light medium orchid,161,1692.1045751633987,1,1690,1
849,Light moss green,161,1692.1045751633987,1,1690,1
850,Light orange,161,1692.1045751633987,1,1690,1
851,Light orchid,161,1692.1045751633987,1,1690,1
852,Light pastel purple,161,1692.1045751633987,1,1690,1
853,Light periwinkle,161,1692.1045751633987,1,1690,1
854,Light pink,161,1692.1045751633987,1,1690,1
855,Light red,161,1692.1045751633987,1,1690,1
856,Light salmon,161,1692.1045751633987,1,1690,1
857,Light salmon pink,161,1692.1045751633987,1,1690,1
858,Light sea green,161,1692.1045751633987,1,1690,1
859,Light silver,161,1692.1045751633987,1,1690,1
860,Light sky blue,161,1692.1045751633987,1,1690,1
861,Light slate gray,161,1692.1045751633987,1,1690,1
862,Light steel blue,161,1692.1045751633987,1,1690,1
863,Light taupe,161,1692.1045751633987,1,1690,1
864,Light yellow,161,1692.1045751633987,1,1690,1
865,Light yellow (Asagi),161,1692.1045751633987,1,1690,1
866,Lilac,161,1692.1045751633987,1,1690,1
868,Lime green,161,1692.1045751633987,1,1690,1
869,Lime pulp,161,1692.1045751633987,1,1690,1
871,Lincoln green,161,1692.1045751633987,1,1690,1
872,Linen,161,1692.1045751633987,1,1690,1
873,Linkedin Blue,161,1692.1045751633987,1,1690,1
874,Little boy blue,161,1692.1045751633987,1,1690,1
875,Little girl pink,161,1692.1045751633987,1,1690,1
876,Liver,161,1692.1045751633987,1,1690,1
877,Liver (dogs),161,1692.1045751633987,1,1690,1
878,Liver (organ),161,1692.1045751633987,1,1690,1
879,Liver chestnut,161,1692.1045751633987,1,1690,1
880,Long spring (season) color (Chōshun-iro),161,1692.1045751633987,1,1690,1
881,Loquat (tree) brown (Biwacha),161,1692.1045751633987,1,1690,1
883,Lotion blue,161,1692.1045751633987,1,1690,1
884,Lotion pink,161,1692.1045751633987,1,1690,1
885,Lumber,161,1692.1045751633987,1,1690,1
887,Lychee,161,1692.1045751633987,1,1690,1
888,Lye-colored (Aku-iro),161,1692.1045751633987,1,1690,1
891,Magenta (dye),161,1692.1045751633987,1,1690,1
892,Magenta (Pantone),161,1692.1045751633987,1,1690,1
893,Magenta (process),161,1692.1045751633987,1,1690,1
894,Magenta haze,161,1692.1045751633987,1,1690,1
895,Magenta-pink,161,1692.1045751633987,1,1690,1
896,Magic mint,161,1692.1045751633987,1,1690,1
897,Magic Potion,161,1692.1045751633987,1,1690,1
899,Mahogany,161,1692.1045751633987,1,1690,1
900,Maize (Crayola),161,1692.1045751633987,1,1690,1
901,Majorelle blue,161,1692.1045751633987,1,1690,1
902,Malachite,161,1692.1045751633987,1,1690,1
903,Manatee,161,1692.1045751633987,1,1690,1
904,Mandarin,161,1692.1045751633987,1,1690,1
906,Mango green,161,1692.1045751633987,1,1690,1
908,Manila,161,1692.1045751633987,1,1690,1
909,Mantis,161,1692.1045751633987,1,1690,1
910,Maple syrup,161,1692.1045751633987,1,1690,1
912,Margarine,161,1692.1045751633987,1,1690,1
913,Margarita,161,1692.1045751633987,1,1690,1
915,Maroon (Shrimp brown) (Ebicha),161,1692.1045751633987,1,1690,1
916,Maroon (X11),161,1692.1045751633987,1,1690,1
917,Mauve,161,1692.1045751633987,1,1690,1
918,Mauve taupe,161,1692.1045751633987,1,1690,1
919,Mauvelous,161,1692.1045751633987,1,1690,1
921,Maximum blue green,161,1692.1045751633987,1,1690,1
922,Maximum blue purple,161,1692.1045751633987,1,1690,1
923,Maximum green,161,1692.1045751633987,1,1690,1
924,Maximum green yellow,161,1692.1045751633987,1,1690,1
925,Maximum orange,161,1692.1045751633987,1,1690,1
926,Maximum purple,161,1692.1045751633987,1,1690,1
927,Maximum red,161,1692.1045751633987,1,1690,1
928,Maximum red purple,161,1692.1045751633987,1,1690,1
929,Maximum yellow,161,1692.1045751633987,1,1690,1
930,Maximum yellow red,161,1692.1045751633987,1,1690,1
931,May green,161,1692.1045751633987,1,1690,1
932,Maya blue,161,1692.1045751633987,1,1690,1
933,Meat brown,161,1692.1045751633987,1,1690,1
935,Medium aquamarine,161,1692.1045751633987,1,1690,1
936,Medium blue,161,1692.1045751633987,1,1690,1
937,Medium candy apple red,161,1692.1045751633987,1,1690,1
938,Medium carmine,161,1692.1045751633987,1,1690,1
939,Medium champagne,161,1692.1045751633987,1,1690,1
940,Medium crimson (dye) (Nakabeni),161,1692.1045751633987,1,1690,1
941,Medium electric blue,161,1692.1045751633987,1,1690,1
942,Medium jungle green,161,1692.1045751633987,1,1690,1
943,Medium lavender magenta,161,1692.1045751633987,1,1690,1
944,Medium orchid,161,1692.1045751633987,1,1690,1
945,Medium Persian blue,161,1692.1045751633987,1,1690,1
946,Medium purple,161,1692.1045751633987,1,1690,1
947,Medium red-violet,161,1692.1045751633987,1,1690,1
948,Medium ruby,161,1692.1045751633987,1,1690,1
949,Medium sea green,161,1692.1045751633987,1,1690,1
950,Medium sky blue,161,1692.1045751633987,1,1690,1
951,Medium slate blue,161,1692.1045751633987,1,1690,1
952,Medium spring bud,161,1692.1045751633987,1,1690,1
953,Medium spring green,161,1692.1045751633987,1,1690,1
954,Medium turquoise,161,1692.1045751633987,1,1690,1
955,Medium vermilion,161,1692.1045751633987,1,1690,1
956,Medium violet-red,161,1692.1045751633987,1,1690,1
957,Melancholy,161,1692.1045751633987,1,1690,1
958,Mellow apricot,161,1692.1045751633987,1,1690,1
959,Melon,161,1692.1045751633987,1,1690,1
961,Metallic blue,161,1692.1045751633987,1,1690,1
962,Metallic bronze,161,1692.1045751633987,1,1690,1
963,Metallic brown,161,1692.1045751633987,1,1690,1
964,Metallic green,161,1692.1045751633987,1,1690,1
965,Metallic orange,161,1692.1045751633987,1,1690,1
966,Metallic pink,161,1692.1045751633987,1,1690,1
967,Metallic red,161,1692.1045751633987,1,1690,1
968,Metallic Seaweed,161,1692.1045751633987,1,1690,1
969,Metallic Sunburst,161,1692.1045751633987,1,1690,1
970,Metallic violet,161,1692.1045751633987,1,1690,1
971,Metallic yellow,161,1692.1045751633987,1,1690,1
972,Mexican pink,161,1692.1045751633987,1,1690,1
973,Microsoft blue,161,1692.1045751633987,1,1690,1
974,Microsoft Edge blue,161,1692.1045751633987,1,1690,1
975,Microsoft green,161,1692.1045751633987,1,1690,1
976,Microsoft red,161,1692.1045751633987,1,1690,1
977,Microsoft yellow,161,1692.1045751633987,1,1690,1
978,Middle blue,161,1692.1045751633987,1,1690,1
979,Middle blue green,161,1692.1045751633987,1,1690,1
980,Middle blue purple,161,1692.1045751633987,1,1690,1
981,Middle green,161,1692.1045751633987,1,1690,1
982,Middle green yellow,161,1692.1045751633987,1,1690,1
983,Middle grey,161,1692.1045751633987,1,1690,1
984,Middle purple,161,1692.1045751633987,1,1690,1
985,Middle red,161,1692.1045751633987,1,1690,1
986,Middle red purple,161,1692.1045751633987,1,1690,1
987,Middle yellow,161,1692.1045751633987,1,1690,1
988,Middle yellow red,161,1692.1045751633987,1,1690,1
990,Midnight blue,161,1692.1045751633987,1,1690,1
991,Midnight blue,161,1692.1045751633987,1,1690,1
992,Midnight green (eagle green),161,1692.1045751633987,1,1690,1
993,Mikado yellow,161,1692.1045751633987,1,1690,1
995,Milk chocolate,161,1692.1045751633987,1,1690,1
997,Mindaro,161,1692.1045751633987,1,1690,1
998,Ming,161,1692.1045751633987,1,1690,1
999,Minion yellow,161,1692.1045751633987,1,1690,1
1000,Mint,161,1692.1045751633987,1,1690,1
1001,Mint cream,161,1692.1045751633987,1,1690,1
1002,Mint green,161,1692.1045751633987,1,1690,1
1003,Misty moss,161,1692.1045751633987,1,1690,1
1004,Misty rose,161,1692.1045751633987,1,1690,1
1005,Mocha,161,1692.1045751633987,1,1690,1
1007,Moonstone blue,161,1692.1045751633987,1,1690,1
1008,Mordant red 19,161,1692.1045751633987,1,1690,1
1009,Morning blue,161,1692.1045751633987,1,1690,1
1010,Moss color (Koke-iro),161,1692.1045751633987,1,1690,1
1011,Moss green,161,1692.1045751633987,1,1690,1
1012,Mountain Meadow,161,1692.1045751633987,1,1690,1
1013,Mountbatten pink,161,1692.1045751633987,1,1690,1
1014,Mousy indigo (Ainezumi),161,1692.1045751633987,1,1690,1
1015,Mousy wisteria (Fujinezumi),161,1692.1045751633987,1,1690,1
1016,MSU green,161,1692.1045751633987,1,1690,1
1017,Mud,161,1692.1045751633987,1,1690,1
1018,Muddy brown (lit. the brown of a distant river) (Enshūcha),161,1692.1045751633987,1,1690,1
1019,Mughal green,161,1692.1045751633987,1,1690,1
1020,Mulberry,161,1692.1045751633987,1,1690,1
1021,Mulberry (Crayola),161,1692.1045751633987,1,1690,1
1022,Mulberry dye (Kuwazome),161,1692.1045751633987,1,1690,1
1023,Mulberry-dyed (Kuwazome),161,1692.1045751633987,1,1690,1
1025,Mustard brown,161,1692.1045751633987,1,1690,1
1026,Mustard green,161,1692.1045751633987,1,1690,1
1027,Mustard yellow,161,1692.1045751633987,1,1690,1
1028,Myrtle green,161,1692.1045751633987,1,1690,1
1029,Mystic,161,1692.1045751633987,1,1690,1
1030,Mystic maroon,161,1692.1045751633987,1,1690,1
1031,Mystic red,161,1692.1045751633987,1,1690,1
1032,Nadeshiko pink,161,1692.1045751633987,1,1690,1
1033,Napier green,161,1692.1045751633987,1,1690,1
1034,Naples yellow,161,1692.1045751633987,1,1690,1
1035,Navajo white,161,1692.1045751633987,1,1690,1
1036,Navy blue,161,1692.1045751633987,1,1690,1
1037,Navy blue bellflower (Konkikyō),161,1692.1045751633987,1,1690,1
1038,Neon blue,161,1692.1045751633987,1,1690,1
1039,Neon Carrot,161,1692.1045751633987,1,1690,1
1040,Neon Fuchsia,161,1692.1045751633987,1,1690,1
1041,Neon green,161,1692.1045751633987,1,1690,1
1042,New Car,161,1692.1045751633987,1,1690,1
1044,Nickel,161,1692.1045751633987,1,1690,1
1045,Nightingale-brown (greenish brown) (Uguisucha),161,1692.1045751633987,1,1690,1
1047,Non-photo blue,161,1692.1045751633987,1,1690,1
1048,North Texas Green,161,1692.1045751633987,1,1690,1
1049,Nyanza,161,1692.1045751633987,1,1690,1
1050,Ocean Blue,161,1692.1045751633987,1,1690,1
1051,Ocean boat blue,161,1692.1045751633987,1,1690,1
1052,Ocean green,161,1692.1045751633987,1,1690,1
1053,Ochre,161,1692.1045751633987,1,1690,1
1054,Ochre (earthen yellow-red-brown) (Ōtan),161,1692.1045751633987,1,1690,1
1055,Ochre (lit. earthen yellow) (Ōdo-iro),161,1692.1045751633987,1,1690,1
1057,Old bamboo color (Oitake-iro),161,1692.1045751633987,1,1690,1
1058,Old burgundy,161,1692.1045751633987,1,1690,1
1059,Old gold,161,1692.1045751633987,1,1690,1
1060,Old lace,161,1692.1045751633987,1,1690,1
1061,Old lavender,161,1692.1045751633987,1,1690,1
1062,Old mauve,161,1692.1045751633987,1,1690,1
1063,Old moss green,161,1692.1045751633987,1,1690,1
1064,Old rose,161,1692.1045751633987,1,1690,1
1065,Olive Drab #3,161,1692.1045751633987,1,1690,1
1066,Olive Drab #7,161,1692.1045751633987,1,1690,1
1067,Olive green,161,1692.1045751633987,1,1690,1
1068,Olivine,161,1692.1045751633987,1,1690,1
1069,Onando color (Onando-iro),161,1692.1045751633987,1,1690,1
1070,One kin (0.6&nbsp;kg) dye (Ikkonzome),161,1692.1045751633987,1,1690,1
1072,Opal,161,1692.1045751633987,1,1690,1
1073,Opera mauve,161,1692.1045751633987,1,1690,1
1074,Opera Red,161,1692.1045751633987,1,1690,1
1075,Opposite flower color (Masuhana-iro),161,1692.1045751633987,1,1690,1
1076,Orange,161,1692.1045751633987,1,1690,1
1077,Orange (color wheel),161,1692.1045751633987,1,1690,1
1078,Orange (Crayola),161,1692.1045751633987,1,1690,1
1079,Orange (Pantone),161,1692.1045751633987,1,1690,1
1080,Orange (RYB),161,1692.1045751633987,1,1690,1
1081,Orange peel,161,1692.1045751633987,1,1690,1
1082,Orange soda,161,1692.1045751633987,1,1690,1
1083,Orange soda,161,1692.1045751633987,1,1690,1
1084,Orange-red,161,1692.1045751633987,1,1690,1
1085,Orange-red (Crayola),161,1692.1045751633987,1,1690,1
1086,Orange-yellow,161,1692.1045751633987,1,1690,1
1087,Orange-yellow (Crayola),161,1692.1045751633987,1,1690,1
1088,Orchid,161,1692.1045751633987,1,1690,1
1089,Orchid (Crayola),161,1692.1045751633987,1,1690,1
1090,Orchid pink,161,1692.1045751633987,1,1690,1
1091,Orioles orange,161,1692.1045751633987,1,1690,1
1092,OU Crimson red,161,1692.1045751633987,1,1690,1
1094,Outer space (Crayola),161,1692.1045751633987,1,1690,1
1096,Overdyed/refreshed red-brown (Sohi),161,1692.1045751633987,1,1690,1
1097,Oxford blue,161,1692.1045751633987,1,1690,1
1098,Oxley,161,1692.1045751633987,1,1690,1
1099,Pacific blue,161,1692.1045751633987,1,1690,1
1101,Pakistan green,161,1692.1045751633987,1,1690,1
1102,Palatinate blue,161,1692.1045751633987,1,1690,1
1103,Palatinate purple,161,1692.1045751633987,1,1690,1
1104,Pale blue (Usuao),161,1692.1045751633987,1,1690,1
1105,Pale Blue / Pale Turquoise,161,1692.1045751633987,1,1690,1
1106,Pale Brown,161,1692.1045751633987,1,1690,1
1107,Pale cerulean,161,1692.1045751633987,1,1690,1
1108,Pale Chestnut,161,1692.1045751633987,1,1690,1
1109,Pale Cornflower Blue,161,1692.1045751633987,1,1690,1
1110,Pale Cyan,161,1692.1045751633987,1,1690,1
1111,Pale fallen leaves (Aokuchiba),161,1692.1045751633987,1,1690,1
1112,Pale goldenrod,161,1692.1045751633987,1,1690,1
1113,Pale Green,161,1692.1045751633987,1,1690,1
1114,Pale green onion (Mizuasagi),161,1692.1045751633987,1,1690,1
1115,Pale incense (Usukō),161,1692.1045751633987,1,1690,1
1116,Pale lavender,161,1692.1045751633987,1,1690,1
1117,Pale Magenta,161,1692.1045751633987,1,1690,1
1118,Pale Magenta-Pink,161,1692.1045751633987,1,1690,1
1119,Pale oak (Aoshirotsurubami),161,1692.1045751633987,1,1690,1
1120,Pale persimmon (Usugaki),161,1692.1045751633987,1,1690,1
1121,Pale pink,161,1692.1045751633987,1,1690,1
1122,Pale purple (Pantone),161,1692.1045751633987,1,1690,1
1123,Pale red-violet,161,1692.1045751633987,1,1690,1
1124,Pale robin egg blue,161,1692.1045751633987,1,1690,1
1125,Pale silver,161,1692.1045751633987,1,1690,1
1126,Pale spring bud,161,1692.1045751633987,1,1690,1
1127,Pale taupe,161,1692.1045751633987,1,1690,1
1128,Pale Violet,161,1692.1045751633987,1,1690,1
1129,Pale young green onion (Usumoegi),161,1692.1045751633987,1,1690,1
1130,Palm Leaf,161,1692.1045751633987,1,1690,1
1131,Panasonic blue,161,1692.1045751633987,1,1690,1
1132,Pansy purple,161,1692.1045751633987,1,1690,1
1133,Paolo Veronese green,161,1692.1045751633987,1,1690,1
1135,Paradise pink,161,1692.1045751633987,1,1690,1
1136,Parakeet Blue,161,1692.1045751633987,1,1690,1
1137,Parrot Pink,161,1692.1045751633987,1,1690,1
1138,Pastel blue,161,1692.1045751633987,1,1690,1
1139,Pastel brown,161,1692.1045751633987,1,1690,1
1140,Pastel gray,161,1692.1045751633987,1,1690,1
1141,Pastel green,161,1692.1045751633987,1,1690,1
1142,Pastel magenta,161,1692.1045751633987,1,1690,1
1143,Pastel orange,161,1692.1045751633987,1,1690,1
1144,Pastel pink,161,1692.1045751633987,1,1690,1
1145,Pastel purple,161,1692.1045751633987,1,1690,1
1146,Pastel red,161,1692.1045751633987,1,1690,1
1147,Pastel violet,161,1692.1045751633987,1,1690,1
1148,Pastel yellow,161,1692.1045751633987,1,1690,1
1149,Patina (Rokushō),161,1692.1045751633987,1,1690,1
1150,Patriarch,161,1692.1045751633987,1,1690,1
1151,Patrinia flowers (Patrinia scabiosaefolia) (Ominaeshi),161,1692.1045751633987,1,1690,1
1152,Peach,161,1692.1045751633987,1,1690,1
1153,Peach Burst,161,1692.1045751633987,1,1690,1
1154,Peach puff,161,1692.1045751633987,1,1690,1
1155,Peach-colored (Momo-iro),161,1692.1045751633987,1,1690,1
1156,Peach-orange,161,1692.1045751633987,1,1690,1
1157,Peach-yellow,161,1692.1045751633987,1,1690,1
1158,Pear,161,1692.1045751633987,1,1690,1
1159,Pearl,161,1692.1045751633987,1,1690,1
1160,Pearl Aqua,161,1692.1045751633987,1,1690,1
1161,Pearly purple,161,1692.1045751633987,1,1690,1
1162,Penguin White,161,1692.1045751633987,1,1690,1
1163,Peridot,161,1692.1045751633987,1,1690,1
1164,Periwinkle (Crayola),161,1692.1045751633987,1,1690,1
1165,Permanent Geranium Lake,161,1692.1045751633987,1,1690,1
1166,Persian blue,161,1692.1045751633987,1,1690,1
1167,Persian green,161,1692.1045751633987,1,1690,1
1168,Persian indigo,161,1692.1045751633987,1,1690,1
1169,Persian orange,161,1692.1045751633987,1,1690,1
1170,Persian pink,161,1692.1045751633987,1,1690,1
1171,Persian plum,161,1692.1045751633987,1,1690,1
1172,Persian red,161,1692.1045751633987,1,1690,1
1173,Persian rose,161,1692.1045751633987,1,1690,1
1174,Persimmon,161,1692.1045751633987,1,1690,1
1175,Persimmon-juice color (Kakishibu-iro),161,1692.1045751633987,1,1690,1
1176,Peru,161,1692.1045751633987,1,1690,1
1177,Pewter Blue,161,1692.1045751633987,1,1690,1
1178,Philippine blue,161,1692.1045751633987,1,1690,1
1179,Philippine bronze,161,1692.1045751633987,1,1690,1
1180,Philippine brown,161,1692.1045751633987,1,1690,1
1181,Philippine gold,161,1692.1045751633987,1,1690,1
1182,Philippine gray,161,1692.1045751633987,1,1690,1
1183,Philippine green,161,1692.1045751633987,1,1690,1
1184,Philippine orange,161,1692.1045751633987,1,1690,1
1185,Philippine pink,161,1692.1045751633987,1,1690,1
1186,Philippine red,161,1692.1045751633987,1,1690,1
1187,Philippine silver,161,1692.1045751633987,1,1690,1
1188,Philippine violet,161,1692.1045751633987,1,1690,1
1189,Philippine yellow,161,1692.1045751633987,1,1690,1
1190,Phlox,161,1692.1045751633987,1,1690,1
1191,Phthalo blue,161,1692.1045751633987,1,1690,1
1192,Phthalo green,161,1692.1045751633987,1,1690,1
1193,Picton blue,161,1692.1045751633987,1,1690,1
1194,Pictorial carmine,161,1692.1045751633987,1,1690,1
1195,Piggy pink,161,1692.1045751633987,1,1690,1
1196,Pine green,161,1692.1045751633987,1,1690,1
1197,Pine needle color (Matsuba-iro),161,1692.1045751633987,1,1690,1
1198,Pine tree,161,1692.1045751633987,1,1690,1
1199,Pineapple,161,1692.1045751633987,1,1690,1
1200,Pink,161,1692.1045751633987,1,1690,1
1201,Pink (Pantone),161,1692.1045751633987,1,1690,1
1202,Pink flamingo,161,1692.1045751633987,1,1690,1
1203,Pink lace,161,1692.1045751633987,1,1690,1
1204,Pink lavender,161,1692.1045751633987,1,1690,1
1205,Pink pearl,161,1692.1045751633987,1,1690,1
1206,Pink raspberry,161,1692.1045751633987,1,1690,1
1207,Pink Sherbet,161,1692.1045751633987,1,1690,1
1208,Pistachio,161,1692.1045751633987,1,1690,1
1210,Plain mouse (Sunezumi),161,1692.1045751633987,1,1690,1
1212,Plum,161,1692.1045751633987,1,1690,1
1213,Plum purple (Umemurasaki),161,1692.1045751633987,1,1690,1
1214,Plum-blossom mouse (Umenezumi),161,1692.1045751633987,1,1690,1
1215,Plum-dyed (Umezome),161,1692.1045751633987,1,1690,1
1216,Plump Purple,161,1692.1045751633987,1,1690,1
1217,Poker Green,161,1692.1045751633987,1,1690,1
1218,Polished brown (Tonocha),161,1692.1045751633987,1,1690,1
1219,Polished Pine,161,1692.1045751633987,1,1690,1
1220,Pomegranate,161,1692.1045751633987,1,1690,1
1221,Pomelo,161,1692.1045751633987,1,1690,1
1222,Pomelo Olive,161,1692.1045751633987,1,1690,1
1223,Pomelo White,161,1692.1045751633987,1,1690,1
1225,Popstar,161,1692.1045751633987,1,1690,1
1226,Porcupine,161,1692.1045751633987,1,1690,1
1227,Portland Orange,161,1692.1045751633987,1,1690,1
1228,Powder blue,161,1692.1045751633987,1,1690,1
1229,Princess Perfume,161,1692.1045751633987,1,1690,1
1230,Princeton orange,161,1692.1045751633987,1,1690,1
1231,Prussian blue,161,1692.1045751633987,1,1690,1
1232,Prussian blue color (Konjō-iro),161,1692.1045751633987,1,1690,1
1233,Puce,161,1692.1045751633987,1,1690,1
1234,Puce red,161,1692.1045751633987,1,1690,1
1235,Pullman Brown (UPS Brown),161,1692.1045751633987,1,1690,1
1236,Pullman Green,161,1692.1045751633987,1,1690,1
1238,Pure crimson (dye) (Akabeni),161,1692.1045751633987,1,1690,1
1239,Purple,161,1692.1045751633987,1,1690,1
1240,Purple (Munsell),161,1692.1045751633987,1,1690,1
1241,Purple (Murasaki),161,1692.1045751633987,1,1690,1
1242,Purple (X11),161,1692.1045751633987,1,1690,1
1244,Purple kite (Murasakitobi),161,1692.1045751633987,1,1690,1
1245,Purple mountain majesty,161,1692.1045751633987,1,1690,1
1246,Purple navy,161,1692.1045751633987,1,1690,1
1247,Purple pizzazz,161,1692.1045751633987,1,1690,1
1248,Purple Plum,161,1692.1045751633987,1,1690,1
1249,Purple taupe,161,1692.1045751633987,1,1690,1
1250,Purpureus,161,1692.1045751633987,1,1690,1
1251,Quartz,161,1692.1045751633987,1,1690,1
1252,Queen blue,161,1692.1045751633987,1,1690,1
1253,Queen pink,161,1692.1045751633987,1,1690,1
1255,Quinacridone magenta,161,1692.1045751633987,1,1690,1
1256,Quincy,161,1692.1045751633987,1,1690,1
1257,Rabbit-ear iris (Kakitsubata),161,1692.1045751633987,1,1690,1
1258,Radical Red,161,1692.1045751633987,1,1690,1
1259,Raisin black,161,1692.1045751633987,1,1690,1
1260,Rajah,161,1692.1045751633987,1,1690,1
1261,Rambutan,161,1692.1045751633987,1,1690,1
1262,Rambutan Red,161,1692.1045751633987,1,1690,1
1263,Rape-blossom brown (Nanohanacha),161,1692.1045751633987,1,1690,1
1264,Rapeseed oil-colored (Nataneyu-iro),161,1692.1045751633987,1,1690,1
1266,Raspberry pink,161,1692.1045751633987,1,1690,1
1267,Raw Sienna,161,1692.1045751633987,1,1690,1
1268,Raw umber,161,1692.1045751633987,1,1690,1
1269,Razzle dazzle rose,161,1692.1045751633987,1,1690,1
1270,Razzmatazz,161,1692.1045751633987,1,1690,1
1271,Razzmic Berry,161,1692.1045751633987,1,1690,1
1272,Rebecca Purple,161,1692.1045751633987,1,1690,1
1273,Red,161,1692.1045751633987,1,1690,1
1274,Red (Crayola),161,1692.1045751633987,1,1690,1
1275,Red (Munsell),161,1692.1045751633987,1,1690,1
1276,Red (NCS),161,1692.1045751633987,1,1690,1
1277,Red (RYB),161,1692.1045751633987,1,1690,1
1278,Red bean color (Azuki-iro),161,1692.1045751633987,1,1690,1
1279,Red birch (Benikaba),161,1692.1045751633987,1,1690,1
1281,Red devil,161,1692.1045751633987,1,1690,1
1282,Red incense-colored (Akakō-iro),161,1692.1045751633987,1,1690,1
1283,Red kite (bird species) (Benitobi),161,1692.1045751633987,1,1690,1
1284,Red ochre color (Taisha-iro),161,1692.1045751633987,1,1690,1
1285,Red plum colored (Kōbai-iro),161,1692.1045751633987,1,1690,1
1286,Red Salsa,161,1692.1045751633987,1,1690,1
1287,Red wisteria (Benifuji),161,1692.1045751633987,1,1690,1
1288,Red-bronze (lit. red dye and turmeric) (Beniukon),161,1692.1045751633987,1,1690,1
1289,Red-brown (Edo brown) (Edocha),161,1692.1045751633987,1,1690,1
1290,Red-brown (lit. chestnut-plum) (Kiriume),161,1692.1045751633987,1,1690,1
1291,Red-orange (Color wheel),161,1692.1045751633987,1,1690,1
1292,Red-orange (lit. orangutan-colored) (Shōjōhi),161,1692.1045751633987,1,1690,1
1293,Red-purple,161,1692.1045751633987,1,1690,1
1294,Red-violet (Color wheel),161,1692.1045751633987,1,1690,1
1295,Red-violet (Crayola),161,1692.1045751633987,1,1690,1
1296,Redwood,161,1692.1045751633987,1,1690,1
1297,Regalia,161,1692.1045751633987,1,1690,1
1300,Rich black,161,1692.1045751633987,1,1690,1
1301,Rich black (FOGRA29),161,1692.1045751633987,1,1690,1
1302,Rich black (FOGRA39),161,1692.1045751633987,1,1690,1
1303,Rich brilliant lavender,161,1692.1045751633987,1,1690,1
1304,Rich electric blue,161,1692.1045751633987,1,1690,1
1305,Rich gardenia (Kokikuchinashi),161,1692.1045751633987,1,1690,1
1306,Rich lavender,161,1692.1045751633987,1,1690,1
1307,Rich lilac,161,1692.1045751633987,1,1690,1
1308,Rifle green,161,1692.1045751633987,1,1690,1
1309,Rikan brown (Rikancha),161,1692.1045751633987,1,1690,1
1310,Rinsed-out red (Araishu),161,1692.1045751633987,1,1690,1
1311,Ripe mango,161,1692.1045751633987,1,1690,1
1312,Robin egg blue,161,1692.1045751633987,1,1690,1
1313,Rocket metallic,161,1692.1045751633987,1,1690,1
1314,Roman silver,161,1692.1045751633987,1,1690,1
1316,Rose bonbon,161,1692.1045751633987,1,1690,1
1317,Rose Dust,161,1692.1045751633987,1,1690,1
1318,Rose ebony,161,1692.1045751633987,1,1690,1
1319,Rose garnet,161,1692.1045751633987,1,1690,1
1320,Rose gold,161,1692.1045751633987,1,1690,1
1321,Rose pink,161,1692.1045751633987,1,1690,1
1322,Rose quartz pink,161,1692.1045751633987,1,1690,1
1323,Rose red,161,1692.1045751633987,1,1690,1
1324,Rose taupe,161,1692.1045751633987,1,1690,1
1325,Rose vale,161,1692.1045751633987,1,1690,1
1326,Rosewood,161,1692.1045751633987,1,1690,1
1327,Rosso corsa,161,1692.1045751633987,1,1690,1
1328,Rosy brown,161,1692.1045751633987,1,1690,1
1329,Royal azure,161,1692.1045751633987,1,1690,1
1330,Royal blue (dark),161,1692.1045751633987,1,1690,1
1331,Royal blue (light),161,1692.1045751633987,1,1690,1
1332,Royal brown,161,1692.1045751633987,1,1690,1
1333,Royal fuchsia,161,1692.1045751633987,1,1690,1
1334,Royal green,161,1692.1045751633987,1,1690,1
1335,Royal orange,161,1692.1045751633987,1,1690,1
1336,Royal pink,161,1692.1045751633987,1,1690,1
1337,Royal purple,161,1692.1045751633987,1,1690,1
1338,Royal red,161,1692.1045751633987,1,1690,1
1339,Royal red,161,1692.1045751633987,1,1690,1
1340,Ruber,161,1692.1045751633987,1,1690,1
1341,Rubine red,161,1692.1045751633987,1,1690,1
1343,Ruby red,161,1692.1045751633987,1,1690,1
1344,Ruddy,161,1692.1045751633987,1,1690,1
1345,Ruddy brown,161,1692.1045751633987,1,1690,1
1346,Ruddy pink,161,1692.1045751633987,1,1690,1
1347,Rufous,161,1692.1045751633987,1,1690,1
1348,Rum,161,1692.1045751633987,1,1690,1
1349,Russet,161,1692.1045751633987,1,1690,1
1350,Russian green,161,1692.1045751633987,1,1690,1
1351,Russian violet,161,1692.1045751633987,1,1690,1
1352,Rust,161,1692.1045751633987,1,1690,1
1353,Rusted light-blue (Sabiasagi),161,1692.1045751633987,1,1690,1
1354,Rusty celadon (Sabiseiji),161,1692.1045751633987,1,1690,1
1355,Rusty red,161,1692.1045751633987,1,1690,1
1356,Rusty storage (Sabionando),161,1692.1045751633987,1,1690,1
1357,Rusty storeroom (Sabitetsuonando),161,1692.1045751633987,1,1690,1
1358,Sacramento State green,161,1692.1045751633987,1,1690,1
1359,Saddle brown,161,1692.1045751633987,1,1690,1
1360,Safety orange,161,1692.1045751633987,1,1690,1
1361,Safety orange (blaze orange),161,1692.1045751633987,1,1690,1
1362,Safety yellow,161,1692.1045751633987,1,1690,1
1363,Safflower color (Benikakehana-iro),161,1692.1045751633987,1,1690,1
1366,Salmon,161,1692.1045751633987,1,1690,1
1367,Salmon pink,161,1692.1045751633987,1,1690,1
1368,Salmon Rose,161,1692.1045751633987,1,1690,1
1369,Samsung blue,161,1692.1045751633987,1,1690,1
1371,Sandy brown,161,1692.1045751633987,1,1690,1
1372,Sandy Tan,161,1692.1045751633987,1,1690,1
1373,Sangria,161,1692.1045751633987,1,1690,1
1374,Sap green,161,1692.1045751633987,1,1690,1
1375,Sappanwood (Suō),161,1692.1045751633987,1,1690,1
1376,Sappanwood incense (Suōkō),161,1692.1045751633987,1,1690,1
1377,Sapphire,161,1692.1045751633987,1,1690,1
1378,Sasquatch Socks,161,1692.1045751633987,1,1690,1
1379,Satin sheen gold,161,1692.1045751633987,1,1690,1
1380,Sawtooth oak (Akashirotsurubami),161,1692.1045751633987,1,1690,1
1381,Scarlet,161,1692.1045751633987,1,1690,1
1382,Scarlet (blood) (Ake),161,1692.1045751633987,1,1690,1
1384,Scorched brown (Kogecha),161,1692.1045751633987,1,1690,1
1385,Screamin' Green,161,1692.1045751633987,1,1690,1
1386,Sea blue,161,1692.1045751633987,1,1690,1
1387,Sea Foam Green,161,1692.1045751633987,1,1690,1
1388,Sea green,161,1692.1045751633987,1,1690,1
1389,Sea green (Crayola),161,1692.1045751633987,1,1690,1
1390,Sea Serpent,161,1692.1045751633987,1,1690,1
1391,Seal brown,161,1692.1045751633987,1,1690,1
1392,Seashell,161,1692.1045751633987,1,1690,1
1393,Selective yellow,161,1692.1045751633987,1,1690,1
1394,Sen no Rikyu's tea (Rikyūcha),161,1692.1045751633987,1,1690,1
1395,Sepia,161,1692.1045751633987,1,1690,1
1396,Sesame Street Green,161,1692.1045751633987,1,1690,1
1398,Shadow blue,161,1692.1045751633987,1,1690,1
1399,Shampoo,161,1692.1045751633987,1,1690,1
1400,Shamrock green,161,1692.1045751633987,1,1690,1
1401,Shandy,161,1692.1045751633987,1,1690,1
1402,Sheen green,161,1692.1045751633987,1,1690,1
1403,Shimmering Blush,161,1692.1045751633987,1,1690,1
1404,Shiny Shamrock,161,1692.1045751633987,1,1690,1
1405,Shocking pink,161,1692.1045751633987,1,1690,1
1406,Shocking pink (Crayola),161,1692.1045751633987,1,1690,1
1407,Silk crepe brown (Omeshicha),161,1692.1045751633987,1,1690,1
1409,Silver chalice,161,1692.1045751633987,1,1690,1
1410,Silver foil,161,1692.1045751633987,1,1690,1
1411,Silver Lake blue,161,1692.1045751633987,1,1690,1
1412,Silver pink,161,1692.1045751633987,1,1690,1
1413,Silver sand,161,1692.1045751633987,1,1690,1
1414,Silver-grey (Ginnezumi),161,1692.1045751633987,1,1690,1
1415,Simmered seaweed (Mirucha),161,1692.1045751633987,1,1690,1
1416,Sinopia,161,1692.1045751633987,1,1690,1
1417,Siskin sprout yellow (Hiwamoegi),161,1692.1045751633987,1,1690,1
1418,Sizzling Red,161,1692.1045751633987,1,1690,1
1419,Sizzling Sunrise,161,1692.1045751633987,1,1690,1
1420,Skobeloff,161,1692.1045751633987,1,1690,1
1421,Sky blue,161,1692.1045751633987,1,1690,1
1422,Sky blue (Crayola),161,1692.1045751633987,1,1690,1
1423,Sky Blue color (Sora-iro),161,1692.1045751633987,1,1690,1
1424,Sky magenta,161,1692.1045751633987,1,1690,1
1425,Slate blue,161,1692.1045751633987,1,1690,1
1426,Slate gray,161,1692.1045751633987,1,1690,1
1427,Slimy green,161,1692.1045751633987,1,1690,1
1429,Smitten,161,1692.1045751633987,1,1690,1
1430,Smoke,161,1692.1045751633987,1,1690,1
1431,Smokey Topaz,161,1692.1045751633987,1,1690,1
1432,Smoky black,161,1692.1045751633987,1,1690,1
1433,Smoky Topaz,161,1692.1045751633987,1,1690,1
1435,Soap,161,1692.1045751633987,1,1690,1
1436,Soldier Green,161,1692.1045751633987,1,1690,1
1437,Solid pink,161,1692.1045751633987,1,1690,1
1438,Sonic silver,161,1692.1045751633987,1,1690,1
1439,Sooty willow bamboo (Yanagisusutake),161,1692.1045751633987,1,1690,1
1440,Space cadet,161,1692.1045751633987,1,1690,1
1441,Spanish bistre,161,1692.1045751633987,1,1690,1
1442,Spanish blue,161,1692.1045751633987,1,1690,1
1443,Spanish carmine,161,1692.1045751633987,1,1690,1
1444,Spanish crimson,161,1692.1045751633987,1,1690,1
1445,Spanish gray,161,1692.1045751633987,1,1690,1
1446,Spanish green,161,1692.1045751633987,1,1690,1
1447,Spanish orange,161,1692.1045751633987,1,1690,1
1448,Spanish pink,161,1692.1045751633987,1,1690,1
1449,Spanish purple,161,1692.1045751633987,1,1690,1
1450,Spanish red,161,1692.1045751633987,1,1690,1
1451,Spanish violet,161,1692.1045751633987,1,1690,1
1452,Spanish viridian,161,1692.1045751633987,1,1690,1
1453,Spanish yellow,161,1692.1045751633987,1,1690,1
1454,Sparrow-brown (Suzumecha),161,1692.1045751633987,1,1690,1
1455,Spartan Crimson,161,1692.1045751633987,1,1690,1
1456,Spicy mix,161,1692.1045751633987,1,1690,1
1457,Spicy red-brown (Chinese tea brown) (Karacha),161,1692.1045751633987,1,1690,1
1458,Spiro Disco Ball,161,1692.1045751633987,1,1690,1
1460,Spring bud,161,1692.1045751633987,1,1690,1
1461,Spring Frost,161,1692.1045751633987,1,1690,1
1462,Sprint Red,161,1692.1045751633987,1,1690,1
1463,Sprint Yellow,161,1692.1045751633987,1,1690,1
1464,St. Patrick's blue,161,1692.1045751633987,1,1690,1
1465,Stained red (Benimidori),161,1692.1045751633987,1,1690,1
1466,Star command blue,161,1692.1045751633987,1,1690,1
1467,Steamed chestnut color (Mushikuri-iro),161,1692.1045751633987,1,1690,1
1468,Steel blue,161,1692.1045751633987,1,1690,1
1469,Steel pink,161,1692.1045751633987,1,1690,1
1470,Steel Teal,161,1692.1045751633987,1,1690,1
1471,Stone Terrace,161,1692.1045751633987,1,1690,1
1472,Stop red,161,1692.1045751633987,1,1690,1
1473,Storeroom brown (Onandocha),161,1692.1045751633987,1,1690,1
1474,Stormcloud,161,1692.1045751633987,1,1690,1
1475,Straw,161,1692.1045751633987,1,1690,1
1477,Strawberry Daiquiri,161,1692.1045751633987,1,1690,1
1478,Strawberry Jam,161,1692.1045751633987,1,1690,1
1479,Strawberry red,161,1692.1045751633987,1,1690,1
1480,Strong boy pink,161,1692.1045751633987,1,1690,1
1481,Stylish persimmon (Sharegaki),161,1692.1045751633987,1,1690,1
1482,Sugar Plum,161,1692.1045751633987,1,1690,1
1483,Sumac-dyed (Hajizome),161,1692.1045751633987,1,1690,1
1484,Sumac-dyed (Kōrozen),161,1692.1045751633987,1,1690,1
1485,Sunburnt Cyclops,161,1692.1045751633987,1,1690,1
1486,Sunglow,161,1692.1045751633987,1,1690,1
1487,Sunny,161,1692.1045751633987,1,1690,1
1488,Sunray,161,1692.1045751633987,1,1690,1
1489,Sunset Orange,161,1692.1045751633987,1,1690,1
1490,Sunset Yellow,161,1692.1045751633987,1,1690,1
1491,Super pink,161,1692.1045751633987,1,1690,1
1492,Sweet Brown,161,1692.1045751633987,1,1690,1
1493,Sweet Sixteen,161,1692.1045751633987,1,1690,1
1494,Tan,161,1692.1045751633987,1,1690,1
1495,Tan (Crayola),161,1692.1045751633987,1,1690,1
1496,Tangelo,161,1692.1045751633987,1,1690,1
1497,Tangerine,161,1692.1045751633987,1,1690,1
1498,Tangerine yellow,161,1692.1045751633987,1,1690,1
1499,Taobao Orange,161,1692.1045751633987,1,1690,1
1500,Tardis blue,161,1692.1045751633987,1,1690,1
1501,Tart Orange,161,1692.1045751633987,1,1690,1
1502,Tatarian aster color (Shion-iro),161,1692.1045751633987,1,1690,1
1503,Taupe gray,161,1692.1045751633987,1,1690,1
1504,Tea green,161,1692.1045751633987,1,1690,1
1505,Teal,161,1692.1045751633987,1,1690,1
1506,Teal blue,161,1692.1045751633987,1,1690,1
1507,Teal deer,161,1692.1045751633987,1,1690,1
1508,Teal green,161,1692.1045751633987,1,1690,1
1509,Telemagenta,161,1692.1045751633987,1,1690,1
1510,Temptress,161,1692.1045751633987,1,1690,1
1511,Tenné (tawny),161,1692.1045751633987,1,1690,1
1512,Terra cotta,161,1692.1045751633987,1,1690,1
1513,The color of an undried wall (Namakabe-iro),161,1692.1045751633987,1,1690,1
1514,Thin color (Usu-iro),161,1692.1045751633987,1,1690,1
1515,Thistle,161,1692.1045751633987,1,1690,1
1516,Thistle (Crayola),161,1692.1045751633987,1,1690,1
1517,Thousand herb color (Chigusa-iro),161,1692.1045751633987,1,1690,1
1518,Thousand year old brown (Sensaicha),161,1692.1045751633987,1,1690,1
1519,Thousand year old green (Sensaimidori),161,1692.1045751633987,1,1690,1
1520,Thrice-dyed crimson (Jinzamomi),161,1692.1045751633987,1,1690,1
1521,Tickle Me Pink,161,1692.1045751633987,1,1690,1
1522,Tiffany Blue,161,1692.1045751633987,1,1690,1
1523,Tiger's Eye,161,1692.1045751633987,1,1690,1
1524,Timberwolf,161,1692.1045751633987,1,1690,1
1525,Titanium,161,1692.1045751633987,1,1690,1
1526,Titanium yellow,161,1692.1045751633987,1,1690,1
1527,Tomato,161,1692.1045751633987,1,1690,1
1529,Toolbox,161,1692.1045751633987,1,1690,1
1530,Topaz,161,1692.1045751633987,1,1690,1
1532,Tree peony (Bōtan),161,1692.1045751633987,1,1690,1
1533,Trolley grey,161,1692.1045751633987,1,1690,1
1534,Tropical rain forest,161,1692.1045751633987,1,1690,1
1535,Tropical violet,161,1692.1045751633987,1,1690,1
1536,True Blue,161,1692.1045751633987,1,1690,1
1537,True Blue,161,1692.1045751633987,1,1690,1
1538,True red (Shinshu),161,1692.1045751633987,1,1690,1
1539,Tufts blue,161,1692.1045751633987,1,1690,1
1540,Tulip,161,1692.1045751633987,1,1690,1
1541,Tumbleweed,161,1692.1045751633987,1,1690,1
1542,Turkish rose,161,1692.1045751633987,1,1690,1
1543,Turmeric-colored (Ukon-iro),161,1692.1045751633987,1,1690,1
1544,Turquoise,161,1692.1045751633987,1,1690,1
1545,Turquoise blue,161,1692.1045751633987,1,1690,1
1546,Turquoise green,161,1692.1045751633987,1,1690,1
1547,Turquoise Surf,161,1692.1045751633987,1,1690,1
1548,Tuscan red,161,1692.1045751633987,1,1690,1
1549,Tuscany,161,1692.1045751633987,1,1690,1
1550,Twilight lavender,161,1692.1045751633987,1,1690,1
1552,UA blue,161,1692.1045751633987,1,1690,1
1553,UA red,161,1692.1045751633987,1,1690,1
1554,Ube,161,1692.1045751633987,1,1690,1
1555,Ucla Blue,161,1692.1045751633987,1,1690,1
1556,Ucla Gold,161,1692.1045751633987,1,1690,1
1557,UE red,161,1692.1045751633987,1,1690,1
1558,UFO Green,161,1692.1045751633987,1,1690,1
1559,Ultra red,161,1692.1045751633987,1,1690,1
1560,Ultramarine blue,161,1692.1045751633987,1,1690,1
1561,Ultramarine color (Gunjō-iro),161,1692.1045751633987,1,1690,1
1562,Umber,161,1692.1045751633987,1,1690,1
1563,Unbleached silk,161,1692.1045751633987,1,1690,1
1564,Underside of willow leaves (Urahayanagi),161,1692.1045751633987,1,1690,1
1565,United Nations blue,161,1692.1045751633987,1,1690,1
1566,University Of California Gold,161,1692.1045751633987,1,1690,1
1567,University Of Tennessee Orange,161,1692.1045751633987,1,1690,1
1568,UP maroon,161,1692.1045751633987,1,1690,1
1569,Upsdell red,161,1692.1045751633987,1,1690,1
1570,Urobilin,161,1692.1045751633987,1,1690,1
1571,USAFA blue,161,1692.1045751633987,1,1690,1
1572,Utah Crimson,161,1692.1045751633987,1,1690,1
1574,Van Dyke brown,161,1692.1045751633987,1,1690,1
1575,Vanilla ice,161,1692.1045751633987,1,1690,1
1577,Velvet (Birōdo),161,1692.1045751633987,1,1690,1
1579,Verdigris,161,1692.1045751633987,1,1690,1
1580,Verizon Red,161,1692.1045751633987,1,1690,1
1581,Verizon Red (2000-2015),161,1692.1045751633987,1,1690,1
1582,Vermilion,161,1692.1045751633987,1,1690,1
1583,Verse green,161,1692.1045751633987,1,1690,1
1584,Very light azure,161,1692.1045751633987,1,1690,1
1585,Very light blue,161,1692.1045751633987,1,1690,1
1586,Very light malachite green,161,1692.1045751633987,1,1690,1
1587,Very light tangelo,161,1692.1045751633987,1,1690,1
1588,Very pale orange,161,1692.1045751633987,1,1690,1
1589,Very pale yellow,161,1692.1045751633987,1,1690,1
1590,Vine grape (Ebizome),161,1692.1045751633987,1,1690,1
1591,Vine Green,161,1692.1045751633987,1,1690,1
1592,Violet (color wheel),161,1692.1045751633987,1,1690,1
1593,Violet (crayola),161,1692.1045751633987,1,1690,1
1594,Violet (RYB),161,1692.1045751633987,1,1690,1
1595,Violet-blue,161,1692.1045751633987,1,1690,1
1596,Violet-blue (Crayola),161,1692.1045751633987,1,1690,1
1597,Violet-red,161,1692.1045751633987,1,1690,1
1598,Violet-red,161,1692.1045751633987,1,1690,1
1600,Violin Brown,161,1692.1045751633987,1,1690,1
1601,Viridian green,161,1692.1045751633987,1,1690,1
1602,Vista blue,161,1692.1045751633987,1,1690,1
1603,Vivaldi Red,161,1692.1045751633987,1,1690,1
1604,Vivid auburn,161,1692.1045751633987,1,1690,1
1605,Vivid burgundy,161,1692.1045751633987,1,1690,1
1606,Vivid cerise,161,1692.1045751633987,1,1690,1
1607,Vivid cerulean,161,1692.1045751633987,1,1690,1
1608,Vivid crimson,161,1692.1045751633987,1,1690,1
1609,Vivid gamboge,161,1692.1045751633987,1,1690,1
1610,Vivid lime green,161,1692.1045751633987,1,1690,1
1611,Vivid malachite,161,1692.1045751633987,1,1690,1
1612,Vivid mulberry,161,1692.1045751633987,1,1690,1
1613,Vivid orange,161,1692.1045751633987,1,1690,1
1614,Vivid orange peel,161,1692.1045751633987,1,1690,1
1615,Vivid orchid,161,1692.1045751633987,1,1690,1
1616,Vivid raspberry,161,1692.1045751633987,1,1690,1
1617,Vivid red,161,1692.1045751633987,1,1690,1
1618,Vivid red-tangelo,161,1692.1045751633987,1,1690,1
1619,Vivid sky blue,161,1692.1045751633987,1,1690,1
1620,Vivid tangelo,161,1692.1045751633987,1,1690,1
1621,Vivid tangerine,161,1692.1045751633987,1,1690,1
1622,Vivid vermilion,161,1692.1045751633987,1,1690,1
1623,Vivid violet,161,1692.1045751633987,1,1690,1
1624,Vivid yellow,161,1692.1045751633987,1,1690,1
1625,Vodka,161,1692.1045751633987,1,1690,1
1626,Volt,161,1692.1045751633987,1,1690,1
1627,Wageningen Green,161,1692.1045751633987,1,1690,1
1628,Walnut-dyed (Kurumizome),161,1692.1045751633987,1,1690,1
1629,Warm black,161,1692.1045751633987,1,1690,1
1630,Washed-out crimson (dye) (Arazome),161,1692.1045751633987,1,1690,1
1631,Washed-out persimmon (Araigaki),161,1692.1045751633987,1,1690,1
1633,Water persimmon (Mizugaki),161,1692.1045751633987,1,1690,1
1634,Watermelon Yellow,161,1692.1045751633987,1,1690,1
1635,Waterspout,161,1692.1045751633987,1,1690,1
1636,Weathered bamboo (Susutake-iro),161,1692.1045751633987,1,1690,1
1637,Weebly Blue,161,1692.1045751633987,1,1690,1
1638,Weebly Orange,161,1692.1045751633987,1,1690,1
1639,Weldon Blue,161,1692.1045751633987,1,1690,1
1640,Wenge,161,1692.1045751633987,1,1690,1
1641,Wheat,161,1692.1045751633987,1,1690,1
1643,White chocolate,161,1692.1045751633987,1,1690,1
1644,White coffee,161,1692.1045751633987,1,1690,1
1645,White mouse (Shironezumi),161,1692.1045751633987,1,1690,1
1646,White oak (Shirotsurubami),161,1692.1045751633987,1,1690,1
1647,White tea-colored (Shiracha),161,1692.1045751633987,1,1690,1
1648,Whitish green (Byakuroku),161,1692.1045751633987,1,1690,1
1649,Wild blue yonder,161,1692.1045751633987,1,1690,1
1650,Wild orchid,161,1692.1045751633987,1,1690,1
1652,Willow dye (Yanagizome),161,1692.1045751633987,1,1690,1
1653,Willow grey (Yanaginezumi),161,1692.1045751633987,1,1690,1
1654,Willow tea (Yanagicha),161,1692.1045751633987,1,1690,1
1655,Willpower orange,161,1692.1045751633987,1,1690,1
1656,Wilted brown (lit. wilted lawn-clippings) (Shikancha),161,1692.1045751633987,1,1690,1
1657,Windsor tan,161,1692.1045751633987,1,1690,1
1658,Wine red,161,1692.1045751633987,1,1690,1
1659,Winter Sky,161,1692.1045751633987,1,1690,1
1660,Winter Wizard,161,1692.1045751633987,1,1690,1
1661,Wintergreen Dream,161,1692.1045751633987,1,1690,1
1662,Wisteria,161,1692.1045751633987,1,1690,1
1663,Wisteria and burnt-bamboo (Fujisusutake),161,1692.1045751633987,1,1690,1
1664,Wisteria color (Fuji-iro),161,1692.1045751633987,1,1690,1
1665,Wisteria purple (Fujimurasaki),161,1692.1045751633987,1,1690,1
1666,Xanadu,161,1692.1045751633987,1,1690,1
1667,Xbox Green,161,1692.1045751633987,1,1690,1
1668,Xiaomi Orange,161,1692.1045751633987,1,1690,1
1669,Yale Blue,161,1692.1045751633987,1,1690,1
1670,Yankees blue,161,1692.1045751633987,1,1690,1
1671,Yellow,161,1692.1045751633987,1,1690,1
1672,Yellow (Crayola),161,1692.1045751633987,1,1690,1
1673,Yellow (Munsell),161,1692.1045751633987,1,1690,1
1674,Yellow (Pantone),161,1692.1045751633987,1,1690,1
1675,Yellow (RYB),161,1692.1045751633987,1,1690,1
1676,Yellow Orange,161,1692.1045751633987,1,1690,1
1677,Yellow Orange (Color Wheel),161,1692.1045751633987,1,1690,1
1678,Yellow rose,161,1692.1045751633987,1,1690,1
1679,Yellow Sea pine-brown (Kimirucha),161,1692.1045751633987,1,1690,1
1680,Yellow-green,161,1692.1045751633987,1,1690,1
1681,Yellow-green (Color Wheel),161,1692.1045751633987,1,1690,1
1682,Yellow-green (Crayola),161,1692.1045751633987,1,1690,1
1683,YInMn Blue,161,1692.1045751633987,1,1690,1
1684,Young bamboo color (Wakatake-iro),161,1692.1045751633987,1,1690,1
1686,Zaffre,161,1692.1045751633987,1,1690,1
1687,Zinnwaldite,161,1692.1045751633987,1,1690,1
1688,Zinnwaldite brown,161,1692.1045751633987,1,1690,1
