ID,Name,Rank,Rarity_Score,Attributes-Scores,Background-Scores,Eyeballs-Scores,Familiar-Scores,Hair-Scores,Headdress-Scores,Hex-Scores,Makeup-Scores,Mouth-Scores,Necklace-Scores,Signature-Scores,Skintone-Scores,Top-Scores
259,Witch #259,1,582.8426809786436,1,5,5,,5,,429,71,8,42,2,3,5
479,Witch #479,2,520.2077206987022,1,5,4,17,4,5,,429,8,,2,35,4
633,Witch #633,3,419.58340782511834,3,53,42,,5,53,107,107,8,5,23,3,5
369,Witch #369,4,386.7585293595972,1,6,5,,5,,107,214,7,4,25,3,4
466,Witch #466,5,380.8743844948772,3,71,4,,53,4,143,9,5,5,22,3,53
371,Witch #371,6,378.91172091988665,3,5,4,,5,5,214,7,8,35,35,47,4
361,Witch #361,7,366.48747228354677,1,107,4,,4,5,,9,8,4,2,3,214
350,Witch #350,8,360.3445721583653,85,39,39,,61,,,,85,4,35,3,5
574,Witch #574,9,357.95813198727154,3,47,47,17,4,47,,71,71,4,2,3,35
451,Witch #451,10,353.6098837350261,143,5,5,17,5,4,143,8,5,4,2,3,4
650,Witch #650,11,352.09775423808446,143,6,5,13,5,5,143,6,7,5,2,3,5
524,Witch #524,12,351.65022613858787,143,6,4,13,4,4,143,8,8,4,2,3,4
267,Witch #267,13,351.5358020050125,3,53,42,,5,4,143,10,7,71,2,3,4
487,Witch #487,14,336.99971093463995,3,5,4,,4,53,143,10,7,5,2,35,61
380,Witch #380,15,336.8523820794201,1,6,4,,61,4,,214,6,5,22,3,5
423,Witch #423,16,328.33362426336106,3,107,4,17,53,85,,11,7,26,2,3,4
342,Witch #342,17,320.8306234702534,3,53,5,,5,5,214,7,8,5,2,3,4
585,Witch #585,18,318.66623432298644,3,5,39,17,5,4,,9,6,5,2,3,214
625,Witch #625,19,313.69585849064265,1,5,71,,61,53,,7,5,47,2,3,53
332,Witch #332,20,309.00874369832627,3,71,4,15,61,47,,11,7,47,2,3,33
395,Witch #395,21,298.4877738222517,3,5,71,13,5,39,,61,26,4,2,3,61
540,Witch #540,22,296.4787254597663,3,6,5,,5,47,143,8,5,5,23,35,5
431,Witch #431,23,291.46198077322845,3,6,5,,5,4,214,7,26,5,2,3,5
422,Witch #422,24,279.20510999601424,3,5,4,19,5,47,,107,47,26,2,3,5
593,Witch #593,25,275.6757512270225,1,47,4,,61,39,,10,61,4,35,3,5
278,Witch #278,26,274.5297828609977,1,6,42,17,5,47,,,47,26,2,3,71
623,Witch #623,27,273.816830023514,85,5,4,,53,,,,85,5,25,3,4
541,Witch #541,28,273.0084619293529,3,107,4,13,5,53,,7,5,4,2,3,61
469,Witch #469,29,271.652324325426,3,71,4,15,53,4,,10,42,5,2,3,53
295,Witch #295,30,266.6425180991073,3,6,4,19,4,71,,9,107,4,26,3,5
378,Witch #378,31,259.86426592040544,1,5,4,13,5,71,,,61,5,25,3,61
293,Witch #293,32,258.83824593720124,6,5,4,,5,,214,,5,4,2,3,4
615,Witch #615,33,253.6786641898513,1,5,4,,5,4,143,,6,4,2,3,71
365,Witch #365,34,253.13317812880828,1,71,26,,5,53,,71,7,4,2,3,4
402,Witch #402,35,252.33919539453962,3,53,39,17,5,71,,11,5,5,2,30,5
322,Witch #322,36,250.6946896378796,1,71,5,25,71,,,9,7,47,2,3,4
310,Witch #310,37,246.10153283183254,1,5,4,,5,71,,10,61,26,22,30,5
637,Witch #637,38,246.07665178975972,1,5,71,,61,5,,9,6,42,2,3,35
547,Witch #547,39,245.48732722216695,3,5,26,17,53,39,,9,8,71,2,3,4
427,Witch #427,40,243.58139435968798,3,6,39,,4,5,107,7,5,53,2,3,5
618,Witch #618,41,241.88464140828748,3,5,4,25,53,39,,9,85,4,2,3,4
490,Witch #490,42,241.78417025979286,1,5,26,25,5,4,,,107,4,2,3,53
588,Witch #588,43,241.27466487354127,85,6,39,,4,,,61,5,,2,30,5
579,Witch #579,44,237.21033893813495,1,5,5,17,4,4,,,107,4,2,47,35
290,Witch #290,45,236.81990855838293,1,5,47,17,61,,,9,6,47,2,30,5
382,Witch #382,46,229.24106773560575,3,5,5,17,61,4,,107,7,5,2,3,5
292,Witch #292,47,226.15950337864518,3,6,42,19,71,4,,6,7,53,2,3,5
344,Witch #344,48,225.88420205920207,3,5,4,23,71,4,,10,5,35,2,53,5
253,Witch #253,49,225.6469190956844,6,71,47,,5,71,,,7,4,2,3,4
281,Witch #281,50,224.5644933822594,1,53,39,,5,4,,6,7,71,25,3,5
429,Witch #429,51,223.2831861767994,6,39,5,,4,,,11,107,5,2,35,4
621,Witch #621,52,222.99046343788427,3,5,5,19,5,47,,7,8,42,2,3,71
351,Witch #351,53,221.34561989179232,3,6,5,17,5,71,,8,6,4,2,35,53
450,Witch #450,54,220.5848364988583,3,39,4,15,5,71,,7,8,5,2,3,53
305,Witch #305,55,218.92745717843158,1,6,5,23,5,53,,,61,5,2,47,4
419,Witch #419,56,218.71013843688183,1,6,47,,4,47,,9,7,4,2,53,33
317,Witch #317,57,217.66253865276963,1,107,4,,5,4,,6,71,4,2,3,5
549,Witch #549,58,217.16307247603643,3,5,4,,5,4,143,8,6,4,22,3,5
240,Witch #240,59,215.52756363505702,1,71,4,,4,4,,10,71,4,2,3,35
354,Witch #354,60,215.33217562254262,1,39,47,19,5,47,,,6,4,2,35,4
302,Witch #302,61,214.24165278647666,1,6,4,,71,4,,71,6,35,2,3,5
611,Witch #611,62,213.87854322654601,1,47,4,13,5,5,,,71,4,2,3,53
534,Witch #534,63,213.40789683313417,3,5,26,13,5,47,,6,8,4,2,35,53
455,Witch #455,64,212.5555384178287,1,47,4,,71,4,,9,8,5,2,3,53
324,Witch #324,65,212.37303328351504,1,6,47,,53,4,,10,71,5,2,3,4
617,Witch #617,66,212.33692821538213,1,5,5,,4,47,,10,5,71,2,3,53
355,Witch #355,67,211.44446168480204,1,53,5,,53,5,,10,42,4,25,3,4
581,Witch #581,68,210.57864114409793,3,39,4,17,5,71,,6,8,42,2,3,5
494,Witch #494,69,209.7082927132145,1,6,39,,5,39,,9,6,39,26,30,4
607,Witch #607,70,205.14817445922637,1,6,5,,4,53,107,9,5,,2,3,4
445,Witch #445,71,205.03320001569406,3,107,39,13,4,4,,8,7,5,2,3,5
503,Witch #503,72,202.76024066793659,3,5,39,17,71,4,,11,6,4,2,30,5
426,Witch #426,73,202.34642851926105,1,39,4,,5,39,,8,7,4,2,3,85
283,Witch #283,74,201.4675660888834,1,47,4,,71,4,,6,26,26,2,3,4
542,Witch #542,75,201.37378821560833,3,6,4,13,4,4,,11,6,35,2,47,61
470,Witch #470,76,201.26143603142413,3,71,4,23,61,5,,8,7,4,2,3,5
420,Witch #420,77,200.63474825094045,1,53,4,,5,85,,7,5,4,22,3,5
319,Witch #319,78,198.48898102703993,1,5,4,,4,5,,8,71,4,2,3,85
298,Witch #298,79,195.47618013999298,3,5,5,13,5,53,,6,85,4,2,3,5
291,Witch #291,80,194.77966207117225,3,6,5,17,71,4,,6,5,35,2,30,4
386,Witch #386,81,193.19378131204073,3,5,4,17,61,4,,6,8,71,2,3,4
412,Witch #412,82,192.15747317707024,1,5,42,17,5,5,,,8,4,23,3,71
497,Witch #497,83,190.9120801738402,3,5,26,17,4,53,,9,5,5,2,3,53
606,Witch #606,84,190.32567095599697,3,6,39,15,5,4,,6,7,71,22,3,5
586,Witch #586,85,190.3205749974871,6,5,47,,5,,,11,6,35,35,30,4
285,Witch #285,86,190.06829595131046,3,53,5,15,5,53,,8,7,5,22,3,4
506,Witch #506,87,189.45400003912283,1,107,5,,5,4,,7,8,4,35,3,4
318,Witch #318,88,189.3970104333868,85,6,5,,4,,,,42,5,2,30,5
475,Witch #475,89,186.60945248270755,1,5,26,17,4,4,,,47,39,2,30,4
347,Witch #347,90,185.53185469192175,3,5,42,13,5,85,,6,6,4,2,3,5
587,Witch #587,91,185.17701308064682,85,5,5,,5,,,,8,39,26,3,4
544,Witch #544,92,184.34574136166242,3,47,5,23,5,4,,71,6,4,2,3,5
643,Witch #643,93,183.4412446133243,1,71,4,,5,4,,7,71,5,2,3,4
330,Witch #330,94,183.3593258028221,1,6,4,,5,53,,8,26,4,2,35,33
548,Witch #548,95,183.08408218677658,3,6,4,15,5,53,,6,71,4,2,3,4
360,Witch #360,96,182.8931808570623,1,53,5,15,53,4,,,8,5,25,3,4
391,Witch #391,97,181.5854630064711,1,6,5,,5,4,,11,6,26,23,3,85
483,Witch #483,98,178.64851584389638,3,5,47,23,5,5,,6,8,39,25,3,4
485,Witch #485,99,178.62488392634728,3,71,4,17,5,4,,8,47,4,2,3,5
249,Witch #249,100,174.98298020025362,1,39,4,,5,4,,11,61,35,2,3,5
335,Witch #335,101,174.42087213161102,3,5,5,19,5,4,,107,6,5,2,3,4
401,Witch #401,102,173.04785493144624,6,71,5,,5,,,8,6,4,22,35,5
452,Witch #452,103,172.76330357814277,1,71,4,13,5,53,,,6,4,2,3,4
346,Witch #346,104,172.0901596180572,1,5,4,,5,4,,9,6,42,2,3,85
647,Witch #647,105,170.04064509262008,1,5,61,,5,5,,6,8,35,2,3,33
444,Witch #444,106,170.00046822699588,3,107,5,13,4,4,,7,8,4,2,3,4
237,Witch #237,107,169.9005238930763,3,5,61,17,5,47,,7,5,4,2,3,5
312,Witch #312,108,169.56644249624867,6,5,5,,5,,,8,6,5,35,3,85
463,Witch #463,109,168.94452334741646,3,6,5,13,53,5,,9,7,5,2,3,53
631,Witch #631,110,168.3567178709364,1,6,4,,5,85,,7,6,39,2,3,5
242,Witch #242,111,168.28021632223752,1,71,4,,5,4,,9,6,4,2,3,53
525,Witch #525,112,168.20747618545172,1,5,4,,53,5,,8,5,5,2,3,71
287,Witch #287,113,168.02718155142495,1,6,4,,4,47,,9,6,5,23,3,53
537,Witch #537,114,167.94334243952954,1,5,4,,5,53,,71,8,5,2,3,4
390,Witch #390,115,166.26971774971307,3,5,4,25,5,5,,8,8,5,2,30,61
583,Witch #583,116,166.14774148716083,1,5,5,,5,5,,10,71,26,25,3,5
329,Witch #329,117,165.7979271325967,6,53,4,,5,,,71,6,5,2,3,5
582,Witch #582,118,164.85627267071857,1,5,5,17,71,4,,,42,4,2,3,5
345,Witch #345,119,164.6913098069501,1,5,5,,5,4,,8,8,35,23,3,61
553,Witch #553,120,164.59924327960127,3,5,5,13,5,47,,6,61,4,2,3,5
232,Witch #232,121,164.336235058004,6,5,5,,5,,,61,7,4,2,3,61
531,Witch #531,122,163.7263986944014,1,5,47,23,4,,,7,7,4,2,53,4
573,Witch #573,123,163.25215479291197,3,39,4,25,53,4,,10,5,5,2,3,5
527,Witch #527,124,163.12463532331435,3,6,4,13,4,47,,61,6,4,2,3,4
439,Witch #439,125,163.0130200886325,3,5,5,25,5,4,,6,8,26,35,30,5
648,Witch #648,126,161.54687220990138,1,5,39,,5,4,,10,6,26,2,53,4
234,Witch #234,127,161.51955151348338,3,5,4,17,5,4,,6,8,71,26,3,4
568,Witch #568,128,161.3035992474567,1,5,4,,71,4,,7,6,47,2,3,5
508,Witch #508,129,161.0774358461805,1,5,47,,4,71,,8,5,4,2,3,5
418,Witch #418,130,161.0677637002606,1,5,5,,5,4,,7,6,42,23,3,53
465,Witch #465,131,160.83078584293492,3,5,5,23,4,4,,10,85,5,2,3,5
381,Witch #381,132,160.5644521154921,3,5,47,23,4,4,,7,47,4,2,3,5
308,Witch #308,133,160.502997146712,1,5,5,,5,47,,71,7,4,2,3,4
338,Witch #338,134,160.42637987999814,6,71,4,25,5,,,,6,4,26,3,5
241,Witch #241,135,160.17137301856383,1,5,5,13,5,,,9,5,53,2,3,53
258,Witch #258,136,159.72349859375734,1,6,4,15,53,,,6,6,4,2,3,53
270,Witch #270,137,159.63421791901908,1,6,4,17,53,,,11,47,4,2,3,5
554,Witch #554,138,159.6072092254817,1,6,4,,61,5,,8,7,5,2,3,53
518,Witch #518,139,158.36803807278585,1,5,4,,5,39,,10,8,5,2,3,71
255,Witch #255,140,158.15024961372401,1,6,4,17,5,,,61,6,42,2,3,5
414,Witch #414,141,156.72634258635486,3,5,26,15,5,4,,6,5,71,2,3,5
374,Witch #374,142,155.836092388576,1,5,4,25,4,,,71,6,4,22,3,5
377,Witch #377,143,154.82170498241896,1,53,5,25,4,,,8,8,35,2,3,4
498,Witch #498,144,154.79815133316654,3,6,5,19,4,85,,7,6,4,2,3,4
435,Witch #435,145,154.43307894561548,1,6,4,,5,53,,10,6,5,2,3,53
275,Witch #275,146,153.7222463472997,1,5,5,,5,71,,10,6,4,2,3,35
356,Witch #356,147,153.57111199056567,3,6,4,19,4,5,,6,8,35,2,3,53
605,Witch #605,148,153.42110179856797,6,107,5,,5,5,,,5,5,2,3,5
239,Witch #239,149,153.19474947381306,1,5,4,,5,47,,6,42,5,23,3,4
228,Witch #228,150,153.0426814855965,3,5,5,25,5,47,,7,5,35,2,3,4
624,Witch #624,151,152.84009558487978,1,71,5,,5,5,,7,6,4,35,3,5
602,Witch #602,152,152.22673673994797,1,5,61,15,5,,,11,6,5,2,30,4
276,Witch #276,153,151.81654872531402,6,5,4,,61,,,10,47,4,2,3,5
558,Witch #558,154,151.29736414136997,1,53,5,,5,4,,7,8,4,2,3,53
320,Witch #320,155,151.1381614123995,3,5,47,17,5,4,,10,8,4,35,3,4
511,Witch #511,156,150.76456881894748,1,5,5,17,5,4,,,6,42,2,3,53
387,Witch #387,157,150.58112565897503,3,6,5,17,61,4,,7,8,26,2,3,4
226,Witch #226,158,150.34675065416658,3,6,5,17,5,53,,9,5,5,2,30,4
436,Witch #436,159,149.99937879052274,3,5,5,17,4,4,,9,8,35,2,47,4
413,Witch #413,160,149.3295159755561,1,71,4,,4,4,,7,6,4,35,3,4
424,Witch #424,161,148.93588271366775,6,5,4,,53,53,,,8,5,2,3,4
358,Witch #358,162,147.75703643127028,1,5,4,,5,4,,6,8,42,2,3,61
277,Witch #277,163,147.60853464408493,1,6,5,,5,5,,6,6,4,2,30,71
454,Witch #454,164,146.89187717534557,3,6,47,17,5,5,,9,6,5,2,3,33
262,Witch #262,165,145.5003015581821,3,6,71,25,5,5,,6,6,4,2,3,4
264,Witch #264,166,145.36343252368314,1,6,5,,4,47,,7,5,5,2,3,53
561,Witch #561,167,143.6493597887083,6,6,4,25,5,,,,8,5,22,53,4
288,Witch #288,168,142.8374537037824,1,5,5,,5,5,,6,47,5,2,3,53
269,Witch #269,169,142.8161042950918,3,6,39,19,5,4,,6,42,4,2,3,4
634,Witch #634,170,142.70003459720417,6,5,4,,71,,,10,6,4,23,3,5
229,Witch #229,171,141.601472723953,1,6,47,,5,4,,9,7,47,2,3,4
368,Witch #368,172,141.44804873845735,1,53,39,,5,4,,11,8,5,2,3,4
626,Witch #626,173,141.3983322530464,3,5,5,19,5,4,,71,8,5,2,3,5
526,Witch #526,174,141.27040942741374,1,5,39,,5,4,,11,26,4,2,3,35
509,Witch #509,175,140.88117969352467,1,6,47,,4,47,,9,6,5,2,3,5
366,Witch #366,176,140.5429426607058,3,6,5,17,5,71,,9,5,4,2,3,4
610,Witch #610,177,140.18371668001996,1,6,4,,4,4,,7,8,71,22,3,4
334,Witch #334,178,139.89386802030145,1,5,5,17,5,4,,,5,5,2,30,53
260,Witch #260,179,139.4512319606822,3,5,4,17,4,4,,10,7,71,2,3,4
339,Witch #339,180,139.18635376960373,3,6,5,17,5,4,,9,71,4,2,3,4
266,Witch #266,181,138.73543576746118,3,6,5,19,5,5,,6,5,4,2,3,71
594,Witch #594,182,138.47784909705874,3,5,4,15,4,39,,9,8,4,2,35,5
523,Witch #523,183,138.47739454118178,3,6,4,19,5,4,,8,7,47,23,3,4
303,Witch #303,184,138.14863179049365,1,39,5,,5,53,,9,6,5,2,3,4
314,Witch #314,185,137.27488205864736,6,39,4,,5,,,10,6,53,2,3,5
555,Witch #555,186,137.2050055141486,1,5,5,,5,4,,9,8,4,26,3,61
370,Witch #370,187,137.18922379853814,1,5,4,19,5,,,11,6,71,2,3,5
563,Witch #563,188,137.10163470848548,1,5,4,,5,4,,9,6,39,2,3,53
437,Witch #437,189,137.00264628506423,3,5,5,17,4,4,,10,7,35,2,35,4
385,Witch #385,190,136.45612040990764,3,5,26,17,5,4,,8,47,5,2,3,5
562,Witch #562,191,134.94103473507482,1,5,4,,5,5,,9,7,53,2,3,35
367,Witch #367,192,133.74621673976623,1,5,5,,5,53,,7,5,4,2,35,5
459,Witch #459,193,133.71687459151494,1,53,5,,5,4,,6,5,39,2,3,5
551,Witch #551,194,133.27817629273108,6,53,5,,5,,,10,7,5,2,30,5
235,Witch #235,195,132.52774520401059,3,6,4,19,5,4,,9,7,4,2,3,61
636,Witch #636,196,131.82771084529915,1,5,5,,5,4,,6,42,4,2,47,4
473,Witch #473,197,131.11218566631797,1,5,4,15,5,,,9,5,71,2,3,4
421,Witch #421,198,130.9840579827807,1,5,4,,5,5,,8,8,5,2,47,35
248,Witch #248,199,130.88246727841593,3,6,5,19,5,5,,61,8,5,2,3,4
514,Witch #514,200,130.72358933854903,1,5,5,19,4,,,71,5,4,2,3,4
296,Witch #296,201,130.55604403185967,3,5,4,23,4,4,,8,8,35,22,3,5
564,Witch #564,202,128.64701009083083,1,5,4,23,4,5,,,6,4,2,35,33
552,Witch #552,203,128.64333185404817,3,6,5,23,5,4,,9,5,4,2,3,53
468,Witch #468,204,128.6394660260975,3,5,5,17,5,4,,8,6,35,26,3,5
603,Witch #603,205,128.2976986922651,1,5,5,,5,5,,61,6,4,23,3,4
640,Witch #640,206,127.90485453766652,6,6,4,,5,,,9,6,53,25,3,5
447,Witch #447,207,127.18283196696561,3,5,61,13,5,5,,10,7,4,2,3,5
294,Witch #294,208,126.99827157206467,6,6,4,15,71,,,,5,4,2,3,5
271,Witch #271,209,126.62359221154539,1,6,26,,5,53,,7,8,4,2,3,5
279,Witch #279,210,126.31410649018035,1,6,4,13,5,4,,,7,5,2,3,71
641,Witch #641,211,125.95976470931203,3,5,5,15,5,4,,6,8,4,2,3,61
448,Witch #448,212,124.87286936098256,6,5,4,,61,4,,,6,4,22,3,5
323,Witch #323,213,124.62503836650174,6,6,71,,5,,,9,8,5,2,3,4
510,Witch #510,214,123.89649377141552,1,5,26,,5,47,,11,8,4,2,3,5
652,Witch #652,215,123.50126748738444,1,6,39,,5,4,,9,6,39,2,3,4
501,Witch #501,216,123.12167763829314,1,5,4,,5,4,,11,7,39,2,35,5
598,Witch #598,217,122.62919448555192,1,5,4,,53,4,,7,6,5,23,3,5
340,Witch #340,218,122.62432528272953,3,53,4,17,5,4,,10,5,5,2,3,5
383,Witch #383,219,121.89042795884232,6,6,47,,5,,,7,8,4,26,3,4
415,Witch #415,220,121.83422824302134,6,47,26,,5,,,9,8,5,2,3,4
263,Witch #263,221,121.66651882459264,6,5,5,,5,,,9,5,5,2,3,71
392,Witch #392,222,121.40131725457522,1,5,4,,5,71,,7,8,4,2,3,4
546,Witch #546,223,121.2729807870953,1,5,5,,5,4,,7,8,4,2,3,71
300,Witch #300,224,121.09207216040836,3,6,4,17,5,4,,7,8,4,2,3,53
299,Witch #299,225,120.93970033625807,3,5,4,17,5,4,,6,7,4,2,53,4
404,Witch #404,226,120.67374699690048,3,5,4,17,5,53,,6,6,5,2,3,4
280,Witch #280,227,120.64964491425002,1,6,71,,5,5,,8,5,4,2,3,5
325,Witch #325,228,120.11925005307431,1,5,5,,5,5,,71,8,4,2,3,5
247,Witch #247,229,119.98330528606749,3,5,26,19,4,5,,10,6,5,23,3,5
492,Witch #492,230,119.89531035826353,1,6,5,17,5,,,7,8,5,2,53,4
499,Witch #499,231,119.7626731940029,1,71,4,,5,4,,9,5,4,2,3,5
570,Witch #570,232,119.65844805043267,1,71,4,,5,4,,8,6,5,2,3,5
363,Witch #363,233,119.18872648038794,3,5,4,17,4,53,,8,6,4,2,3,4
575,Witch #575,234,118.92885937833437,1,5,5,,5,4,,6,6,5,2,3,71
441,Witch #441,235,118.86710670023682,1,6,61,17,5,4,,,6,5,2,3,4
519,Witch #519,236,118.39422232262656,3,5,5,17,5,4,,11,5,47,2,3,5
236,Witch #236,237,118.0366482973653,1,5,5,,5,39,,9,7,5,2,30,5
550,Witch #550,238,117.30694672583273,1,6,39,,5,4,,9,6,5,2,3,33
476,Witch #476,239,117.22648906024838,1,5,4,,5,4,,8,71,4,2,3,4
333,Witch #333,240,116.24543338961173,1,6,4,,5,4,,6,71,4,2,3,4
597,Witch #597,241,115.73935472912206,1,5,61,,5,5,,10,8,5,2,3,4
272,Witch #272,242,114.80368755117723,3,5,4,17,5,47,,6,6,5,2,3,5
398,Witch #398,243,114.04185431053546,3,5,47,17,5,4,,9,5,4,2,3,4
353,Witch #353,244,114.02978103573196,1,6,5,,5,4,,7,8,35,2,30,4
488,Witch #488,245,113.64219410214503,3,47,4,17,4,4,,8,6,4,2,3,5
407,Witch #407,246,113.58125016203078,6,5,4,,5,47,,,6,4,22,3,5
535,Witch #535,247,113.51681527628018,3,5,4,15,5,4,,9,6,47,2,3,4
268,Witch #268,248,112.72510567148207,6,6,4,23,4,,,,7,4,2,47,4
225,Witch #225,249,111.66703918138415,1,5,5,,5,4,,9,6,5,2,30,33
609,Witch #609,250,111.26528277170434,1,5,61,,5,5,,7,7,5,2,3,4
440,Witch #440,251,110.98350210726743,6,6,39,,5,,,9,5,26,2,3,5
482,Witch #482,252,110.92995204946361,1,5,4,,5,4,,11,6,4,25,35,5
315,Witch #315,253,110.51028707657429,3,5,39,17,5,4,,9,8,5,2,3,5
282,Witch #282,254,109.95323269787579,1,5,4,,5,5,,6,6,5,26,35,5
430,Witch #430,255,109.9386740110371,1,5,5,13,4,,,8,5,53,2,3,5
513,Witch #513,256,109.71461212377274,1,5,5,,4,4,,11,8,5,25,30,5
373,Witch #373,257,109.49125069540493,3,6,5,15,5,4,,9,42,5,2,3,5
254,Witch #254,258,109.02557003398996,1,5,4,,5,5,,9,6,35,25,3,5
250,Witch #250,259,108.79321686199457,1,5,5,,5,4,,6,61,5,2,3,5
343,Witch #343,260,108.41448100865937,1,6,4,,5,4,,6,7,4,2,3,61
571,Witch #571,261,108.34501483977503,3,5,5,23,5,4,,6,6,35,2,3,5
622,Witch #622,262,108.20926066584374,6,5,5,,4,,,7,6,4,26,35,4
474,Witch #474,263,107.99994044918938,3,5,5,15,4,5,,9,42,4,2,3,5
576,Witch #576,264,107.56360264349809,3,6,39,17,4,4,,9,7,5,2,3,5
649,Witch #649,265,107.17469072877029,6,5,26,,5,,,6,8,5,2,3,35
557,Witch #557,266,106.69567620371268,1,6,5,,4,4,,10,8,5,2,3,53
375,Witch #375,267,106.28796998049172,1,5,5,23,4,4,,11,7,,2,3,35
595,Witch #595,268,106.11842531681614,3,5,42,13,5,5,,8,5,4,2,3,4
572,Witch #572,269,106.06988902049645,3,5,5,17,5,4,,9,6,4,2,35,4
639,Witch #639,270,105.92991004819876,1,6,4,,4,4,,11,6,5,2,3,53
512,Witch #512,271,105.72629592119112,1,5,4,,5,5,,10,6,4,25,30,5
496,Witch #496,272,105.64892729982044,6,5,5,,5,4,,,5,4,2,3,61
592,Witch #592,273,104.64738877708675,1,5,5,23,5,39,,,6,5,2,3,5
449,Witch #449,274,104.51453888552936,1,5,4,,5,4,,9,8,4,2,3,53
516,Witch #516,275,104.42546552616626,3,5,5,17,4,4,,7,8,5,2,35,4
238,Witch #238,276,104.23814894410202,6,5,4,,4,,,8,6,5,2,53,5
612,Witch #612,277,104.10851023786256,3,5,4,15,4,39,,9,6,4,2,3,4
458,Witch #458,278,103.77928127184559,1,5,4,,5,4,,9,6,4,23,3,33
261,Witch #261,279,103.36599664539719,1,5,4,,5,4,,8,7,53,2,3,4
559,Witch #559,280,103.14158309072768,3,6,4,25,5,4,,11,26,4,2,3,4
532,Witch #532,281,102.76487662186123,1,6,4,,5,53,,8,6,4,2,3,4
252,Witch #252,282,101.97677659138012,3,5,4,25,5,4,,9,6,5,22,3,5
432,Witch #432,283,101.26084961647213,1,5,5,,4,5,,7,8,26,26,3,4
486,Witch #486,284,101.10818807047886,3,6,4,17,4,4,,7,8,5,2,3,33
246,Witch #246,285,100.91755271274639,1,6,4,,4,4,,6,6,5,2,3,53
362,Witch #362,286,100.83286600221903,1,6,5,23,5,,,8,5,4,2,30,5
442,Witch #442,287,100.54119944479433,1,5,42,17,5,4,,,6,4,2,3,4
491,Witch #491,288,100.46914658049411,3,5,4,25,5,5,,7,6,26,2,3,4
408,Witch #408,289,100.33342426338838,1,6,5,,4,53,,6,6,4,2,3,4
396,Witch #396,290,100.1297780946478,3,5,4,15,5,5,,6,5,5,2,3,35
245,Witch #245,291,99.68892142815888,1,5,39,13,5,,,11,6,5,2,3,4
446,Witch #446,292,98.87980583889197,1,5,4,,5,4,,6,26,5,2,30,5
608,Witch #608,293,98.31583287041839,3,5,26,19,5,4,,9,6,5,2,3,5
577,Witch #577,294,98.17820551487718,1,5,5,,5,4,,9,8,26,22,3,5
601,Witch #601,295,98.06428575787483,1,5,5,,5,47,,9,6,4,2,3,5
397,Witch #397,296,98.04125538805862,1,5,5,,5,47,,11,5,4,2,3,4
327,Witch #327,297,97.91344793851226,1,6,4,,5,4,,10,26,5,23,3,4
230,Witch #230,298,97.73601397595765,1,5,4,,5,47,,8,7,4,2,3,5
416,Witch #416,299,97.32539525903618,1,5,4,17,5,,,6,8,35,2,3,4
456,Witch #456,300,97.20853455314784,6,47,4,,5,,,9,5,5,2,3,5
328,Witch #328,301,95.91463366333814,3,5,5,19,5,4,,7,5,5,25,3,4
619,Witch #619,302,95.87330208265658,1,6,5,,5,47,,6,5,4,2,3,5
630,Witch #630,303,95.43471707813943,1,5,5,,5,47,,6,6,5,2,3,5
632,Witch #632,304,94.94749625824036,6,5,5,,5,,,9,8,42,2,3,5
273,Witch #273,305,94.81168952654323,1,6,47,,5,4,,7,5,4,2,3,4
457,Witch #457,306,94.7767934312435,1,5,4,,4,4,,7,7,4,2,47,4
500,Witch #500,307,93.55680506026174,3,5,26,17,5,4,,7,6,4,2,3,5
646,Witch #646,308,92.39558372472327,6,6,42,,4,,,9,5,5,2,3,4
309,Witch #309,309,91.70653188546798,1,5,42,,5,5,,8,6,5,2,3,4
520,Witch #520,310,91.52988356433076,1,5,4,17,5,,,6,6,4,2,3,33
642,Witch #642,311,91.15525123926466,3,5,4,13,4,5,,10,6,4,25,3,4
584,Witch #584,312,90.54636344042915,3,5,4,13,5,4,,8,8,5,22,3,4
464,Witch #464,313,90.10163496012034,1,39,5,,5,4,,9,7,5,2,3,4
336,Witch #336,314,90.01237582276443,1,5,4,17,4,5,,,6,5,2,30,5
521,Witch #521,315,89.57377670966686,1,5,4,,5,5,,10,5,5,35,3,5
613,Witch #613,316,89.31843509398104,1,5,5,,5,4,,9,6,39,2,3,5
433,Witch #433,317,89.03316771027002,3,5,5,13,5,4,,6,5,4,26,3,4
462,Witch #462,318,88.59381470265005,1,6,5,17,5,5,,,8,5,23,3,4
522,Witch #522,319,88.52499776869803,1,6,4,15,4,4,,,7,5,2,30,4
359,Witch #359,320,88.4267712506139,1,5,5,,4,5,,9,8,4,2,35,4
567,Witch #567,321,88.0984664439436,1,6,39,,5,5,,6,6,5,2,3,4
274,Witch #274,322,88.02763604147866,6,5,39,,4,,,10,5,4,2,3,5
533,Witch #533,323,87.96755636431641,6,6,5,,4,5,,,42,5,2,3,4
399,Witch #399,324,87.7968589226527,3,5,4,13,5,4,,9,26,5,2,3,4
644,Witch #644,325,87.46592647215658,1,5,5,17,4,,,7,6,26,2,3,5
590,Witch #590,326,87.43731036756684,6,6,5,,5,,,7,8,35,2,3,4
341,Witch #341,327,87.18702066999577,1,5,5,,4,4,,9,6,5,2,35,4
502,Witch #502,328,85.9791954962722,6,5,4,,5,4,,,8,39,2,3,5
578,Witch #578,329,85.55113134468323,1,6,4,,4,4,,9,7,4,2,35,4
591,Witch #591,330,85.12009935591348,6,5,4,,5,,,7,8,35,2,3,4
265,Witch #265,331,84.63182222798375,6,6,5,,5,4,,,6,4,35,3,5
481,Witch #481,332,84.43817826362606,1,5,4,,5,5,,8,6,35,2,3,5
528,Witch #528,333,84.37280698223367,1,6,5,,4,5,,6,6,4,2,35,4
504,Witch #504,334,84.12506660698027,1,5,5,,4,4,,9,8,5,2,30,5
489,Witch #489,335,84.01497295713713,6,5,5,,5,5,,,8,4,2,3,35
560,Witch #560,336,83.88396147949497,1,5,4,,5,5,,6,6,4,2,35,5
289,Witch #289,337,83.57733649222453,6,6,4,,5,5,,9,6,,2,3,33
321,Witch #321,338,83.43962077841387,6,6,5,,5,,,9,5,4,2,3,33
556,Witch #556,339,82.7100105330292,3,5,5,25,5,4,,7,8,5,2,3,5
256,Witch #256,340,82.53464177685593,6,6,5,,5,4,,,6,35,2,3,4
364,Witch #364,341,81.6122107571267,3,5,4,23,5,4,,10,6,5,2,3,4
393,Witch #393,342,81.56835364057352,1,5,5,,5,4,,9,8,5,26,3,4
599,Witch #599,343,81.44134315428661,3,5,5,25,5,5,,9,5,4,2,3,4
331,Witch #331,344,80.8122574623218,1,6,4,,5,4,,9,7,5,26,3,4
403,Witch #403,345,79.97573795641983,1,5,5,,5,5,,6,5,5,2,30,4
443,Witch #443,346,79.02893776995681,6,6,4,,5,,,9,6,4,26,3,5
596,Witch #596,347,78.31336523132998,3,6,4,17,5,5,,11,8,4,2,3,5
409,Witch #409,348,78.238467592485,1,6,5,,5,5,,11,26,4,2,3,5
231,Witch #231,349,78.02632620169318,1,6,26,,5,4,,10,6,4,2,3,5
389,Witch #389,350,77.78872441987046,6,6,4,,5,,,9,5,5,25,3,4
428,Witch #428,351,77.7390118482867,1,6,4,,5,4,,11,7,5,22,3,4
243,Witch #243,352,77.35402718816898,6,6,5,,5,,,6,6,4,26,3,5
517,Witch #517,353,77.33345921607238,1,5,4,,4,4,,9,8,5,23,3,4
505,Witch #505,354,76.84538511578998,3,6,4,19,5,4,,8,8,5,2,3,4
311,Witch #311,355,76.74410361880605,1,5,4,,4,4,,10,6,26,2,3,5
507,Witch #507,356,76.59213074057155,1,6,4,,5,4,,11,5,4,22,3,4
410,Witch #410,357,76.46369673531792,1,5,5,,5,5,,9,26,4,2,3,5
326,Witch #326,358,76.46008249171477,1,5,5,23,5,,,10,7,5,2,3,4
629,Witch #629,359,76.39479358987472,1,6,5,,5,4,,9,26,4,2,3,4
480,Witch #480,360,76.08351659313199,3,6,5,17,5,4,,8,8,4,2,3,5
316,Witch #316,361,76.02529524044644,3,5,5,17,5,4,,9,8,5,2,3,4
614,Witch #614,362,75.9688485621233,3,5,5,19,5,4,,7,8,4,2,3,5
543,Witch #543,363,75.54939295202963,3,5,5,17,5,4,,9,8,4,2,3,5
301,Witch #301,364,75.29976589441497,3,6,5,17,4,4,,11,5,4,2,3,5
434,Witch #434,365,74.88147526164842,1,5,5,,5,4,,8,26,5,2,3,4
493,Witch #493,366,74.8746771297976,3,6,5,15,5,5,,9,6,5,2,3,5
604,Witch #604,367,74.77992968420442,3,5,4,17,5,4,,9,8,5,2,3,5
376,Witch #376,368,74.36137116965182,1,5,5,,5,4,,7,26,4,2,3,5
394,Witch #394,369,73.48060190543805,6,6,5,,5,4,,,6,4,25,3,5
460,Witch #460,370,73.42458831874255,3,5,4,17,5,4,,9,7,5,2,3,4
467,Witch #467,371,72.91250495890745,6,5,5,,5,5,,,7,4,23,3,5
515,Witch #515,372,72.63005544673949,1,5,5,,5,4,,6,26,5,2,3,4
417,Witch #417,373,72.13862511574786,3,6,4,15,5,4,,6,8,5,2,3,4
495,Witch #495,374,71.36187485774103,3,5,5,17,5,4,,6,6,4,2,3,5
589,Witch #589,375,71.18048331489096,3,6,4,15,4,5,,8,6,5,2,3,4
472,Witch #472,376,70.96882587088065,6,5,4,,5,4,,,26,5,2,3,5
616,Witch #616,377,70.87538901208033,3,5,4,17,4,5,,6,7,4,2,3,5
251,Witch #251,378,70.60019470830794,3,6,5,13,4,4,,11,5,4,2,3,4
284,Witch #284,379,70.17609596817267,3,6,4,15,5,4,,8,5,4,2,3,4
651,Witch #651,380,69.53940791243551,3,5,4,15,5,5,,6,7,5,2,3,4
297,Witch #297,381,69.4538290228634,1,6,4,19,5,,,10,5,4,2,3,4
286,Witch #286,382,69.29068951689838,3,5,5,13,5,5,,6,8,5,2,3,4
307,Witch #307,383,68.9700607186929,3,5,4,17,4,4,,7,5,5,2,3,4
411,Witch #411,384,68.30921467710424,3,6,4,13,4,4,,10,5,5,2,3,4
349,Witch #349,385,67.94041668088134,3,6,5,13,4,5,,7,6,4,2,3,5
453,Witch #453,386,65.34992857375674,1,5,5,13,5,,,9,7,5,2,3,4
357,Witch #357,387,63.47539912122636,1,5,4,17,4,4,,,8,5,2,3,5
638,Witch #638,388,63.39887889970492,1,5,4,17,5,4,,,7,4,2,3,5
425,Witch #425,389,61.170415166938454,1,5,5,15,5,4,,,5,5,2,3,4
438,Witch #438,390,60.11461530693326,6,6,4,15,5,,,,5,4,2,3,4
477,Witch #477,391,59.83660790656757,1,5,4,13,5,5,,,7,4,2,3,5
471,Witch #471,392,58.935224215048066,1,6,5,,5,4,,10,8,4,2,3,5
545,Witch #545,393,58.905905008931164,1,6,5,,5,5,,8,8,5,2,3,4
384,Witch #384,394,57.71930162200323,1,6,5,,5,5,,9,7,4,2,3,4
565,Witch #565,395,57.68217206496208,1,6,4,,4,5,,9,8,5,2,3,5
304,Witch #304,396,57.58312746690439,1,6,4,,5,5,,11,7,4,2,3,4
538,Witch #538,397,57.54037235438975,1,5,5,,5,4,,11,6,5,2,3,5
635,Witch #635,398,57.21568158255425,1,5,4,,5,5,,9,8,4,2,3,5
529,Witch #529,399,57.1327937672162,6,5,4,,5,,,9,8,4,2,3,5
628,Witch #628,400,56.92405212443864,1,5,4,,5,5,,11,6,4,2,3,4
484,Witch #484,401,56.8860222037465,1,5,4,,5,5,,11,6,4,2,3,4
406,Witch #406,402,56.63481473955158,6,6,4,,5,,,11,6,4,2,3,4
620,Witch #620,403,56.59319581188798,6,5,4,,5,,,11,5,5,2,3,4
536,Witch #536,404,56.54730703027178,6,5,4,,5,,,11,7,4,2,3,4
580,Witch #580,405,55.860168824059905,6,6,4,,5,4,,11,5,,2,3,4
233,Witch #233,406,55.8198768211026,1,5,5,,5,4,,8,7,5,2,3,5
653,Witch #653,407,55.5359534892619,6,6,4,,5,,,7,8,5,2,3,4
645,Witch #645,408,55.33378626360421,6,5,4,,5,,,10,6,5,2,3,4
530,Witch #530,409,55.274625349946945,1,5,5,,5,4,,7,8,4,2,3,5
539,Witch #539,410,54.734506078634624,1,5,5,,5,4,,7,6,5,2,3,4
372,Witch #372,411,54.73151848781083,6,5,5,,4,,,9,5,5,2,3,4
348,Witch #348,412,54.36995767649709,1,6,4,,5,4,,8,5,5,2,3,5
244,Witch #244,413,54.34219339295638,1,5,5,,5,5,,6,6,5,2,3,5
405,Witch #405,414,54.298683832300796,1,6,4,,5,4,,9,5,4,2,3,4
313,Witch #313,415,54.29772860532065,1,5,4,,5,4,,8,6,5,2,3,5
337,Witch #337,416,54.2483050205249,1,6,4,,5,5,,8,6,4,2,3,5
257,Witch #257,417,54.220121372264465,1,5,4,,5,5,,6,8,4,2,3,4
627,Witch #627,418,53.516537620254624,1,5,4,,5,4,,7,6,5,2,3,4
569,Witch #569,419,53.32455513614431,6,5,4,,4,,,9,6,4,2,3,4
400,Witch #400,420,52.919314737925816,1,5,4,,5,4,,8,6,4,2,3,4
352,Witch #352,421,52.75102023302009,1,5,4,,4,4,,7,8,4,2,3,4
388,Witch #388,422,52.64298576672696,1,6,4,,5,4,,6,8,4,2,3,4
379,Witch #379,423,52.49352744283197,1,5,5,,5,5,,6,5,5,2,3,4
461,Witch #461,424,52.12116543951334,6,6,4,,5,4,,,8,4,2,3,5
566,Witch #566,425,52.081561207848424,6,6,4,,5,4,,,8,5,2,3,4
478,Witch #478,426,51.37052201593503,1,6,4,,5,4,,6,6,4,2,3,4
600,Witch #600,427,50.82389943170422,6,6,4,,5,4,,,6,4,2,3,5
227,Witch #227,428,50.76898316126881,1,5,4,,5,4,,6,6,4,2,3,4
306,Witch #306,429,48.61196587755281,6,6,4,,4,4,,,6,4,2,3,5
